path,source,n_objects,D00,D10,D20,D40,labels,primary,split,cluster_id
C:\Users\ASUS\Desktop\SLIIT\Year 4\Semester 2\Deep Learning\Assignment\SE4050-Deep-Learning-Assignment\data\train\Czech\images\Czech_000006.jpg,Czech,1,1,0,0,0,['D00'],D00,val,82
C:\Users\ASUS\Desktop\SLIIT\Year 4\Semester 2\Deep Learning\Assignment\SE4050-Deep-Learning-Assignment\data\train\Czech\images\Czech_000010.jpg,Czech,2,0,1,0,1,"['D10', 'D40']",D10,train,83
C:\Users\ASUS\Desktop\SLIIT\Year 4\Semester 2\Deep Learning\Assignment\SE4050-Deep-Learning-Assignment\data\train\Czech\images\Czech_000020.jpg,Czech,2,0,1,0,0,['D10'],D10,test,84
C:\Users\ASUS\Desktop\SLIIT\Year 4\Semester 2\Deep Learning\Assignment\SE4050-Deep-Learning-Assignment\data\train\Czech\images\Czech_000021.jpg,Czech,1,0,1,0,0,['D10'],D10,train,85
C:\Users\ASUS\Desktop\SLIIT\Year 4\Semester 2\Deep Learning\Assignment\SE4050-Deep-Learning-Assignment\data\train\Czech\images\Czech_000022.jpg,Czech,1,1,0,0,0,['D00'],D00,train,86
C:\Users\ASUS\Desktop\SLIIT\Year 4\Semester 2\Deep Learning\Assignment\SE4050-Deep-Learning-Assignment\data\train\Czech\images\Czech_000031.jpg,Czech,3,1,0,1,0,"['D00', 'D20']",D00,train,87
C:\Users\ASUS\Desktop\SLIIT\Year 4\Semester 2\Deep Learning\Assignment\SE4050-Deep-Learning-Assignment\data\train\Czech\images\Czech_000037.jpg,Czech,2,0,1,0,1,"['D10', 'D40']",D10,train,88
C:\Users\ASUS\Desktop\SLIIT\Year 4\Semester 2\Deep Learning\Assignment\SE4050-Deep-Learning-Assignment\data\train\Czech\images\Czech_000041.jpg,Czech,1,0,0,1,0,['D20'],D20,train,89
C:\Users\ASUS\Desktop\SLIIT\Year 4\Semester 2\Deep Learning\Assignment\SE4050-Deep-Learning-Assignment\data\train\Czech\images\Czech_000047.jpg,Czech,1,1,0,0,0,['D00'],D00,val,90
C:\Users\ASUS\Desktop\SLIIT\Year 4\Semester 2\Deep Learning\Assignment\SE4050-Deep-Learning-Assignment\data\train\Czech\images\Czech_000054.jpg,Czech,1,1,0,0,0,['D00'],D00,train,91
C:\Users\ASUS\Desktop\SLIIT\Year 4\Semester 2\Deep Learning\Assignment\SE4050-Deep-Learning-Assignment\data\train\Czech\images\Czech_000055.jpg,Czech,2,1,1,0,0,"['D00', 'D10']",D00,train,92
C:\Users\ASUS\Desktop\SLIIT\Year 4\Semester 2\Deep Learning\Assignment\SE4050-Deep-Learning-Assignment\data\train\Czech\images\Czech_000061.jpg,Czech,1,1,0,0,0,['D00'],D00,train,93
C:\Users\ASUS\Desktop\SLIIT\Year 4\Semester 2\Deep Learning\Assignment\SE4050-Deep-Learning-Assignment\data\train\Czech\images\Czech_000062.jpg,Czech,2,1,0,0,0,['D00'],D00,train,94
C:\Users\ASUS\Desktop\SLIIT\Year 4\Semester 2\Deep Learning\Assignment\SE4050-Deep-Learning-Assignment\data\train\Czech\images\Czech_000064.jpg,Czech,1,0,0,0,1,['D40'],D40,train,95
C:\Users\ASUS\Desktop\SLIIT\Year 4\Semester 2\Deep Learning\Assignment\SE4050-Deep-Learning-Assignment\data\train\Czech\images\Czech_000067.jpg,Czech,1,1,0,0,0,['D00'],D00,train,96
C:\Users\ASUS\Desktop\SLIIT\Year 4\Semester 2\Deep Learning\Assignment\SE4050-Deep-Learning-Assignment\data\train\Czech\images\Czech_000070.jpg,Czech,3,1,1,0,0,"['D00', 'D10']",D00,train,97
C:\Users\ASUS\Desktop\SLIIT\Year 4\Semester 2\Deep Learning\Assignment\SE4050-Deep-Learning-Assignment\data\train\Czech\images\Czech_000081.jpg,Czech,1,0,1,0,0,['D10'],D10,train,98
C:\Users\ASUS\Desktop\SLIIT\Year 4\Semester 2\Deep Learning\Assignment\SE4050-Deep-Learning-Assignment\data\train\Czech\images\Czech_000083.jpg,Czech,2,0,0,0,1,['D40'],D40,test,99
C:\Users\ASUS\Desktop\SLIIT\Year 4\Semester 2\Deep Learning\Assignment\SE4050-Deep-Learning-Assignment\data\train\Czech\images\Czech_000085.jpg,Czech,1,0,1,0,0,['D10'],D10,test,100
C:\Users\ASUS\Desktop\SLIIT\Year 4\Semester 2\Deep Learning\Assignment\SE4050-Deep-Learning-Assignment\data\train\Czech\images\Czech_000086.jpg,Czech,2,0,0,1,1,"['D20', 'D40']",D20,train,101
C:\Users\ASUS\Desktop\SLIIT\Year 4\Semester 2\Deep Learning\Assignment\SE4050-Deep-Learning-Assignment\data\train\Czech\images\Czech_000092.jpg,Czech,3,0,1,1,0,"['D10', 'D20']",D10,train,102
C:\Users\ASUS\Desktop\SLIIT\Year 4\Semester 2\Deep Learning\Assignment\SE4050-Deep-Learning-Assignment\data\train\Czech\images\Czech_000095.jpg,Czech,1,1,0,0,0,['D00'],D00,train,103
C:\Users\ASUS\Desktop\SLIIT\Year 4\Semester 2\Deep Learning\Assignment\SE4050-Deep-Learning-Assignment\data\train\Czech\images\Czech_000098.jpg,Czech,1,1,0,0,0,['D00'],D00,train,104
C:\Users\ASUS\Desktop\SLIIT\Year 4\Semester 2\Deep Learning\Assignment\SE4050-Deep-Learning-Assignment\data\train\Czech\images\Czech_000100.jpg,Czech,3,1,1,1,0,"['D00', 'D10', 'D20']",D00,train,105
C:\Users\ASUS\Desktop\SLIIT\Year 4\Semester 2\Deep Learning\Assignment\SE4050-Deep-Learning-Assignment\data\train\Czech\images\Czech_000103.jpg,Czech,1,0,0,0,1,['D40'],D40,test,106
C:\Users\ASUS\Desktop\SLIIT\Year 4\Semester 2\Deep Learning\Assignment\SE4050-Deep-Learning-Assignment\data\train\Czech\images\Czech_000108.jpg,Czech,1,0,0,0,1,['D40'],D40,train,107
C:\Users\ASUS\Desktop\SLIIT\Year 4\Semester 2\Deep Learning\Assignment\SE4050-Deep-Learning-Assignment\data\train\Czech\images\Czech_000111.jpg,Czech,3,1,1,0,0,"['D00', 'D10']",D00,test,108
C:\Users\ASUS\Desktop\SLIIT\Year 4\Semester 2\Deep Learning\Assignment\SE4050-Deep-Learning-Assignment\data\train\Czech\images\Czech_000113.jpg,Czech,1,0,0,1,0,['D20'],D20,train,109
C:\Users\ASUS\Desktop\SLIIT\Year 4\Semester 2\Deep Learning\Assignment\SE4050-Deep-Learning-Assignment\data\train\Czech\images\Czech_000115.jpg,Czech,1,1,0,0,0,['D00'],D00,train,110
C:\Users\ASUS\Desktop\SLIIT\Year 4\Semester 2\Deep Learning\Assignment\SE4050-Deep-Learning-Assignment\data\train\Czech\images\Czech_000118.jpg,Czech,1,1,0,0,0,['D00'],D00,train,111
C:\Users\ASUS\Desktop\SLIIT\Year 4\Semester 2\Deep Learning\Assignment\SE4050-Deep-Learning-Assignment\data\train\Czech\images\Czech_000121.jpg,Czech,2,1,0,0,0,['D00'],D00,train,112
C:\Users\ASUS\Desktop\SLIIT\Year 4\Semester 2\Deep Learning\Assignment\SE4050-Deep-Learning-Assignment\data\train\Czech\images\Czech_000124.jpg,Czech,1,1,0,0,0,['D00'],D00,test,113
C:\Users\ASUS\Desktop\SLIIT\Year 4\Semester 2\Deep Learning\Assignment\SE4050-Deep-Learning-Assignment\data\train\Czech\images\Czech_000125.jpg,Czech,1,1,0,0,0,['D00'],D00,train,114
C:\Users\ASUS\Desktop\SLIIT\Year 4\Semester 2\Deep Learning\Assignment\SE4050-Deep-Learning-Assignment\data\train\Czech\images\Czech_000131.jpg,Czech,1,1,0,0,0,['D00'],D00,train,115
C:\Users\ASUS\Desktop\SLIIT\Year 4\Semester 2\Deep Learning\Assignment\SE4050-Deep-Learning-Assignment\data\train\Czech\images\Czech_000132.jpg,Czech,1,1,0,0,0,['D00'],D00,val,116
C:\Users\ASUS\Desktop\SLIIT\Year 4\Semester 2\Deep Learning\Assignment\SE4050-Deep-Learning-Assignment\data\train\Czech\images\Czech_000139.jpg,Czech,1,1,0,0,0,['D00'],D00,train,117
C:\Users\ASUS\Desktop\SLIIT\Year 4\Semester 2\Deep Learning\Assignment\SE4050-Deep-Learning-Assignment\data\train\Czech\images\Czech_000147.jpg,Czech,1,1,0,0,0,['D00'],D00,train,118
C:\Users\ASUS\Desktop\SLIIT\Year 4\Semester 2\Deep Learning\Assignment\SE4050-Deep-Learning-Assignment\data\train\Czech\images\Czech_000148.jpg,Czech,1,0,1,0,0,['D10'],D10,val,119
C:\Users\ASUS\Desktop\SLIIT\Year 4\Semester 2\Deep Learning\Assignment\SE4050-Deep-Learning-Assignment\data\train\Czech\images\Czech_000157.jpg,Czech,1,1,0,0,0,['D00'],D00,train,120
C:\Users\ASUS\Desktop\SLIIT\Year 4\Semester 2\Deep Learning\Assignment\SE4050-Deep-Learning-Assignment\data\train\Czech\images\Czech_000159.jpg,Czech,2,1,0,0,0,['D00'],D00,train,121
C:\Users\ASUS\Desktop\SLIIT\Year 4\Semester 2\Deep Learning\Assignment\SE4050-Deep-Learning-Assignment\data\train\Czech\images\Czech_000162.jpg,Czech,1,1,0,0,0,['D00'],D00,val,122
C:\Users\ASUS\Desktop\SLIIT\Year 4\Semester 2\Deep Learning\Assignment\SE4050-Deep-Learning-Assignment\data\train\Czech\images\Czech_000167.jpg,Czech,1,1,0,0,0,['D00'],D00,test,123
C:\Users\ASUS\Desktop\SLIIT\Year 4\Semester 2\Deep Learning\Assignment\SE4050-Deep-Learning-Assignment\data\train\Czech\images\Czech_000170.jpg,Czech,1,1,0,0,0,['D00'],D00,train,124
C:\Users\ASUS\Desktop\SLIIT\Year 4\Semester 2\Deep Learning\Assignment\SE4050-Deep-Learning-Assignment\data\train\Czech\images\Czech_000177.jpg,Czech,1,1,0,0,0,['D00'],D00,val,125
C:\Users\ASUS\Desktop\SLIIT\Year 4\Semester 2\Deep Learning\Assignment\SE4050-Deep-Learning-Assignment\data\train\Czech\images\Czech_000183.jpg,Czech,1,1,0,0,0,['D00'],D00,train,126
C:\Users\ASUS\Desktop\SLIIT\Year 4\Semester 2\Deep Learning\Assignment\SE4050-Deep-Learning-Assignment\data\train\Czech\images\Czech_000188.jpg,Czech,2,1,0,0,0,['D00'],D00,val,127
C:\Users\ASUS\Desktop\SLIIT\Year 4\Semester 2\Deep Learning\Assignment\SE4050-Deep-Learning-Assignment\data\train\Czech\images\Czech_000196.jpg,Czech,2,1,1,0,0,"['D00', 'D10']",D00,train,128
C:\Users\ASUS\Desktop\SLIIT\Year 4\Semester 2\Deep Learning\Assignment\SE4050-Deep-Learning-Assignment\data\train\Czech\images\Czech_000199.jpg,Czech,1,1,0,0,0,['D00'],D00,val,129
C:\Users\ASUS\Desktop\SLIIT\Year 4\Semester 2\Deep Learning\Assignment\SE4050-Deep-Learning-Assignment\data\train\Czech\images\Czech_000202.jpg,Czech,1,0,0,1,0,['D20'],D20,val,130
C:\Users\ASUS\Desktop\SLIIT\Year 4\Semester 2\Deep Learning\Assignment\SE4050-Deep-Learning-Assignment\data\train\Czech\images\Czech_000204.jpg,Czech,2,1,0,0,0,['D00'],D00,val,131
C:\Users\ASUS\Desktop\SLIIT\Year 4\Semester 2\Deep Learning\Assignment\SE4050-Deep-Learning-Assignment\data\train\Czech\images\Czech_000205.jpg,Czech,2,1,0,0,0,['D00'],D00,val,132
C:\Users\ASUS\Desktop\SLIIT\Year 4\Semester 2\Deep Learning\Assignment\SE4050-Deep-Learning-Assignment\data\train\Czech\images\Czech_000209.jpg,Czech,1,1,0,0,0,['D00'],D00,test,133
C:\Users\ASUS\Desktop\SLIIT\Year 4\Semester 2\Deep Learning\Assignment\SE4050-Deep-Learning-Assignment\data\train\Czech\images\Czech_000215.jpg,Czech,1,1,0,0,0,['D00'],D00,train,134
C:\Users\ASUS\Desktop\SLIIT\Year 4\Semester 2\Deep Learning\Assignment\SE4050-Deep-Learning-Assignment\data\train\Czech\images\Czech_000217.jpg,Czech,1,0,1,0,0,['D10'],D10,test,135
C:\Users\ASUS\Desktop\SLIIT\Year 4\Semester 2\Deep Learning\Assignment\SE4050-Deep-Learning-Assignment\data\train\Czech\images\Czech_000219.jpg,Czech,1,1,0,0,0,['D00'],D00,train,136
C:\Users\ASUS\Desktop\SLIIT\Year 4\Semester 2\Deep Learning\Assignment\SE4050-Deep-Learning-Assignment\data\train\Czech\images\Czech_000220.jpg,Czech,1,1,0,0,0,['D00'],D00,train,137
C:\Users\ASUS\Desktop\SLIIT\Year 4\Semester 2\Deep Learning\Assignment\SE4050-Deep-Learning-Assignment\data\train\Czech\images\Czech_000222.jpg,Czech,2,1,0,0,0,['D00'],D00,train,138
C:\Users\ASUS\Desktop\SLIIT\Year 4\Semester 2\Deep Learning\Assignment\SE4050-Deep-Learning-Assignment\data\train\Czech\images\Czech_000225.jpg,Czech,1,1,0,0,0,['D00'],D00,train,139
C:\Users\ASUS\Desktop\SLIIT\Year 4\Semester 2\Deep Learning\Assignment\SE4050-Deep-Learning-Assignment\data\train\Czech\images\Czech_000233.jpg,Czech,3,1,0,0,0,['D00'],D00,train,140
C:\Users\ASUS\Desktop\SLIIT\Year 4\Semester 2\Deep Learning\Assignment\SE4050-Deep-Learning-Assignment\data\train\Czech\images\Czech_000235.jpg,Czech,1,1,0,0,0,['D00'],D00,train,141
C:\Users\ASUS\Desktop\SLIIT\Year 4\Semester 2\Deep Learning\Assignment\SE4050-Deep-Learning-Assignment\data\train\Czech\images\Czech_000236.jpg,Czech,1,0,1,0,0,['D10'],D10,train,142
C:\Users\ASUS\Desktop\SLIIT\Year 4\Semester 2\Deep Learning\Assignment\SE4050-Deep-Learning-Assignment\data\train\Czech\images\Czech_000240.jpg,Czech,4,1,0,1,1,"['D00', 'D20', 'D40']",D00,train,143
C:\Users\ASUS\Desktop\SLIIT\Year 4\Semester 2\Deep Learning\Assignment\SE4050-Deep-Learning-Assignment\data\train\Czech\images\Czech_000244.jpg,Czech,1,0,1,0,0,['D10'],D10,train,144
C:\Users\ASUS\Desktop\SLIIT\Year 4\Semester 2\Deep Learning\Assignment\SE4050-Deep-Learning-Assignment\data\train\Czech\images\Czech_000245.jpg,Czech,4,1,1,0,0,"['D00', 'D10']",D00,train,145
C:\Users\ASUS\Desktop\SLIIT\Year 4\Semester 2\Deep Learning\Assignment\SE4050-Deep-Learning-Assignment\data\train\Czech\images\Czech_000246.jpg,Czech,3,1,1,0,0,"['D00', 'D10']",D00,train,146
C:\Users\ASUS\Desktop\SLIIT\Year 4\Semester 2\Deep Learning\Assignment\SE4050-Deep-Learning-Assignment\data\train\Czech\images\Czech_000247.jpg,Czech,3,1,0,0,0,['D00'],D00,test,147
C:\Users\ASUS\Desktop\SLIIT\Year 4\Semester 2\Deep Learning\Assignment\SE4050-Deep-Learning-Assignment\data\train\Czech\images\Czech_000248.jpg,Czech,2,0,0,1,0,['D20'],D20,train,148
C:\Users\ASUS\Desktop\SLIIT\Year 4\Semester 2\Deep Learning\Assignment\SE4050-Deep-Learning-Assignment\data\train\Czech\images\Czech_000249.jpg,Czech,1,0,1,0,0,['D10'],D10,train,149
C:\Users\ASUS\Desktop\SLIIT\Year 4\Semester 2\Deep Learning\Assignment\SE4050-Deep-Learning-Assignment\data\train\Czech\images\Czech_000250.jpg,Czech,1,1,0,0,0,['D00'],D00,train,150
C:\Users\ASUS\Desktop\SLIIT\Year 4\Semester 2\Deep Learning\Assignment\SE4050-Deep-Learning-Assignment\data\train\Czech\images\Czech_000253.jpg,Czech,2,0,0,1,0,['D20'],D20,test,151
C:\Users\ASUS\Desktop\SLIIT\Year 4\Semester 2\Deep Learning\Assignment\SE4050-Deep-Learning-Assignment\data\train\Czech\images\Czech_000254.jpg,Czech,1,0,1,0,0,['D10'],D10,train,152
C:\Users\ASUS\Desktop\SLIIT\Year 4\Semester 2\Deep Learning\Assignment\SE4050-Deep-Learning-Assignment\data\train\Czech\images\Czech_000268.jpg,Czech,1,1,0,0,0,['D00'],D00,train,153
C:\Users\ASUS\Desktop\SLIIT\Year 4\Semester 2\Deep Learning\Assignment\SE4050-Deep-Learning-Assignment\data\train\Czech\images\Czech_000269.jpg,Czech,2,1,1,0,0,"['D00', 'D10']",D00,train,154
C:\Users\ASUS\Desktop\SLIIT\Year 4\Semester 2\Deep Learning\Assignment\SE4050-Deep-Learning-Assignment\data\train\Czech\images\Czech_000270.jpg,Czech,4,1,0,1,1,"['D00', 'D20', 'D40']",D00,train,155
C:\Users\ASUS\Desktop\SLIIT\Year 4\Semester 2\Deep Learning\Assignment\SE4050-Deep-Learning-Assignment\data\train\Czech\images\Czech_000271.jpg,Czech,2,1,1,0,0,"['D00', 'D10']",D00,train,156
C:\Users\ASUS\Desktop\SLIIT\Year 4\Semester 2\Deep Learning\Assignment\SE4050-Deep-Learning-Assignment\data\train\Czech\images\Czech_000273.jpg,Czech,1,1,0,0,0,['D00'],D00,train,157
C:\Users\ASUS\Desktop\SLIIT\Year 4\Semester 2\Deep Learning\Assignment\SE4050-Deep-Learning-Assignment\data\train\Czech\images\Czech_000274.jpg,Czech,3,1,1,0,0,"['D00', 'D10']",D00,test,158
C:\Users\ASUS\Desktop\SLIIT\Year 4\Semester 2\Deep Learning\Assignment\SE4050-Deep-Learning-Assignment\data\train\Czech\images\Czech_000275.jpg,Czech,2,1,0,0,1,"['D00', 'D40']",D00,train,159
C:\Users\ASUS\Desktop\SLIIT\Year 4\Semester 2\Deep Learning\Assignment\SE4050-Deep-Learning-Assignment\data\train\Czech\images\Czech_000279.jpg,Czech,1,1,0,0,0,['D00'],D00,train,160
C:\Users\ASUS\Desktop\SLIIT\Year 4\Semester 2\Deep Learning\Assignment\SE4050-Deep-Learning-Assignment\data\train\Czech\images\Czech_000283.jpg,Czech,2,1,0,0,0,['D00'],D00,train,161
C:\Users\ASUS\Desktop\SLIIT\Year 4\Semester 2\Deep Learning\Assignment\SE4050-Deep-Learning-Assignment\data\train\Czech\images\Czech_000289.jpg,Czech,1,0,1,0,0,['D10'],D10,train,162
C:\Users\ASUS\Desktop\SLIIT\Year 4\Semester 2\Deep Learning\Assignment\SE4050-Deep-Learning-Assignment\data\train\Czech\images\Czech_000290.jpg,Czech,1,1,0,0,0,['D00'],D00,train,163
C:\Users\ASUS\Desktop\SLIIT\Year 4\Semester 2\Deep Learning\Assignment\SE4050-Deep-Learning-Assignment\data\train\Czech\images\Czech_000293.jpg,Czech,3,0,0,0,1,['D40'],D40,train,164
C:\Users\ASUS\Desktop\SLIIT\Year 4\Semester 2\Deep Learning\Assignment\SE4050-Deep-Learning-Assignment\data\train\Czech\images\Czech_000294.jpg,Czech,1,1,0,0,0,['D00'],D00,train,165
C:\Users\ASUS\Desktop\SLIIT\Year 4\Semester 2\Deep Learning\Assignment\SE4050-Deep-Learning-Assignment\data\train\Czech\images\Czech_000296.jpg,Czech,2,1,0,0,1,"['D00', 'D40']",D00,train,166
C:\Users\ASUS\Desktop\SLIIT\Year 4\Semester 2\Deep Learning\Assignment\SE4050-Deep-Learning-Assignment\data\train\Czech\images\Czech_000297.jpg,Czech,2,1,0,0,0,['D00'],D00,train,167
C:\Users\ASUS\Desktop\SLIIT\Year 4\Semester 2\Deep Learning\Assignment\SE4050-Deep-Learning-Assignment\data\train\Czech\images\Czech_000302.jpg,Czech,4,0,1,0,1,"['D10', 'D40']",D10,train,168
C:\Users\ASUS\Desktop\SLIIT\Year 4\Semester 2\Deep Learning\Assignment\SE4050-Deep-Learning-Assignment\data\train\Czech\images\Czech_000305.jpg,Czech,2,1,0,0,0,['D00'],D00,train,169
C:\Users\ASUS\Desktop\SLIIT\Year 4\Semester 2\Deep Learning\Assignment\SE4050-Deep-Learning-Assignment\data\train\Czech\images\Czech_000318.jpg,Czech,1,1,0,0,0,['D00'],D00,test,170
C:\Users\ASUS\Desktop\SLIIT\Year 4\Semester 2\Deep Learning\Assignment\SE4050-Deep-Learning-Assignment\data\train\Czech\images\Czech_000325.jpg,Czech,1,1,0,0,0,['D00'],D00,train,171
C:\Users\ASUS\Desktop\SLIIT\Year 4\Semester 2\Deep Learning\Assignment\SE4050-Deep-Learning-Assignment\data\train\Czech\images\Czech_000330.jpg,Czech,4,1,1,0,0,"['D00', 'D10']",D00,train,172
C:\Users\ASUS\Desktop\SLIIT\Year 4\Semester 2\Deep Learning\Assignment\SE4050-Deep-Learning-Assignment\data\train\Czech\images\Czech_000331.jpg,Czech,1,0,1,0,0,['D10'],D10,train,173
C:\Users\ASUS\Desktop\SLIIT\Year 4\Semester 2\Deep Learning\Assignment\SE4050-Deep-Learning-Assignment\data\train\Czech\images\Czech_000332.jpg,Czech,1,1,0,0,0,['D00'],D00,val,174
C:\Users\ASUS\Desktop\SLIIT\Year 4\Semester 2\Deep Learning\Assignment\SE4050-Deep-Learning-Assignment\data\train\Czech\images\Czech_000333.jpg,Czech,1,1,0,0,0,['D00'],D00,val,175
C:\Users\ASUS\Desktop\SLIIT\Year 4\Semester 2\Deep Learning\Assignment\SE4050-Deep-Learning-Assignment\data\train\Czech\images\Czech_000336.jpg,Czech,2,1,1,0,0,"['D00', 'D10']",D00,test,176
C:\Users\ASUS\Desktop\SLIIT\Year 4\Semester 2\Deep Learning\Assignment\SE4050-Deep-Learning-Assignment\data\train\Czech\images\Czech_000337.jpg,Czech,1,1,0,0,0,['D00'],D00,test,177
C:\Users\ASUS\Desktop\SLIIT\Year 4\Semester 2\Deep Learning\Assignment\SE4050-Deep-Learning-Assignment\data\train\Czech\images\Czech_000338.jpg,Czech,1,0,1,0,0,['D10'],D10,val,178
C:\Users\ASUS\Desktop\SLIIT\Year 4\Semester 2\Deep Learning\Assignment\SE4050-Deep-Learning-Assignment\data\train\Czech\images\Czech_000341.jpg,Czech,2,1,0,0,1,"['D00', 'D40']",D00,train,179
C:\Users\ASUS\Desktop\SLIIT\Year 4\Semester 2\Deep Learning\Assignment\SE4050-Deep-Learning-Assignment\data\train\Czech\images\Czech_000343.jpg,Czech,2,0,0,0,1,['D40'],D40,train,180
C:\Users\ASUS\Desktop\SLIIT\Year 4\Semester 2\Deep Learning\Assignment\SE4050-Deep-Learning-Assignment\data\train\Czech\images\Czech_000347.jpg,Czech,1,0,0,1,0,['D20'],D20,test,181
C:\Users\ASUS\Desktop\SLIIT\Year 4\Semester 2\Deep Learning\Assignment\SE4050-Deep-Learning-Assignment\data\train\Czech\images\Czech_000355.jpg,Czech,2,1,0,0,0,['D00'],D00,train,182
C:\Users\ASUS\Desktop\SLIIT\Year 4\Semester 2\Deep Learning\Assignment\SE4050-Deep-Learning-Assignment\data\train\Czech\images\Czech_000358.jpg,Czech,1,0,0,1,0,['D20'],D20,train,183
C:\Users\ASUS\Desktop\SLIIT\Year 4\Semester 2\Deep Learning\Assignment\SE4050-Deep-Learning-Assignment\data\train\Czech\images\Czech_000365.jpg,Czech,3,1,0,0,0,['D00'],D00,train,184
C:\Users\ASUS\Desktop\SLIIT\Year 4\Semester 2\Deep Learning\Assignment\SE4050-Deep-Learning-Assignment\data\train\Czech\images\Czech_000370.jpg,Czech,1,1,0,0,0,['D00'],D00,test,185
C:\Users\ASUS\Desktop\SLIIT\Year 4\Semester 2\Deep Learning\Assignment\SE4050-Deep-Learning-Assignment\data\train\Czech\images\Czech_000378.jpg,Czech,1,1,0,0,0,['D00'],D00,val,186
C:\Users\ASUS\Desktop\SLIIT\Year 4\Semester 2\Deep Learning\Assignment\SE4050-Deep-Learning-Assignment\data\train\Czech\images\Czech_000382.jpg,Czech,1,1,0,0,0,['D00'],D00,train,187
C:\Users\ASUS\Desktop\SLIIT\Year 4\Semester 2\Deep Learning\Assignment\SE4050-Deep-Learning-Assignment\data\train\Czech\images\Czech_000389.jpg,Czech,1,1,0,0,0,['D00'],D00,train,188
C:\Users\ASUS\Desktop\SLIIT\Year 4\Semester 2\Deep Learning\Assignment\SE4050-Deep-Learning-Assignment\data\train\Czech\images\Czech_000392.jpg,Czech,2,0,0,0,1,['D40'],D40,train,189
C:\Users\ASUS\Desktop\SLIIT\Year 4\Semester 2\Deep Learning\Assignment\SE4050-Deep-Learning-Assignment\data\train\Czech\images\Czech_000393.jpg,Czech,3,1,1,0,0,"['D00', 'D10']",D00,train,190
C:\Users\ASUS\Desktop\SLIIT\Year 4\Semester 2\Deep Learning\Assignment\SE4050-Deep-Learning-Assignment\data\train\Czech\images\Czech_000395.jpg,Czech,2,1,0,0,1,"['D00', 'D40']",D00,val,191
C:\Users\ASUS\Desktop\SLIIT\Year 4\Semester 2\Deep Learning\Assignment\SE4050-Deep-Learning-Assignment\data\train\Czech\images\Czech_000398.jpg,Czech,1,0,1,0,0,['D10'],D10,val,192
C:\Users\ASUS\Desktop\SLIIT\Year 4\Semester 2\Deep Learning\Assignment\SE4050-Deep-Learning-Assignment\data\train\Czech\images\Czech_000400.jpg,Czech,1,1,0,0,0,['D00'],D00,train,193
C:\Users\ASUS\Desktop\SLIIT\Year 4\Semester 2\Deep Learning\Assignment\SE4050-Deep-Learning-Assignment\data\train\Czech\images\Czech_000401.jpg,Czech,1,0,1,0,0,['D10'],D10,train,194
C:\Users\ASUS\Desktop\SLIIT\Year 4\Semester 2\Deep Learning\Assignment\SE4050-Deep-Learning-Assignment\data\train\Czech\images\Czech_000402.jpg,Czech,1,0,0,1,0,['D20'],D20,train,195
C:\Users\ASUS\Desktop\SLIIT\Year 4\Semester 2\Deep Learning\Assignment\SE4050-Deep-Learning-Assignment\data\train\Czech\images\Czech_000406.jpg,Czech,3,0,0,1,1,"['D20', 'D40']",D20,train,196
C:\Users\ASUS\Desktop\SLIIT\Year 4\Semester 2\Deep Learning\Assignment\SE4050-Deep-Learning-Assignment\data\train\Czech\images\Czech_000416.jpg,Czech,2,1,1,0,0,"['D00', 'D10']",D00,train,197
C:\Users\ASUS\Desktop\SLIIT\Year 4\Semester 2\Deep Learning\Assignment\SE4050-Deep-Learning-Assignment\data\train\Czech\images\Czech_000417.jpg,Czech,1,1,0,0,0,['D00'],D00,train,198
C:\Users\ASUS\Desktop\SLIIT\Year 4\Semester 2\Deep Learning\Assignment\SE4050-Deep-Learning-Assignment\data\train\Czech\images\Czech_000422.jpg,Czech,5,1,1,0,0,"['D00', 'D10']",D00,train,199
C:\Users\ASUS\Desktop\SLIIT\Year 4\Semester 2\Deep Learning\Assignment\SE4050-Deep-Learning-Assignment\data\train\Czech\images\Czech_000426.jpg,Czech,1,1,0,0,0,['D00'],D00,train,200
C:\Users\ASUS\Desktop\SLIIT\Year 4\Semester 2\Deep Learning\Assignment\SE4050-Deep-Learning-Assignment\data\train\Czech\images\Czech_000428.jpg,Czech,1,0,1,0,0,['D10'],D10,train,201
C:\Users\ASUS\Desktop\SLIIT\Year 4\Semester 2\Deep Learning\Assignment\SE4050-Deep-Learning-Assignment\data\train\Czech\images\Czech_000429.jpg,Czech,2,1,0,0,0,['D00'],D00,train,202
C:\Users\ASUS\Desktop\SLIIT\Year 4\Semester 2\Deep Learning\Assignment\SE4050-Deep-Learning-Assignment\data\train\Czech\images\Czech_000434.jpg,Czech,1,1,0,0,0,['D00'],D00,train,203
C:\Users\ASUS\Desktop\SLIIT\Year 4\Semester 2\Deep Learning\Assignment\SE4050-Deep-Learning-Assignment\data\train\Czech\images\Czech_000441.jpg,Czech,1,1,0,0,0,['D00'],D00,train,204
C:\Users\ASUS\Desktop\SLIIT\Year 4\Semester 2\Deep Learning\Assignment\SE4050-Deep-Learning-Assignment\data\train\Czech\images\Czech_000443.jpg,Czech,1,0,1,0,0,['D10'],D10,train,205
C:\Users\ASUS\Desktop\SLIIT\Year 4\Semester 2\Deep Learning\Assignment\SE4050-Deep-Learning-Assignment\data\train\Czech\images\Czech_000446.jpg,Czech,1,1,0,0,0,['D00'],D00,train,206
C:\Users\ASUS\Desktop\SLIIT\Year 4\Semester 2\Deep Learning\Assignment\SE4050-Deep-Learning-Assignment\data\train\Czech\images\Czech_000452.jpg,Czech,1,1,0,0,0,['D00'],D00,train,207
C:\Users\ASUS\Desktop\SLIIT\Year 4\Semester 2\Deep Learning\Assignment\SE4050-Deep-Learning-Assignment\data\train\Czech\images\Czech_000454.jpg,Czech,2,1,0,0,1,"['D00', 'D40']",D00,train,208
C:\Users\ASUS\Desktop\SLIIT\Year 4\Semester 2\Deep Learning\Assignment\SE4050-Deep-Learning-Assignment\data\train\Czech\images\Czech_000455.jpg,Czech,1,0,1,0,0,['D10'],D10,val,209
C:\Users\ASUS\Desktop\SLIIT\Year 4\Semester 2\Deep Learning\Assignment\SE4050-Deep-Learning-Assignment\data\train\Czech\images\Czech_000456.jpg,Czech,1,0,1,0,0,['D10'],D10,train,210
C:\Users\ASUS\Desktop\SLIIT\Year 4\Semester 2\Deep Learning\Assignment\SE4050-Deep-Learning-Assignment\data\train\Czech\images\Czech_000458.jpg,Czech,1,0,0,1,0,['D20'],D20,train,211
C:\Users\ASUS\Desktop\SLIIT\Year 4\Semester 2\Deep Learning\Assignment\SE4050-Deep-Learning-Assignment\data\train\Czech\images\Czech_000459.jpg,Czech,1,1,0,0,0,['D00'],D00,val,212
C:\Users\ASUS\Desktop\SLIIT\Year 4\Semester 2\Deep Learning\Assignment\SE4050-Deep-Learning-Assignment\data\train\Czech\images\Czech_000464.jpg,Czech,1,1,0,0,0,['D00'],D00,train,213
C:\Users\ASUS\Desktop\SLIIT\Year 4\Semester 2\Deep Learning\Assignment\SE4050-Deep-Learning-Assignment\data\train\Czech\images\Czech_000465.jpg,Czech,1,1,0,0,0,['D00'],D00,val,214
C:\Users\ASUS\Desktop\SLIIT\Year 4\Semester 2\Deep Learning\Assignment\SE4050-Deep-Learning-Assignment\data\train\Czech\images\Czech_000468.jpg,Czech,1,0,1,0,0,['D10'],D10,val,215
C:\Users\ASUS\Desktop\SLIIT\Year 4\Semester 2\Deep Learning\Assignment\SE4050-Deep-Learning-Assignment\data\train\Czech\images\Czech_000471.jpg,Czech,1,1,0,0,0,['D00'],D00,val,216
C:\Users\ASUS\Desktop\SLIIT\Year 4\Semester 2\Deep Learning\Assignment\SE4050-Deep-Learning-Assignment\data\train\Czech\images\Czech_000472.jpg,Czech,1,0,1,0,0,['D10'],D10,train,217
C:\Users\ASUS\Desktop\SLIIT\Year 4\Semester 2\Deep Learning\Assignment\SE4050-Deep-Learning-Assignment\data\train\Czech\images\Czech_000474.jpg,Czech,4,1,1,0,0,"['D00', 'D10']",D00,train,218
C:\Users\ASUS\Desktop\SLIIT\Year 4\Semester 2\Deep Learning\Assignment\SE4050-Deep-Learning-Assignment\data\train\Czech\images\Czech_000479.jpg,Czech,1,1,0,0,0,['D00'],D00,val,219
C:\Users\ASUS\Desktop\SLIIT\Year 4\Semester 2\Deep Learning\Assignment\SE4050-Deep-Learning-Assignment\data\train\Czech\images\Czech_000484.jpg,Czech,1,1,0,0,0,['D00'],D00,test,220
C:\Users\ASUS\Desktop\SLIIT\Year 4\Semester 2\Deep Learning\Assignment\SE4050-Deep-Learning-Assignment\data\train\Czech\images\Czech_000492.jpg,Czech,1,0,1,0,0,['D10'],D10,train,221
C:\Users\ASUS\Desktop\SLIIT\Year 4\Semester 2\Deep Learning\Assignment\SE4050-Deep-Learning-Assignment\data\train\Czech\images\Czech_000493.jpg,Czech,1,1,0,0,0,['D00'],D00,train,222
C:\Users\ASUS\Desktop\SLIIT\Year 4\Semester 2\Deep Learning\Assignment\SE4050-Deep-Learning-Assignment\data\train\Czech\images\Czech_000497.jpg,Czech,3,1,1,0,0,"['D00', 'D10']",D00,test,223
C:\Users\ASUS\Desktop\SLIIT\Year 4\Semester 2\Deep Learning\Assignment\SE4050-Deep-Learning-Assignment\data\train\Czech\images\Czech_000508.jpg,Czech,2,1,1,0,0,"['D00', 'D10']",D00,train,224
C:\Users\ASUS\Desktop\SLIIT\Year 4\Semester 2\Deep Learning\Assignment\SE4050-Deep-Learning-Assignment\data\train\Czech\images\Czech_000510.jpg,Czech,2,1,0,0,0,['D00'],D00,train,225
C:\Users\ASUS\Desktop\SLIIT\Year 4\Semester 2\Deep Learning\Assignment\SE4050-Deep-Learning-Assignment\data\train\Czech\images\Czech_000511.jpg,Czech,1,1,0,0,0,['D00'],D00,train,226
C:\Users\ASUS\Desktop\SLIIT\Year 4\Semester 2\Deep Learning\Assignment\SE4050-Deep-Learning-Assignment\data\train\Czech\images\Czech_000512.jpg,Czech,2,0,0,1,1,"['D20', 'D40']",D20,train,227
C:\Users\ASUS\Desktop\SLIIT\Year 4\Semester 2\Deep Learning\Assignment\SE4050-Deep-Learning-Assignment\data\train\Czech\images\Czech_000513.jpg,Czech,1,1,0,0,0,['D00'],D00,train,228
C:\Users\ASUS\Desktop\SLIIT\Year 4\Semester 2\Deep Learning\Assignment\SE4050-Deep-Learning-Assignment\data\train\Czech\images\Czech_000519.jpg,Czech,1,1,0,0,0,['D00'],D00,train,229
C:\Users\ASUS\Desktop\SLIIT\Year 4\Semester 2\Deep Learning\Assignment\SE4050-Deep-Learning-Assignment\data\train\Czech\images\Czech_000523.jpg,Czech,1,1,0,0,0,['D00'],D00,val,230
C:\Users\ASUS\Desktop\SLIIT\Year 4\Semester 2\Deep Learning\Assignment\SE4050-Deep-Learning-Assignment\data\train\Czech\images\Czech_000526.jpg,Czech,1,1,0,0,0,['D00'],D00,test,231
C:\Users\ASUS\Desktop\SLIIT\Year 4\Semester 2\Deep Learning\Assignment\SE4050-Deep-Learning-Assignment\data\train\Czech\images\Czech_000529.jpg,Czech,2,0,1,0,0,['D10'],D10,test,232
C:\Users\ASUS\Desktop\SLIIT\Year 4\Semester 2\Deep Learning\Assignment\SE4050-Deep-Learning-Assignment\data\train\Czech\images\Czech_000532.jpg,Czech,5,1,1,0,0,"['D00', 'D10']",D00,test,233
C:\Users\ASUS\Desktop\SLIIT\Year 4\Semester 2\Deep Learning\Assignment\SE4050-Deep-Learning-Assignment\data\train\Czech\images\Czech_000534.jpg,Czech,1,1,0,0,0,['D00'],D00,train,234
C:\Users\ASUS\Desktop\SLIIT\Year 4\Semester 2\Deep Learning\Assignment\SE4050-Deep-Learning-Assignment\data\train\Czech\images\Czech_000539.jpg,Czech,1,1,0,0,0,['D00'],D00,train,235
C:\Users\ASUS\Desktop\SLIIT\Year 4\Semester 2\Deep Learning\Assignment\SE4050-Deep-Learning-Assignment\data\train\Czech\images\Czech_000541.jpg,Czech,2,1,0,1,0,"['D00', 'D20']",D00,train,236
C:\Users\ASUS\Desktop\SLIIT\Year 4\Semester 2\Deep Learning\Assignment\SE4050-Deep-Learning-Assignment\data\train\Czech\images\Czech_000543.jpg,Czech,2,1,0,0,0,['D00'],D00,train,237
C:\Users\ASUS\Desktop\SLIIT\Year 4\Semester 2\Deep Learning\Assignment\SE4050-Deep-Learning-Assignment\data\train\Czech\images\Czech_000545.jpg,Czech,1,1,0,0,0,['D00'],D00,train,238
C:\Users\ASUS\Desktop\SLIIT\Year 4\Semester 2\Deep Learning\Assignment\SE4050-Deep-Learning-Assignment\data\train\Czech\images\Czech_000548.jpg,Czech,1,1,0,0,0,['D00'],D00,train,239
C:\Users\ASUS\Desktop\SLIIT\Year 4\Semester 2\Deep Learning\Assignment\SE4050-Deep-Learning-Assignment\data\train\Czech\images\Czech_000551.jpg,Czech,3,1,1,1,0,"['D00', 'D10', 'D20']",D00,train,240
C:\Users\ASUS\Desktop\SLIIT\Year 4\Semester 2\Deep Learning\Assignment\SE4050-Deep-Learning-Assignment\data\train\Czech\images\Czech_000553.jpg,Czech,2,0,1,0,0,['D10'],D10,test,241
C:\Users\ASUS\Desktop\SLIIT\Year 4\Semester 2\Deep Learning\Assignment\SE4050-Deep-Learning-Assignment\data\train\Czech\images\Czech_000559.jpg,Czech,6,1,1,0,0,"['D00', 'D10']",D00,val,242
C:\Users\ASUS\Desktop\SLIIT\Year 4\Semester 2\Deep Learning\Assignment\SE4050-Deep-Learning-Assignment\data\train\Czech\images\Czech_000567.jpg,Czech,1,1,0,0,0,['D00'],D00,train,243
C:\Users\ASUS\Desktop\SLIIT\Year 4\Semester 2\Deep Learning\Assignment\SE4050-Deep-Learning-Assignment\data\train\Czech\images\Czech_000568.jpg,Czech,1,0,0,0,1,['D40'],D40,train,244
C:\Users\ASUS\Desktop\SLIIT\Year 4\Semester 2\Deep Learning\Assignment\SE4050-Deep-Learning-Assignment\data\train\Czech\images\Czech_000569.jpg,Czech,1,1,0,0,0,['D00'],D00,train,245
C:\Users\ASUS\Desktop\SLIIT\Year 4\Semester 2\Deep Learning\Assignment\SE4050-Deep-Learning-Assignment\data\train\Czech\images\Czech_000573.jpg,Czech,1,1,0,0,0,['D00'],D00,train,246
C:\Users\ASUS\Desktop\SLIIT\Year 4\Semester 2\Deep Learning\Assignment\SE4050-Deep-Learning-Assignment\data\train\Czech\images\Czech_000576.jpg,Czech,1,1,0,0,0,['D00'],D00,train,247
C:\Users\ASUS\Desktop\SLIIT\Year 4\Semester 2\Deep Learning\Assignment\SE4050-Deep-Learning-Assignment\data\train\Czech\images\Czech_000580.jpg,Czech,1,1,0,0,0,['D00'],D00,val,248
C:\Users\ASUS\Desktop\SLIIT\Year 4\Semester 2\Deep Learning\Assignment\SE4050-Deep-Learning-Assignment\data\train\Czech\images\Czech_000582.jpg,Czech,3,0,0,1,1,"['D20', 'D40']",D20,test,249
C:\Users\ASUS\Desktop\SLIIT\Year 4\Semester 2\Deep Learning\Assignment\SE4050-Deep-Learning-Assignment\data\train\Czech\images\Czech_000592.jpg,Czech,1,0,0,1,0,['D20'],D20,test,250
C:\Users\ASUS\Desktop\SLIIT\Year 4\Semester 2\Deep Learning\Assignment\SE4050-Deep-Learning-Assignment\data\train\Czech\images\Czech_000593.jpg,Czech,1,1,0,0,0,['D00'],D00,train,251
C:\Users\ASUS\Desktop\SLIIT\Year 4\Semester 2\Deep Learning\Assignment\SE4050-Deep-Learning-Assignment\data\train\Czech\images\Czech_000594.jpg,Czech,1,0,0,1,0,['D20'],D20,train,252
C:\Users\ASUS\Desktop\SLIIT\Year 4\Semester 2\Deep Learning\Assignment\SE4050-Deep-Learning-Assignment\data\train\Czech\images\Czech_000595.jpg,Czech,1,0,0,0,1,['D40'],D40,train,253
C:\Users\ASUS\Desktop\SLIIT\Year 4\Semester 2\Deep Learning\Assignment\SE4050-Deep-Learning-Assignment\data\train\Czech\images\Czech_000596.jpg,Czech,1,0,0,0,1,['D40'],D40,train,254
C:\Users\ASUS\Desktop\SLIIT\Year 4\Semester 2\Deep Learning\Assignment\SE4050-Deep-Learning-Assignment\data\train\Czech\images\Czech_000599.jpg,Czech,1,0,0,1,0,['D20'],D20,train,255
C:\Users\ASUS\Desktop\SLIIT\Year 4\Semester 2\Deep Learning\Assignment\SE4050-Deep-Learning-Assignment\data\train\Czech\images\Czech_000603.jpg,Czech,3,1,0,0,1,"['D00', 'D40']",D00,train,256
C:\Users\ASUS\Desktop\SLIIT\Year 4\Semester 2\Deep Learning\Assignment\SE4050-Deep-Learning-Assignment\data\train\Czech\images\Czech_000612.jpg,Czech,1,0,0,0,1,['D40'],D40,test,257
C:\Users\ASUS\Desktop\SLIIT\Year 4\Semester 2\Deep Learning\Assignment\SE4050-Deep-Learning-Assignment\data\train\Czech\images\Czech_000616.jpg,Czech,2,1,1,0,0,"['D00', 'D10']",D00,train,258
C:\Users\ASUS\Desktop\SLIIT\Year 4\Semester 2\Deep Learning\Assignment\SE4050-Deep-Learning-Assignment\data\train\Czech\images\Czech_000621.jpg,Czech,1,1,0,0,0,['D00'],D00,train,259
C:\Users\ASUS\Desktop\SLIIT\Year 4\Semester 2\Deep Learning\Assignment\SE4050-Deep-Learning-Assignment\data\train\Czech\images\Czech_000627.jpg,Czech,2,1,0,1,0,"['D00', 'D20']",D00,train,13
C:\Users\ASUS\Desktop\SLIIT\Year 4\Semester 2\Deep Learning\Assignment\SE4050-Deep-Learning-Assignment\data\train\Czech\images\Czech_000631.jpg,Czech,1,1,0,0,0,['D00'],D00,train,260
C:\Users\ASUS\Desktop\SLIIT\Year 4\Semester 2\Deep Learning\Assignment\SE4050-Deep-Learning-Assignment\data\train\Czech\images\Czech_000633.jpg,Czech,2,1,0,0,0,['D00'],D00,train,261
C:\Users\ASUS\Desktop\SLIIT\Year 4\Semester 2\Deep Learning\Assignment\SE4050-Deep-Learning-Assignment\data\train\Czech\images\Czech_000634.jpg,Czech,8,1,1,0,1,"['D00', 'D10', 'D40']",D00,train,262
C:\Users\ASUS\Desktop\SLIIT\Year 4\Semester 2\Deep Learning\Assignment\SE4050-Deep-Learning-Assignment\data\train\Czech\images\Czech_000636.jpg,Czech,1,0,1,0,0,['D10'],D10,test,263
C:\Users\ASUS\Desktop\SLIIT\Year 4\Semester 2\Deep Learning\Assignment\SE4050-Deep-Learning-Assignment\data\train\Czech\images\Czech_000640.jpg,Czech,2,1,0,0,0,['D00'],D00,train,264
C:\Users\ASUS\Desktop\SLIIT\Year 4\Semester 2\Deep Learning\Assignment\SE4050-Deep-Learning-Assignment\data\train\Czech\images\Czech_000641.jpg,Czech,1,1,0,0,0,['D00'],D00,train,265
C:\Users\ASUS\Desktop\SLIIT\Year 4\Semester 2\Deep Learning\Assignment\SE4050-Deep-Learning-Assignment\data\train\Czech\images\Czech_000645.jpg,Czech,1,0,0,0,1,['D40'],D40,train,266
C:\Users\ASUS\Desktop\SLIIT\Year 4\Semester 2\Deep Learning\Assignment\SE4050-Deep-Learning-Assignment\data\train\Czech\images\Czech_000646.jpg,Czech,1,1,0,0,0,['D00'],D00,train,267
C:\Users\ASUS\Desktop\SLIIT\Year 4\Semester 2\Deep Learning\Assignment\SE4050-Deep-Learning-Assignment\data\train\Czech\images\Czech_000647.jpg,Czech,1,1,0,0,0,['D00'],D00,train,268
C:\Users\ASUS\Desktop\SLIIT\Year 4\Semester 2\Deep Learning\Assignment\SE4050-Deep-Learning-Assignment\data\train\Czech\images\Czech_000650.jpg,Czech,1,0,0,1,0,['D20'],D20,train,269
C:\Users\ASUS\Desktop\SLIIT\Year 4\Semester 2\Deep Learning\Assignment\SE4050-Deep-Learning-Assignment\data\train\Czech\images\Czech_000651.jpg,Czech,1,0,1,0,0,['D10'],D10,train,270
C:\Users\ASUS\Desktop\SLIIT\Year 4\Semester 2\Deep Learning\Assignment\SE4050-Deep-Learning-Assignment\data\train\Czech\images\Czech_000657.jpg,Czech,1,1,0,0,0,['D00'],D00,train,271
C:\Users\ASUS\Desktop\SLIIT\Year 4\Semester 2\Deep Learning\Assignment\SE4050-Deep-Learning-Assignment\data\train\Czech\images\Czech_000660.jpg,Czech,2,1,1,0,0,"['D00', 'D10']",D00,train,272
C:\Users\ASUS\Desktop\SLIIT\Year 4\Semester 2\Deep Learning\Assignment\SE4050-Deep-Learning-Assignment\data\train\Czech\images\Czech_000662.jpg,Czech,1,1,0,0,0,['D00'],D00,train,273
C:\Users\ASUS\Desktop\SLIIT\Year 4\Semester 2\Deep Learning\Assignment\SE4050-Deep-Learning-Assignment\data\train\Czech\images\Czech_000663.jpg,Czech,1,1,0,0,0,['D00'],D00,train,274
C:\Users\ASUS\Desktop\SLIIT\Year 4\Semester 2\Deep Learning\Assignment\SE4050-Deep-Learning-Assignment\data\train\Czech\images\Czech_000665.jpg,Czech,1,1,0,0,0,['D00'],D00,train,275
C:\Users\ASUS\Desktop\SLIIT\Year 4\Semester 2\Deep Learning\Assignment\SE4050-Deep-Learning-Assignment\data\train\Czech\images\Czech_000666.jpg,Czech,4,1,1,0,0,"['D00', 'D10']",D00,train,276
C:\Users\ASUS\Desktop\SLIIT\Year 4\Semester 2\Deep Learning\Assignment\SE4050-Deep-Learning-Assignment\data\train\Czech\images\Czech_000670.jpg,Czech,1,0,1,0,0,['D10'],D10,train,20
C:\Users\ASUS\Desktop\SLIIT\Year 4\Semester 2\Deep Learning\Assignment\SE4050-Deep-Learning-Assignment\data\train\Czech\images\Czech_000673.jpg,Czech,1,1,0,0,0,['D00'],D00,train,277
C:\Users\ASUS\Desktop\SLIIT\Year 4\Semester 2\Deep Learning\Assignment\SE4050-Deep-Learning-Assignment\data\train\Czech\images\Czech_000677.jpg,Czech,1,1,0,0,0,['D00'],D00,train,278
C:\Users\ASUS\Desktop\SLIIT\Year 4\Semester 2\Deep Learning\Assignment\SE4050-Deep-Learning-Assignment\data\train\Czech\images\Czech_000679.jpg,Czech,2,1,0,0,0,['D00'],D00,train,279
C:\Users\ASUS\Desktop\SLIIT\Year 4\Semester 2\Deep Learning\Assignment\SE4050-Deep-Learning-Assignment\data\train\Czech\images\Czech_000680.jpg,Czech,1,0,1,0,0,['D10'],D10,train,280
C:\Users\ASUS\Desktop\SLIIT\Year 4\Semester 2\Deep Learning\Assignment\SE4050-Deep-Learning-Assignment\data\train\Czech\images\Czech_000681.jpg,Czech,2,1,1,0,0,"['D00', 'D10']",D00,val,281
C:\Users\ASUS\Desktop\SLIIT\Year 4\Semester 2\Deep Learning\Assignment\SE4050-Deep-Learning-Assignment\data\train\Czech\images\Czech_000684.jpg,Czech,1,0,1,0,0,['D10'],D10,val,282
C:\Users\ASUS\Desktop\SLIIT\Year 4\Semester 2\Deep Learning\Assignment\SE4050-Deep-Learning-Assignment\data\train\Czech\images\Czech_000687.jpg,Czech,1,0,0,1,0,['D20'],D20,train,21
C:\Users\ASUS\Desktop\SLIIT\Year 4\Semester 2\Deep Learning\Assignment\SE4050-Deep-Learning-Assignment\data\train\Czech\images\Czech_000690.jpg,Czech,1,1,0,0,0,['D00'],D00,train,283
C:\Users\ASUS\Desktop\SLIIT\Year 4\Semester 2\Deep Learning\Assignment\SE4050-Deep-Learning-Assignment\data\train\Czech\images\Czech_000691.jpg,Czech,2,1,0,0,0,['D00'],D00,train,284
C:\Users\ASUS\Desktop\SLIIT\Year 4\Semester 2\Deep Learning\Assignment\SE4050-Deep-Learning-Assignment\data\train\Czech\images\Czech_000693.jpg,Czech,2,1,1,0,0,"['D00', 'D10']",D00,val,285
C:\Users\ASUS\Desktop\SLIIT\Year 4\Semester 2\Deep Learning\Assignment\SE4050-Deep-Learning-Assignment\data\train\Czech\images\Czech_000694.jpg,Czech,2,1,1,0,0,"['D00', 'D10']",D00,train,286
C:\Users\ASUS\Desktop\SLIIT\Year 4\Semester 2\Deep Learning\Assignment\SE4050-Deep-Learning-Assignment\data\train\Czech\images\Czech_000711.jpg,Czech,1,1,0,0,0,['D00'],D00,train,287
C:\Users\ASUS\Desktop\SLIIT\Year 4\Semester 2\Deep Learning\Assignment\SE4050-Deep-Learning-Assignment\data\train\Czech\images\Czech_000715.jpg,Czech,1,1,0,0,0,['D00'],D00,train,288
C:\Users\ASUS\Desktop\SLIIT\Year 4\Semester 2\Deep Learning\Assignment\SE4050-Deep-Learning-Assignment\data\train\Czech\images\Czech_000721.jpg,Czech,1,1,0,0,0,['D00'],D00,test,289
C:\Users\ASUS\Desktop\SLIIT\Year 4\Semester 2\Deep Learning\Assignment\SE4050-Deep-Learning-Assignment\data\train\Czech\images\Czech_000725.jpg,Czech,1,1,0,0,0,['D00'],D00,train,290
C:\Users\ASUS\Desktop\SLIIT\Year 4\Semester 2\Deep Learning\Assignment\SE4050-Deep-Learning-Assignment\data\train\Czech\images\Czech_000729.jpg,Czech,2,0,0,0,1,['D40'],D40,train,291
C:\Users\ASUS\Desktop\SLIIT\Year 4\Semester 2\Deep Learning\Assignment\SE4050-Deep-Learning-Assignment\data\train\Czech\images\Czech_000737.jpg,Czech,2,1,0,0,0,['D00'],D00,train,292
C:\Users\ASUS\Desktop\SLIIT\Year 4\Semester 2\Deep Learning\Assignment\SE4050-Deep-Learning-Assignment\data\train\Czech\images\Czech_000738.jpg,Czech,2,1,0,0,0,['D00'],D00,val,293
C:\Users\ASUS\Desktop\SLIIT\Year 4\Semester 2\Deep Learning\Assignment\SE4050-Deep-Learning-Assignment\data\train\Czech\images\Czech_000742.jpg,Czech,1,0,0,1,0,['D20'],D20,train,294
C:\Users\ASUS\Desktop\SLIIT\Year 4\Semester 2\Deep Learning\Assignment\SE4050-Deep-Learning-Assignment\data\train\Czech\images\Czech_000743.jpg,Czech,1,1,0,0,0,['D00'],D00,train,295
C:\Users\ASUS\Desktop\SLIIT\Year 4\Semester 2\Deep Learning\Assignment\SE4050-Deep-Learning-Assignment\data\train\Czech\images\Czech_000744.jpg,Czech,1,0,1,0,0,['D10'],D10,train,296
C:\Users\ASUS\Desktop\SLIIT\Year 4\Semester 2\Deep Learning\Assignment\SE4050-Deep-Learning-Assignment\data\train\Czech\images\Czech_000749.jpg,Czech,1,0,0,0,1,['D40'],D40,train,297
C:\Users\ASUS\Desktop\SLIIT\Year 4\Semester 2\Deep Learning\Assignment\SE4050-Deep-Learning-Assignment\data\train\Czech\images\Czech_000755.jpg,Czech,1,0,0,0,1,['D40'],D40,test,298
C:\Users\ASUS\Desktop\SLIIT\Year 4\Semester 2\Deep Learning\Assignment\SE4050-Deep-Learning-Assignment\data\train\Czech\images\Czech_000757.jpg,Czech,2,1,0,0,1,"['D00', 'D40']",D00,train,299
C:\Users\ASUS\Desktop\SLIIT\Year 4\Semester 2\Deep Learning\Assignment\SE4050-Deep-Learning-Assignment\data\train\Czech\images\Czech_000758.jpg,Czech,2,1,0,0,1,"['D00', 'D40']",D00,train,300
C:\Users\ASUS\Desktop\SLIIT\Year 4\Semester 2\Deep Learning\Assignment\SE4050-Deep-Learning-Assignment\data\train\Czech\images\Czech_000759.jpg,Czech,3,1,0,0,1,"['D00', 'D40']",D00,train,301
C:\Users\ASUS\Desktop\SLIIT\Year 4\Semester 2\Deep Learning\Assignment\SE4050-Deep-Learning-Assignment\data\train\Czech\images\Czech_000760.jpg,Czech,5,1,1,0,0,"['D00', 'D10']",D00,train,302
C:\Users\ASUS\Desktop\SLIIT\Year 4\Semester 2\Deep Learning\Assignment\SE4050-Deep-Learning-Assignment\data\train\Czech\images\Czech_000762.jpg,Czech,2,1,0,0,1,"['D00', 'D40']",D00,val,303
C:\Users\ASUS\Desktop\SLIIT\Year 4\Semester 2\Deep Learning\Assignment\SE4050-Deep-Learning-Assignment\data\train\Czech\images\Czech_000768.jpg,Czech,1,0,0,0,1,['D40'],D40,train,304
C:\Users\ASUS\Desktop\SLIIT\Year 4\Semester 2\Deep Learning\Assignment\SE4050-Deep-Learning-Assignment\data\train\Czech\images\Czech_000770.jpg,Czech,1,1,0,0,0,['D00'],D00,train,305
C:\Users\ASUS\Desktop\SLIIT\Year 4\Semester 2\Deep Learning\Assignment\SE4050-Deep-Learning-Assignment\data\train\Czech\images\Czech_000775.jpg,Czech,1,0,1,0,0,['D10'],D10,train,306
C:\Users\ASUS\Desktop\SLIIT\Year 4\Semester 2\Deep Learning\Assignment\SE4050-Deep-Learning-Assignment\data\train\Czech\images\Czech_000780.jpg,Czech,1,1,0,0,0,['D00'],D00,train,307
C:\Users\ASUS\Desktop\SLIIT\Year 4\Semester 2\Deep Learning\Assignment\SE4050-Deep-Learning-Assignment\data\train\Czech\images\Czech_000781.jpg,Czech,1,1,0,0,0,['D00'],D00,train,308
C:\Users\ASUS\Desktop\SLIIT\Year 4\Semester 2\Deep Learning\Assignment\SE4050-Deep-Learning-Assignment\data\train\Czech\images\Czech_000784.jpg,Czech,1,1,0,0,0,['D00'],D00,train,309
C:\Users\ASUS\Desktop\SLIIT\Year 4\Semester 2\Deep Learning\Assignment\SE4050-Deep-Learning-Assignment\data\train\Czech\images\Czech_000786.jpg,Czech,2,1,1,0,0,"['D00', 'D10']",D00,test,310
C:\Users\ASUS\Desktop\SLIIT\Year 4\Semester 2\Deep Learning\Assignment\SE4050-Deep-Learning-Assignment\data\train\Czech\images\Czech_000789.jpg,Czech,1,1,0,0,0,['D00'],D00,train,311
C:\Users\ASUS\Desktop\SLIIT\Year 4\Semester 2\Deep Learning\Assignment\SE4050-Deep-Learning-Assignment\data\train\Czech\images\Czech_000791.jpg,Czech,1,0,0,0,1,['D40'],D40,test,312
C:\Users\ASUS\Desktop\SLIIT\Year 4\Semester 2\Deep Learning\Assignment\SE4050-Deep-Learning-Assignment\data\train\Czech\images\Czech_000792.jpg,Czech,1,0,0,0,1,['D40'],D40,val,313
C:\Users\ASUS\Desktop\SLIIT\Year 4\Semester 2\Deep Learning\Assignment\SE4050-Deep-Learning-Assignment\data\train\Czech\images\Czech_000794.jpg,Czech,2,1,0,1,0,"['D00', 'D20']",D00,train,314
C:\Users\ASUS\Desktop\SLIIT\Year 4\Semester 2\Deep Learning\Assignment\SE4050-Deep-Learning-Assignment\data\train\Czech\images\Czech_000801.jpg,Czech,1,1,0,0,0,['D00'],D00,train,315
C:\Users\ASUS\Desktop\SLIIT\Year 4\Semester 2\Deep Learning\Assignment\SE4050-Deep-Learning-Assignment\data\train\Czech\images\Czech_000803.jpg,Czech,1,0,0,1,0,['D20'],D20,train,316
C:\Users\ASUS\Desktop\SLIIT\Year 4\Semester 2\Deep Learning\Assignment\SE4050-Deep-Learning-Assignment\data\train\Czech\images\Czech_000805.jpg,Czech,1,1,0,0,0,['D00'],D00,train,317
C:\Users\ASUS\Desktop\SLIIT\Year 4\Semester 2\Deep Learning\Assignment\SE4050-Deep-Learning-Assignment\data\train\Czech\images\Czech_000809.jpg,Czech,3,1,1,1,0,"['D00', 'D10', 'D20']",D00,train,318
C:\Users\ASUS\Desktop\SLIIT\Year 4\Semester 2\Deep Learning\Assignment\SE4050-Deep-Learning-Assignment\data\train\Czech\images\Czech_000810.jpg,Czech,1,1,0,0,0,['D00'],D00,train,319
C:\Users\ASUS\Desktop\SLIIT\Year 4\Semester 2\Deep Learning\Assignment\SE4050-Deep-Learning-Assignment\data\train\Czech\images\Czech_000812.jpg,Czech,1,1,0,0,0,['D00'],D00,train,320
C:\Users\ASUS\Desktop\SLIIT\Year 4\Semester 2\Deep Learning\Assignment\SE4050-Deep-Learning-Assignment\data\train\Czech\images\Czech_000814.jpg,Czech,2,1,0,0,1,"['D00', 'D40']",D00,test,321
C:\Users\ASUS\Desktop\SLIIT\Year 4\Semester 2\Deep Learning\Assignment\SE4050-Deep-Learning-Assignment\data\train\Czech\images\Czech_000817.jpg,Czech,3,1,0,0,0,['D00'],D00,test,322
C:\Users\ASUS\Desktop\SLIIT\Year 4\Semester 2\Deep Learning\Assignment\SE4050-Deep-Learning-Assignment\data\train\Czech\images\Czech_000825.jpg,Czech,2,1,1,0,0,"['D00', 'D10']",D00,train,323
C:\Users\ASUS\Desktop\SLIIT\Year 4\Semester 2\Deep Learning\Assignment\SE4050-Deep-Learning-Assignment\data\train\Czech\images\Czech_000829.jpg,Czech,1,1,0,0,0,['D00'],D00,train,324
C:\Users\ASUS\Desktop\SLIIT\Year 4\Semester 2\Deep Learning\Assignment\SE4050-Deep-Learning-Assignment\data\train\Czech\images\Czech_000832.jpg,Czech,1,1,0,0,0,['D00'],D00,train,325
C:\Users\ASUS\Desktop\SLIIT\Year 4\Semester 2\Deep Learning\Assignment\SE4050-Deep-Learning-Assignment\data\train\Czech\images\Czech_000836.jpg,Czech,1,0,0,0,1,['D40'],D40,train,326
C:\Users\ASUS\Desktop\SLIIT\Year 4\Semester 2\Deep Learning\Assignment\SE4050-Deep-Learning-Assignment\data\train\Czech\images\Czech_000839.jpg,Czech,1,0,0,0,1,['D40'],D40,train,327
C:\Users\ASUS\Desktop\SLIIT\Year 4\Semester 2\Deep Learning\Assignment\SE4050-Deep-Learning-Assignment\data\train\Czech\images\Czech_000842.jpg,Czech,2,0,1,0,1,"['D10', 'D40']",D10,train,328
C:\Users\ASUS\Desktop\SLIIT\Year 4\Semester 2\Deep Learning\Assignment\SE4050-Deep-Learning-Assignment\data\train\Czech\images\Czech_000844.jpg,Czech,6,1,1,0,0,"['D00', 'D10']",D00,train,329
C:\Users\ASUS\Desktop\SLIIT\Year 4\Semester 2\Deep Learning\Assignment\SE4050-Deep-Learning-Assignment\data\train\Czech\images\Czech_000850.jpg,Czech,2,1,0,0,0,['D00'],D00,train,330
C:\Users\ASUS\Desktop\SLIIT\Year 4\Semester 2\Deep Learning\Assignment\SE4050-Deep-Learning-Assignment\data\train\Czech\images\Czech_000852.jpg,Czech,1,1,0,0,0,['D00'],D00,train,331
C:\Users\ASUS\Desktop\SLIIT\Year 4\Semester 2\Deep Learning\Assignment\SE4050-Deep-Learning-Assignment\data\train\Czech\images\Czech_000853.jpg,Czech,3,1,0,0,1,"['D00', 'D40']",D00,val,332
C:\Users\ASUS\Desktop\SLIIT\Year 4\Semester 2\Deep Learning\Assignment\SE4050-Deep-Learning-Assignment\data\train\Czech\images\Czech_000863.jpg,Czech,2,1,0,0,0,['D00'],D00,train,333
C:\Users\ASUS\Desktop\SLIIT\Year 4\Semester 2\Deep Learning\Assignment\SE4050-Deep-Learning-Assignment\data\train\Czech\images\Czech_000870.jpg,Czech,1,1,0,0,0,['D00'],D00,train,334
C:\Users\ASUS\Desktop\SLIIT\Year 4\Semester 2\Deep Learning\Assignment\SE4050-Deep-Learning-Assignment\data\train\Czech\images\Czech_000872.jpg,Czech,2,1,0,0,0,['D00'],D00,train,335
C:\Users\ASUS\Desktop\SLIIT\Year 4\Semester 2\Deep Learning\Assignment\SE4050-Deep-Learning-Assignment\data\train\Czech\images\Czech_000873.jpg,Czech,1,1,0,0,0,['D00'],D00,train,336
C:\Users\ASUS\Desktop\SLIIT\Year 4\Semester 2\Deep Learning\Assignment\SE4050-Deep-Learning-Assignment\data\train\Czech\images\Czech_000876.jpg,Czech,1,0,0,1,0,['D20'],D20,train,337
C:\Users\ASUS\Desktop\SLIIT\Year 4\Semester 2\Deep Learning\Assignment\SE4050-Deep-Learning-Assignment\data\train\Czech\images\Czech_000881.jpg,Czech,1,0,0,0,1,['D40'],D40,train,338
C:\Users\ASUS\Desktop\SLIIT\Year 4\Semester 2\Deep Learning\Assignment\SE4050-Deep-Learning-Assignment\data\train\Czech\images\Czech_000883.jpg,Czech,3,1,0,0,1,"['D00', 'D40']",D00,train,339
C:\Users\ASUS\Desktop\SLIIT\Year 4\Semester 2\Deep Learning\Assignment\SE4050-Deep-Learning-Assignment\data\train\Czech\images\Czech_000888.jpg,Czech,1,1,0,0,0,['D00'],D00,train,340
C:\Users\ASUS\Desktop\SLIIT\Year 4\Semester 2\Deep Learning\Assignment\SE4050-Deep-Learning-Assignment\data\train\Czech\images\Czech_000889.jpg,Czech,1,1,0,0,0,['D00'],D00,train,341
C:\Users\ASUS\Desktop\SLIIT\Year 4\Semester 2\Deep Learning\Assignment\SE4050-Deep-Learning-Assignment\data\train\Czech\images\Czech_000890.jpg,Czech,2,0,0,1,0,['D20'],D20,test,342
C:\Users\ASUS\Desktop\SLIIT\Year 4\Semester 2\Deep Learning\Assignment\SE4050-Deep-Learning-Assignment\data\train\Czech\images\Czech_000897.jpg,Czech,2,0,1,1,0,"['D10', 'D20']",D10,val,343
C:\Users\ASUS\Desktop\SLIIT\Year 4\Semester 2\Deep Learning\Assignment\SE4050-Deep-Learning-Assignment\data\train\Czech\images\Czech_000899.jpg,Czech,1,1,0,0,0,['D00'],D00,train,344
C:\Users\ASUS\Desktop\SLIIT\Year 4\Semester 2\Deep Learning\Assignment\SE4050-Deep-Learning-Assignment\data\train\Czech\images\Czech_000900.jpg,Czech,1,1,0,0,0,['D00'],D00,train,345
C:\Users\ASUS\Desktop\SLIIT\Year 4\Semester 2\Deep Learning\Assignment\SE4050-Deep-Learning-Assignment\data\train\Czech\images\Czech_000904.jpg,Czech,1,0,0,0,1,['D40'],D40,train,346
C:\Users\ASUS\Desktop\SLIIT\Year 4\Semester 2\Deep Learning\Assignment\SE4050-Deep-Learning-Assignment\data\train\Czech\images\Czech_000905.jpg,Czech,1,0,1,0,0,['D10'],D10,train,347
C:\Users\ASUS\Desktop\SLIIT\Year 4\Semester 2\Deep Learning\Assignment\SE4050-Deep-Learning-Assignment\data\train\Czech\images\Czech_000907.jpg,Czech,2,1,1,0,0,"['D00', 'D10']",D00,val,348
C:\Users\ASUS\Desktop\SLIIT\Year 4\Semester 2\Deep Learning\Assignment\SE4050-Deep-Learning-Assignment\data\train\Czech\images\Czech_000908.jpg,Czech,1,1,0,0,0,['D00'],D00,train,349
C:\Users\ASUS\Desktop\SLIIT\Year 4\Semester 2\Deep Learning\Assignment\SE4050-Deep-Learning-Assignment\data\train\Czech\images\Czech_000910.jpg,Czech,1,1,0,0,0,['D00'],D00,test,350
C:\Users\ASUS\Desktop\SLIIT\Year 4\Semester 2\Deep Learning\Assignment\SE4050-Deep-Learning-Assignment\data\train\Czech\images\Czech_000920.jpg,Czech,1,0,0,0,1,['D40'],D40,train,351
C:\Users\ASUS\Desktop\SLIIT\Year 4\Semester 2\Deep Learning\Assignment\SE4050-Deep-Learning-Assignment\data\train\Czech\images\Czech_000921.jpg,Czech,2,1,0,0,0,['D00'],D00,test,352
C:\Users\ASUS\Desktop\SLIIT\Year 4\Semester 2\Deep Learning\Assignment\SE4050-Deep-Learning-Assignment\data\train\Czech\images\Czech_000925.jpg,Czech,1,1,0,0,0,['D00'],D00,train,353
C:\Users\ASUS\Desktop\SLIIT\Year 4\Semester 2\Deep Learning\Assignment\SE4050-Deep-Learning-Assignment\data\train\Czech\images\Czech_000926.jpg,Czech,2,0,0,1,0,['D20'],D20,test,354
C:\Users\ASUS\Desktop\SLIIT\Year 4\Semester 2\Deep Learning\Assignment\SE4050-Deep-Learning-Assignment\data\train\Czech\images\Czech_000928.jpg,Czech,1,1,0,0,0,['D00'],D00,train,355
C:\Users\ASUS\Desktop\SLIIT\Year 4\Semester 2\Deep Learning\Assignment\SE4050-Deep-Learning-Assignment\data\train\Czech\images\Czech_000929.jpg,Czech,1,1,0,0,0,['D00'],D00,train,356
C:\Users\ASUS\Desktop\SLIIT\Year 4\Semester 2\Deep Learning\Assignment\SE4050-Deep-Learning-Assignment\data\train\Czech\images\Czech_000931.jpg,Czech,2,1,0,0,0,['D00'],D00,test,357
C:\Users\ASUS\Desktop\SLIIT\Year 4\Semester 2\Deep Learning\Assignment\SE4050-Deep-Learning-Assignment\data\train\Czech\images\Czech_000934.jpg,Czech,1,1,0,0,0,['D00'],D00,train,358
C:\Users\ASUS\Desktop\SLIIT\Year 4\Semester 2\Deep Learning\Assignment\SE4050-Deep-Learning-Assignment\data\train\Czech\images\Czech_000935.jpg,Czech,2,1,0,0,0,['D00'],D00,train,359
C:\Users\ASUS\Desktop\SLIIT\Year 4\Semester 2\Deep Learning\Assignment\SE4050-Deep-Learning-Assignment\data\train\Czech\images\Czech_000937.jpg,Czech,2,0,0,0,1,['D40'],D40,train,360
C:\Users\ASUS\Desktop\SLIIT\Year 4\Semester 2\Deep Learning\Assignment\SE4050-Deep-Learning-Assignment\data\train\Czech\images\Czech_000948.jpg,Czech,1,1,0,0,0,['D00'],D00,train,361
C:\Users\ASUS\Desktop\SLIIT\Year 4\Semester 2\Deep Learning\Assignment\SE4050-Deep-Learning-Assignment\data\train\Czech\images\Czech_000949.jpg,Czech,1,1,0,0,0,['D00'],D00,train,362
C:\Users\ASUS\Desktop\SLIIT\Year 4\Semester 2\Deep Learning\Assignment\SE4050-Deep-Learning-Assignment\data\train\Czech\images\Czech_000950.jpg,Czech,1,1,0,0,0,['D00'],D00,train,363
C:\Users\ASUS\Desktop\SLIIT\Year 4\Semester 2\Deep Learning\Assignment\SE4050-Deep-Learning-Assignment\data\train\Czech\images\Czech_000959.jpg,Czech,1,0,1,0,0,['D10'],D10,train,364
C:\Users\ASUS\Desktop\SLIIT\Year 4\Semester 2\Deep Learning\Assignment\SE4050-Deep-Learning-Assignment\data\train\Czech\images\Czech_000960.jpg,Czech,1,1,0,0,0,['D00'],D00,test,365
C:\Users\ASUS\Desktop\SLIIT\Year 4\Semester 2\Deep Learning\Assignment\SE4050-Deep-Learning-Assignment\data\train\Czech\images\Czech_000963.jpg,Czech,1,1,0,0,0,['D00'],D00,train,366
C:\Users\ASUS\Desktop\SLIIT\Year 4\Semester 2\Deep Learning\Assignment\SE4050-Deep-Learning-Assignment\data\train\Czech\images\Czech_000966.jpg,Czech,1,1,0,0,0,['D00'],D00,test,367
C:\Users\ASUS\Desktop\SLIIT\Year 4\Semester 2\Deep Learning\Assignment\SE4050-Deep-Learning-Assignment\data\train\Czech\images\Czech_000969.jpg,Czech,2,1,0,0,0,['D00'],D00,train,368
C:\Users\ASUS\Desktop\SLIIT\Year 4\Semester 2\Deep Learning\Assignment\SE4050-Deep-Learning-Assignment\data\train\Czech\images\Czech_000973.jpg,Czech,3,0,0,1,1,"['D20', 'D40']",D20,train,369
C:\Users\ASUS\Desktop\SLIIT\Year 4\Semester 2\Deep Learning\Assignment\SE4050-Deep-Learning-Assignment\data\train\Czech\images\Czech_000976.jpg,Czech,1,0,0,0,1,['D40'],D40,train,370
C:\Users\ASUS\Desktop\SLIIT\Year 4\Semester 2\Deep Learning\Assignment\SE4050-Deep-Learning-Assignment\data\train\Czech\images\Czech_000982.jpg,Czech,4,0,0,1,1,"['D20', 'D40']",D20,train,371
C:\Users\ASUS\Desktop\SLIIT\Year 4\Semester 2\Deep Learning\Assignment\SE4050-Deep-Learning-Assignment\data\train\Czech\images\Czech_000985.jpg,Czech,1,1,0,0,0,['D00'],D00,test,372
C:\Users\ASUS\Desktop\SLIIT\Year 4\Semester 2\Deep Learning\Assignment\SE4050-Deep-Learning-Assignment\data\train\Czech\images\Czech_000986.jpg,Czech,1,1,0,0,0,['D00'],D00,train,373
C:\Users\ASUS\Desktop\SLIIT\Year 4\Semester 2\Deep Learning\Assignment\SE4050-Deep-Learning-Assignment\data\train\Czech\images\Czech_000990.jpg,Czech,1,0,1,0,0,['D10'],D10,train,374
C:\Users\ASUS\Desktop\SLIIT\Year 4\Semester 2\Deep Learning\Assignment\SE4050-Deep-Learning-Assignment\data\train\Czech\images\Czech_000991.jpg,Czech,1,0,1,0,0,['D10'],D10,train,375
C:\Users\ASUS\Desktop\SLIIT\Year 4\Semester 2\Deep Learning\Assignment\SE4050-Deep-Learning-Assignment\data\train\Czech\images\Czech_000992.jpg,Czech,1,1,0,0,0,['D00'],D00,train,376
C:\Users\ASUS\Desktop\SLIIT\Year 4\Semester 2\Deep Learning\Assignment\SE4050-Deep-Learning-Assignment\data\train\Czech\images\Czech_000995.jpg,Czech,1,1,0,0,0,['D00'],D00,test,377
C:\Users\ASUS\Desktop\SLIIT\Year 4\Semester 2\Deep Learning\Assignment\SE4050-Deep-Learning-Assignment\data\train\Czech\images\Czech_000996.jpg,Czech,2,1,0,0,0,['D00'],D00,train,378
C:\Users\ASUS\Desktop\SLIIT\Year 4\Semester 2\Deep Learning\Assignment\SE4050-Deep-Learning-Assignment\data\train\Czech\images\Czech_000997.jpg,Czech,1,1,0,0,0,['D00'],D00,train,379
C:\Users\ASUS\Desktop\SLIIT\Year 4\Semester 2\Deep Learning\Assignment\SE4050-Deep-Learning-Assignment\data\train\Czech\images\Czech_001003.jpg,Czech,1,1,0,0,0,['D00'],D00,train,380
C:\Users\ASUS\Desktop\SLIIT\Year 4\Semester 2\Deep Learning\Assignment\SE4050-Deep-Learning-Assignment\data\train\Czech\images\Czech_001004.jpg,Czech,2,1,1,0,0,"['D00', 'D10']",D00,val,381
C:\Users\ASUS\Desktop\SLIIT\Year 4\Semester 2\Deep Learning\Assignment\SE4050-Deep-Learning-Assignment\data\train\Czech\images\Czech_001005.jpg,Czech,1,0,1,0,0,['D10'],D10,train,382
C:\Users\ASUS\Desktop\SLIIT\Year 4\Semester 2\Deep Learning\Assignment\SE4050-Deep-Learning-Assignment\data\train\Czech\images\Czech_001010.jpg,Czech,1,1,0,0,0,['D00'],D00,train,383
C:\Users\ASUS\Desktop\SLIIT\Year 4\Semester 2\Deep Learning\Assignment\SE4050-Deep-Learning-Assignment\data\train\Czech\images\Czech_001012.jpg,Czech,1,0,1,0,0,['D10'],D10,train,20
C:\Users\ASUS\Desktop\SLIIT\Year 4\Semester 2\Deep Learning\Assignment\SE4050-Deep-Learning-Assignment\data\train\Czech\images\Czech_001013.jpg,Czech,1,1,0,0,0,['D00'],D00,train,384
C:\Users\ASUS\Desktop\SLIIT\Year 4\Semester 2\Deep Learning\Assignment\SE4050-Deep-Learning-Assignment\data\train\Czech\images\Czech_001017.jpg,Czech,1,1,0,0,0,['D00'],D00,test,385
C:\Users\ASUS\Desktop\SLIIT\Year 4\Semester 2\Deep Learning\Assignment\SE4050-Deep-Learning-Assignment\data\train\Czech\images\Czech_001023.jpg,Czech,3,1,1,0,0,"['D00', 'D10']",D00,train,386
C:\Users\ASUS\Desktop\SLIIT\Year 4\Semester 2\Deep Learning\Assignment\SE4050-Deep-Learning-Assignment\data\train\Czech\images\Czech_001025.jpg,Czech,3,0,1,0,1,"['D10', 'D40']",D10,train,387
C:\Users\ASUS\Desktop\SLIIT\Year 4\Semester 2\Deep Learning\Assignment\SE4050-Deep-Learning-Assignment\data\train\Czech\images\Czech_001028.jpg,Czech,2,1,1,0,0,"['D00', 'D10']",D00,train,388
C:\Users\ASUS\Desktop\SLIIT\Year 4\Semester 2\Deep Learning\Assignment\SE4050-Deep-Learning-Assignment\data\train\Czech\images\Czech_001035.jpg,Czech,1,0,1,0,0,['D10'],D10,train,389
C:\Users\ASUS\Desktop\SLIIT\Year 4\Semester 2\Deep Learning\Assignment\SE4050-Deep-Learning-Assignment\data\train\Czech\images\Czech_001039.jpg,Czech,1,0,1,0,0,['D10'],D10,train,390
C:\Users\ASUS\Desktop\SLIIT\Year 4\Semester 2\Deep Learning\Assignment\SE4050-Deep-Learning-Assignment\data\train\Czech\images\Czech_001040.jpg,Czech,1,1,0,0,0,['D00'],D00,train,391
C:\Users\ASUS\Desktop\SLIIT\Year 4\Semester 2\Deep Learning\Assignment\SE4050-Deep-Learning-Assignment\data\train\Czech\images\Czech_001041.jpg,Czech,3,1,0,1,0,"['D00', 'D20']",D00,train,392
C:\Users\ASUS\Desktop\SLIIT\Year 4\Semester 2\Deep Learning\Assignment\SE4050-Deep-Learning-Assignment\data\train\Czech\images\Czech_001043.jpg,Czech,2,1,0,0,0,['D00'],D00,train,393
C:\Users\ASUS\Desktop\SLIIT\Year 4\Semester 2\Deep Learning\Assignment\SE4050-Deep-Learning-Assignment\data\train\Czech\images\Czech_001047.jpg,Czech,5,1,1,0,0,"['D00', 'D10']",D00,train,394
C:\Users\ASUS\Desktop\SLIIT\Year 4\Semester 2\Deep Learning\Assignment\SE4050-Deep-Learning-Assignment\data\train\Czech\images\Czech_001053.jpg,Czech,1,0,0,0,1,['D40'],D40,test,395
C:\Users\ASUS\Desktop\SLIIT\Year 4\Semester 2\Deep Learning\Assignment\SE4050-Deep-Learning-Assignment\data\train\Czech\images\Czech_001054.jpg,Czech,3,0,1,0,1,"['D10', 'D40']",D10,test,396
C:\Users\ASUS\Desktop\SLIIT\Year 4\Semester 2\Deep Learning\Assignment\SE4050-Deep-Learning-Assignment\data\train\Czech\images\Czech_001057.jpg,Czech,4,1,0,1,0,"['D00', 'D20']",D00,train,397
C:\Users\ASUS\Desktop\SLIIT\Year 4\Semester 2\Deep Learning\Assignment\SE4050-Deep-Learning-Assignment\data\train\Czech\images\Czech_001058.jpg,Czech,3,1,0,0,0,['D00'],D00,train,398
C:\Users\ASUS\Desktop\SLIIT\Year 4\Semester 2\Deep Learning\Assignment\SE4050-Deep-Learning-Assignment\data\train\Czech\images\Czech_001062.jpg,Czech,1,1,0,0,0,['D00'],D00,train,399
C:\Users\ASUS\Desktop\SLIIT\Year 4\Semester 2\Deep Learning\Assignment\SE4050-Deep-Learning-Assignment\data\train\Czech\images\Czech_001065.jpg,Czech,1,1,0,0,0,['D00'],D00,test,400
C:\Users\ASUS\Desktop\SLIIT\Year 4\Semester 2\Deep Learning\Assignment\SE4050-Deep-Learning-Assignment\data\train\Czech\images\Czech_001066.jpg,Czech,1,0,1,0,0,['D10'],D10,train,401
C:\Users\ASUS\Desktop\SLIIT\Year 4\Semester 2\Deep Learning\Assignment\SE4050-Deep-Learning-Assignment\data\train\Czech\images\Czech_001086.jpg,Czech,1,1,0,0,0,['D00'],D00,test,402
C:\Users\ASUS\Desktop\SLIIT\Year 4\Semester 2\Deep Learning\Assignment\SE4050-Deep-Learning-Assignment\data\train\Czech\images\Czech_001088.jpg,Czech,3,1,0,0,0,['D00'],D00,train,403
C:\Users\ASUS\Desktop\SLIIT\Year 4\Semester 2\Deep Learning\Assignment\SE4050-Deep-Learning-Assignment\data\train\Czech\images\Czech_001090.jpg,Czech,2,0,1,0,1,"['D10', 'D40']",D10,val,404
C:\Users\ASUS\Desktop\SLIIT\Year 4\Semester 2\Deep Learning\Assignment\SE4050-Deep-Learning-Assignment\data\train\Czech\images\Czech_001097.jpg,Czech,1,1,0,0,0,['D00'],D00,val,405
C:\Users\ASUS\Desktop\SLIIT\Year 4\Semester 2\Deep Learning\Assignment\SE4050-Deep-Learning-Assignment\data\train\Czech\images\Czech_001099.jpg,Czech,3,0,1,1,0,"['D10', 'D20']",D10,train,406
C:\Users\ASUS\Desktop\SLIIT\Year 4\Semester 2\Deep Learning\Assignment\SE4050-Deep-Learning-Assignment\data\train\Czech\images\Czech_001107.jpg,Czech,3,0,0,0,1,['D40'],D40,train,407
C:\Users\ASUS\Desktop\SLIIT\Year 4\Semester 2\Deep Learning\Assignment\SE4050-Deep-Learning-Assignment\data\train\Czech\images\Czech_001108.jpg,Czech,2,1,1,0,0,"['D00', 'D10']",D00,train,408
C:\Users\ASUS\Desktop\SLIIT\Year 4\Semester 2\Deep Learning\Assignment\SE4050-Deep-Learning-Assignment\data\train\Czech\images\Czech_001110.jpg,Czech,1,0,1,0,0,['D10'],D10,val,409
C:\Users\ASUS\Desktop\SLIIT\Year 4\Semester 2\Deep Learning\Assignment\SE4050-Deep-Learning-Assignment\data\train\Czech\images\Czech_001113.jpg,Czech,1,1,0,0,0,['D00'],D00,train,410
C:\Users\ASUS\Desktop\SLIIT\Year 4\Semester 2\Deep Learning\Assignment\SE4050-Deep-Learning-Assignment\data\train\Czech\images\Czech_001114.jpg,Czech,2,0,1,0,1,"['D10', 'D40']",D10,train,411
C:\Users\ASUS\Desktop\SLIIT\Year 4\Semester 2\Deep Learning\Assignment\SE4050-Deep-Learning-Assignment\data\train\Czech\images\Czech_001115.jpg,Czech,1,1,0,0,0,['D00'],D00,train,412
C:\Users\ASUS\Desktop\SLIIT\Year 4\Semester 2\Deep Learning\Assignment\SE4050-Deep-Learning-Assignment\data\train\Czech\images\Czech_001120.jpg,Czech,4,1,1,1,0,"['D00', 'D10', 'D20']",D00,test,413
C:\Users\ASUS\Desktop\SLIIT\Year 4\Semester 2\Deep Learning\Assignment\SE4050-Deep-Learning-Assignment\data\train\Czech\images\Czech_001129.jpg,Czech,2,1,0,0,1,"['D00', 'D40']",D00,train,414
C:\Users\ASUS\Desktop\SLIIT\Year 4\Semester 2\Deep Learning\Assignment\SE4050-Deep-Learning-Assignment\data\train\Czech\images\Czech_001133.jpg,Czech,1,1,0,0,0,['D00'],D00,val,415
C:\Users\ASUS\Desktop\SLIIT\Year 4\Semester 2\Deep Learning\Assignment\SE4050-Deep-Learning-Assignment\data\train\Czech\images\Czech_001139.jpg,Czech,3,1,1,0,0,"['D00', 'D10']",D00,val,416
C:\Users\ASUS\Desktop\SLIIT\Year 4\Semester 2\Deep Learning\Assignment\SE4050-Deep-Learning-Assignment\data\train\Czech\images\Czech_001142.jpg,Czech,1,1,0,0,0,['D00'],D00,train,417
C:\Users\ASUS\Desktop\SLIIT\Year 4\Semester 2\Deep Learning\Assignment\SE4050-Deep-Learning-Assignment\data\train\Czech\images\Czech_001144.jpg,Czech,4,1,0,0,0,['D00'],D00,val,418
C:\Users\ASUS\Desktop\SLIIT\Year 4\Semester 2\Deep Learning\Assignment\SE4050-Deep-Learning-Assignment\data\train\Czech\images\Czech_001145.jpg,Czech,1,1,0,0,0,['D00'],D00,val,419
C:\Users\ASUS\Desktop\SLIIT\Year 4\Semester 2\Deep Learning\Assignment\SE4050-Deep-Learning-Assignment\data\train\Czech\images\Czech_001152.jpg,Czech,1,1,0,0,0,['D00'],D00,train,420
C:\Users\ASUS\Desktop\SLIIT\Year 4\Semester 2\Deep Learning\Assignment\SE4050-Deep-Learning-Assignment\data\train\Czech\images\Czech_001159.jpg,Czech,1,1,0,0,0,['D00'],D00,train,421
C:\Users\ASUS\Desktop\SLIIT\Year 4\Semester 2\Deep Learning\Assignment\SE4050-Deep-Learning-Assignment\data\train\Czech\images\Czech_001161.jpg,Czech,1,1,0,0,0,['D00'],D00,val,422
C:\Users\ASUS\Desktop\SLIIT\Year 4\Semester 2\Deep Learning\Assignment\SE4050-Deep-Learning-Assignment\data\train\Czech\images\Czech_001167.jpg,Czech,1,0,0,1,0,['D20'],D20,train,423
C:\Users\ASUS\Desktop\SLIIT\Year 4\Semester 2\Deep Learning\Assignment\SE4050-Deep-Learning-Assignment\data\train\Czech\images\Czech_001172.jpg,Czech,1,0,1,0,0,['D10'],D10,val,424
C:\Users\ASUS\Desktop\SLIIT\Year 4\Semester 2\Deep Learning\Assignment\SE4050-Deep-Learning-Assignment\data\train\Czech\images\Czech_001176.jpg,Czech,1,0,0,1,0,['D20'],D20,train,425
C:\Users\ASUS\Desktop\SLIIT\Year 4\Semester 2\Deep Learning\Assignment\SE4050-Deep-Learning-Assignment\data\train\Czech\images\Czech_001177.jpg,Czech,1,1,0,0,0,['D00'],D00,train,426
C:\Users\ASUS\Desktop\SLIIT\Year 4\Semester 2\Deep Learning\Assignment\SE4050-Deep-Learning-Assignment\data\train\Czech\images\Czech_001183.jpg,Czech,1,1,0,0,0,['D00'],D00,train,427
C:\Users\ASUS\Desktop\SLIIT\Year 4\Semester 2\Deep Learning\Assignment\SE4050-Deep-Learning-Assignment\data\train\Czech\images\Czech_001187.jpg,Czech,1,1,0,0,0,['D00'],D00,train,428
C:\Users\ASUS\Desktop\SLIIT\Year 4\Semester 2\Deep Learning\Assignment\SE4050-Deep-Learning-Assignment\data\train\Czech\images\Czech_001190.jpg,Czech,2,0,0,1,0,['D20'],D20,test,429
C:\Users\ASUS\Desktop\SLIIT\Year 4\Semester 2\Deep Learning\Assignment\SE4050-Deep-Learning-Assignment\data\train\Czech\images\Czech_001197.jpg,Czech,1,1,0,0,0,['D00'],D00,val,430
C:\Users\ASUS\Desktop\SLIIT\Year 4\Semester 2\Deep Learning\Assignment\SE4050-Deep-Learning-Assignment\data\train\Czech\images\Czech_001206.jpg,Czech,2,1,0,0,0,['D00'],D00,train,431
C:\Users\ASUS\Desktop\SLIIT\Year 4\Semester 2\Deep Learning\Assignment\SE4050-Deep-Learning-Assignment\data\train\Czech\images\Czech_001209.jpg,Czech,1,1,0,0,0,['D00'],D00,train,432
C:\Users\ASUS\Desktop\SLIIT\Year 4\Semester 2\Deep Learning\Assignment\SE4050-Deep-Learning-Assignment\data\train\Czech\images\Czech_001210.jpg,Czech,2,1,1,0,0,"['D00', 'D10']",D00,test,433
C:\Users\ASUS\Desktop\SLIIT\Year 4\Semester 2\Deep Learning\Assignment\SE4050-Deep-Learning-Assignment\data\train\Czech\images\Czech_001216.jpg,Czech,2,1,1,0,0,"['D00', 'D10']",D00,train,434
C:\Users\ASUS\Desktop\SLIIT\Year 4\Semester 2\Deep Learning\Assignment\SE4050-Deep-Learning-Assignment\data\train\Czech\images\Czech_001219.jpg,Czech,3,1,1,1,0,"['D00', 'D10', 'D20']",D00,test,435
C:\Users\ASUS\Desktop\SLIIT\Year 4\Semester 2\Deep Learning\Assignment\SE4050-Deep-Learning-Assignment\data\train\Czech\images\Czech_001221.jpg,Czech,1,1,0,0,0,['D00'],D00,train,436
C:\Users\ASUS\Desktop\SLIIT\Year 4\Semester 2\Deep Learning\Assignment\SE4050-Deep-Learning-Assignment\data\train\Czech\images\Czech_001225.jpg,Czech,1,0,1,0,0,['D10'],D10,train,437
C:\Users\ASUS\Desktop\SLIIT\Year 4\Semester 2\Deep Learning\Assignment\SE4050-Deep-Learning-Assignment\data\train\Czech\images\Czech_001232.jpg,Czech,1,1,0,0,0,['D00'],D00,train,438
C:\Users\ASUS\Desktop\SLIIT\Year 4\Semester 2\Deep Learning\Assignment\SE4050-Deep-Learning-Assignment\data\train\Czech\images\Czech_001236.jpg,Czech,3,1,0,0,0,['D00'],D00,train,439
C:\Users\ASUS\Desktop\SLIIT\Year 4\Semester 2\Deep Learning\Assignment\SE4050-Deep-Learning-Assignment\data\train\Czech\images\Czech_001237.jpg,Czech,1,1,0,0,0,['D00'],D00,train,440
C:\Users\ASUS\Desktop\SLIIT\Year 4\Semester 2\Deep Learning\Assignment\SE4050-Deep-Learning-Assignment\data\train\Czech\images\Czech_001240.jpg,Czech,2,0,0,1,1,"['D20', 'D40']",D20,val,441
C:\Users\ASUS\Desktop\SLIIT\Year 4\Semester 2\Deep Learning\Assignment\SE4050-Deep-Learning-Assignment\data\train\Czech\images\Czech_001243.jpg,Czech,6,1,1,0,0,"['D00', 'D10']",D00,train,442
C:\Users\ASUS\Desktop\SLIIT\Year 4\Semester 2\Deep Learning\Assignment\SE4050-Deep-Learning-Assignment\data\train\Czech\images\Czech_001246.jpg,Czech,1,1,0,0,0,['D00'],D00,train,443
C:\Users\ASUS\Desktop\SLIIT\Year 4\Semester 2\Deep Learning\Assignment\SE4050-Deep-Learning-Assignment\data\train\Czech\images\Czech_001247.jpg,Czech,1,0,0,1,0,['D20'],D20,val,444
C:\Users\ASUS\Desktop\SLIIT\Year 4\Semester 2\Deep Learning\Assignment\SE4050-Deep-Learning-Assignment\data\train\Czech\images\Czech_001248.jpg,Czech,4,1,0,0,0,['D00'],D00,train,445
C:\Users\ASUS\Desktop\SLIIT\Year 4\Semester 2\Deep Learning\Assignment\SE4050-Deep-Learning-Assignment\data\train\Czech\images\Czech_001251.jpg,Czech,3,1,0,0,1,"['D00', 'D40']",D00,train,446
C:\Users\ASUS\Desktop\SLIIT\Year 4\Semester 2\Deep Learning\Assignment\SE4050-Deep-Learning-Assignment\data\train\Czech\images\Czech_001253.jpg,Czech,1,1,0,0,0,['D00'],D00,train,447
C:\Users\ASUS\Desktop\SLIIT\Year 4\Semester 2\Deep Learning\Assignment\SE4050-Deep-Learning-Assignment\data\train\Czech\images\Czech_001256.jpg,Czech,1,1,0,0,0,['D00'],D00,train,448
C:\Users\ASUS\Desktop\SLIIT\Year 4\Semester 2\Deep Learning\Assignment\SE4050-Deep-Learning-Assignment\data\train\Czech\images\Czech_001258.jpg,Czech,2,1,0,0,1,"['D00', 'D40']",D00,train,449
C:\Users\ASUS\Desktop\SLIIT\Year 4\Semester 2\Deep Learning\Assignment\SE4050-Deep-Learning-Assignment\data\train\Czech\images\Czech_001264.jpg,Czech,1,0,0,1,0,['D20'],D20,train,450
C:\Users\ASUS\Desktop\SLIIT\Year 4\Semester 2\Deep Learning\Assignment\SE4050-Deep-Learning-Assignment\data\train\Czech\images\Czech_001268.jpg,Czech,1,1,0,0,0,['D00'],D00,val,451
C:\Users\ASUS\Desktop\SLIIT\Year 4\Semester 2\Deep Learning\Assignment\SE4050-Deep-Learning-Assignment\data\train\Czech\images\Czech_001270.jpg,Czech,3,1,1,0,0,"['D00', 'D10']",D00,test,452
C:\Users\ASUS\Desktop\SLIIT\Year 4\Semester 2\Deep Learning\Assignment\SE4050-Deep-Learning-Assignment\data\train\Czech\images\Czech_001277.jpg,Czech,3,0,0,1,1,"['D20', 'D40']",D20,test,453
C:\Users\ASUS\Desktop\SLIIT\Year 4\Semester 2\Deep Learning\Assignment\SE4050-Deep-Learning-Assignment\data\train\Czech\images\Czech_001278.jpg,Czech,2,0,0,1,1,"['D20', 'D40']",D20,val,454
C:\Users\ASUS\Desktop\SLIIT\Year 4\Semester 2\Deep Learning\Assignment\SE4050-Deep-Learning-Assignment\data\train\Czech\images\Czech_001279.jpg,Czech,2,0,0,1,1,"['D20', 'D40']",D20,train,14
C:\Users\ASUS\Desktop\SLIIT\Year 4\Semester 2\Deep Learning\Assignment\SE4050-Deep-Learning-Assignment\data\train\Czech\images\Czech_001284.jpg,Czech,3,0,0,1,1,"['D20', 'D40']",D20,train,455
C:\Users\ASUS\Desktop\SLIIT\Year 4\Semester 2\Deep Learning\Assignment\SE4050-Deep-Learning-Assignment\data\train\Czech\images\Czech_001285.jpg,Czech,3,1,0,0,1,"['D00', 'D40']",D00,train,456
C:\Users\ASUS\Desktop\SLIIT\Year 4\Semester 2\Deep Learning\Assignment\SE4050-Deep-Learning-Assignment\data\train\Czech\images\Czech_001288.jpg,Czech,3,1,1,0,0,"['D00', 'D10']",D00,train,457
C:\Users\ASUS\Desktop\SLIIT\Year 4\Semester 2\Deep Learning\Assignment\SE4050-Deep-Learning-Assignment\data\train\Czech\images\Czech_001292.jpg,Czech,2,0,0,1,0,['D20'],D20,train,458
C:\Users\ASUS\Desktop\SLIIT\Year 4\Semester 2\Deep Learning\Assignment\SE4050-Deep-Learning-Assignment\data\train\Czech\images\Czech_001295.jpg,Czech,2,1,1,0,0,"['D00', 'D10']",D00,train,459
C:\Users\ASUS\Desktop\SLIIT\Year 4\Semester 2\Deep Learning\Assignment\SE4050-Deep-Learning-Assignment\data\train\Czech\images\Czech_001296.jpg,Czech,2,1,1,0,0,"['D00', 'D10']",D00,train,460
C:\Users\ASUS\Desktop\SLIIT\Year 4\Semester 2\Deep Learning\Assignment\SE4050-Deep-Learning-Assignment\data\train\Czech\images\Czech_001298.jpg,Czech,2,0,1,0,0,['D10'],D10,test,461
C:\Users\ASUS\Desktop\SLIIT\Year 4\Semester 2\Deep Learning\Assignment\SE4050-Deep-Learning-Assignment\data\train\Czech\images\Czech_001299.jpg,Czech,1,1,0,0,0,['D00'],D00,train,462
C:\Users\ASUS\Desktop\SLIIT\Year 4\Semester 2\Deep Learning\Assignment\SE4050-Deep-Learning-Assignment\data\train\Czech\images\Czech_001302.jpg,Czech,2,0,0,1,0,['D20'],D20,train,463
C:\Users\ASUS\Desktop\SLIIT\Year 4\Semester 2\Deep Learning\Assignment\SE4050-Deep-Learning-Assignment\data\train\Czech\images\Czech_001306.jpg,Czech,1,0,1,0,0,['D10'],D10,train,464
C:\Users\ASUS\Desktop\SLIIT\Year 4\Semester 2\Deep Learning\Assignment\SE4050-Deep-Learning-Assignment\data\train\Czech\images\Czech_001315.jpg,Czech,2,1,0,0,0,['D00'],D00,train,465
C:\Users\ASUS\Desktop\SLIIT\Year 4\Semester 2\Deep Learning\Assignment\SE4050-Deep-Learning-Assignment\data\train\Czech\images\Czech_001317.jpg,Czech,2,1,0,0,0,['D00'],D00,test,466
C:\Users\ASUS\Desktop\SLIIT\Year 4\Semester 2\Deep Learning\Assignment\SE4050-Deep-Learning-Assignment\data\train\Czech\images\Czech_001320.jpg,Czech,1,1,0,0,0,['D00'],D00,train,467
C:\Users\ASUS\Desktop\SLIIT\Year 4\Semester 2\Deep Learning\Assignment\SE4050-Deep-Learning-Assignment\data\train\Czech\images\Czech_001327.jpg,Czech,1,1,0,0,0,['D00'],D00,train,468
C:\Users\ASUS\Desktop\SLIIT\Year 4\Semester 2\Deep Learning\Assignment\SE4050-Deep-Learning-Assignment\data\train\Czech\images\Czech_001332.jpg,Czech,2,1,0,0,0,['D00'],D00,test,469
C:\Users\ASUS\Desktop\SLIIT\Year 4\Semester 2\Deep Learning\Assignment\SE4050-Deep-Learning-Assignment\data\train\Czech\images\Czech_001333.jpg,Czech,1,1,0,0,0,['D00'],D00,test,470
C:\Users\ASUS\Desktop\SLIIT\Year 4\Semester 2\Deep Learning\Assignment\SE4050-Deep-Learning-Assignment\data\train\Czech\images\Czech_001337.jpg,Czech,1,1,0,0,0,['D00'],D00,train,471
C:\Users\ASUS\Desktop\SLIIT\Year 4\Semester 2\Deep Learning\Assignment\SE4050-Deep-Learning-Assignment\data\train\Czech\images\Czech_001338.jpg,Czech,1,1,0,0,0,['D00'],D00,val,472
C:\Users\ASUS\Desktop\SLIIT\Year 4\Semester 2\Deep Learning\Assignment\SE4050-Deep-Learning-Assignment\data\train\Czech\images\Czech_001344.jpg,Czech,1,0,1,0,0,['D10'],D10,train,473
C:\Users\ASUS\Desktop\SLIIT\Year 4\Semester 2\Deep Learning\Assignment\SE4050-Deep-Learning-Assignment\data\train\Czech\images\Czech_001347.jpg,Czech,6,1,1,0,0,"['D00', 'D10']",D00,train,474
C:\Users\ASUS\Desktop\SLIIT\Year 4\Semester 2\Deep Learning\Assignment\SE4050-Deep-Learning-Assignment\data\train\Czech\images\Czech_001353.jpg,Czech,2,0,1,0,1,"['D10', 'D40']",D10,train,475
C:\Users\ASUS\Desktop\SLIIT\Year 4\Semester 2\Deep Learning\Assignment\SE4050-Deep-Learning-Assignment\data\train\Czech\images\Czech_001354.jpg,Czech,2,1,0,0,0,['D00'],D00,test,476
C:\Users\ASUS\Desktop\SLIIT\Year 4\Semester 2\Deep Learning\Assignment\SE4050-Deep-Learning-Assignment\data\train\Czech\images\Czech_001355.jpg,Czech,4,1,1,0,0,"['D00', 'D10']",D00,train,477
C:\Users\ASUS\Desktop\SLIIT\Year 4\Semester 2\Deep Learning\Assignment\SE4050-Deep-Learning-Assignment\data\train\Czech\images\Czech_001356.jpg,Czech,1,1,0,0,0,['D00'],D00,train,478
C:\Users\ASUS\Desktop\SLIIT\Year 4\Semester 2\Deep Learning\Assignment\SE4050-Deep-Learning-Assignment\data\train\Czech\images\Czech_001360.jpg,Czech,2,1,0,0,0,['D00'],D00,val,479
C:\Users\ASUS\Desktop\SLIIT\Year 4\Semester 2\Deep Learning\Assignment\SE4050-Deep-Learning-Assignment\data\train\Czech\images\Czech_001372.jpg,Czech,1,0,0,1,0,['D20'],D20,test,480
C:\Users\ASUS\Desktop\SLIIT\Year 4\Semester 2\Deep Learning\Assignment\SE4050-Deep-Learning-Assignment\data\train\Czech\images\Czech_001377.jpg,Czech,2,1,1,0,0,"['D00', 'D10']",D00,test,481
C:\Users\ASUS\Desktop\SLIIT\Year 4\Semester 2\Deep Learning\Assignment\SE4050-Deep-Learning-Assignment\data\train\Czech\images\Czech_001381.jpg,Czech,2,0,1,1,0,"['D10', 'D20']",D10,train,482
C:\Users\ASUS\Desktop\SLIIT\Year 4\Semester 2\Deep Learning\Assignment\SE4050-Deep-Learning-Assignment\data\train\Czech\images\Czech_001383.jpg,Czech,2,1,0,0,0,['D00'],D00,val,483
C:\Users\ASUS\Desktop\SLIIT\Year 4\Semester 2\Deep Learning\Assignment\SE4050-Deep-Learning-Assignment\data\train\Czech\images\Czech_001386.jpg,Czech,3,1,0,0,1,"['D00', 'D40']",D00,train,484
C:\Users\ASUS\Desktop\SLIIT\Year 4\Semester 2\Deep Learning\Assignment\SE4050-Deep-Learning-Assignment\data\train\Czech\images\Czech_001390.jpg,Czech,1,0,0,1,0,['D20'],D20,train,485
C:\Users\ASUS\Desktop\SLIIT\Year 4\Semester 2\Deep Learning\Assignment\SE4050-Deep-Learning-Assignment\data\train\Czech\images\Czech_001391.jpg,Czech,1,1,0,0,0,['D00'],D00,val,486
C:\Users\ASUS\Desktop\SLIIT\Year 4\Semester 2\Deep Learning\Assignment\SE4050-Deep-Learning-Assignment\data\train\Czech\images\Czech_001394.jpg,Czech,1,1,0,0,0,['D00'],D00,train,487
C:\Users\ASUS\Desktop\SLIIT\Year 4\Semester 2\Deep Learning\Assignment\SE4050-Deep-Learning-Assignment\data\train\Czech\images\Czech_001395.jpg,Czech,1,1,0,0,0,['D00'],D00,train,488
C:\Users\ASUS\Desktop\SLIIT\Year 4\Semester 2\Deep Learning\Assignment\SE4050-Deep-Learning-Assignment\data\train\Czech\images\Czech_001406.jpg,Czech,2,1,1,0,0,"['D00', 'D10']",D00,train,489
C:\Users\ASUS\Desktop\SLIIT\Year 4\Semester 2\Deep Learning\Assignment\SE4050-Deep-Learning-Assignment\data\train\Czech\images\Czech_001407.jpg,Czech,1,1,0,0,0,['D00'],D00,train,490
C:\Users\ASUS\Desktop\SLIIT\Year 4\Semester 2\Deep Learning\Assignment\SE4050-Deep-Learning-Assignment\data\train\Czech\images\Czech_001408.jpg,Czech,1,0,0,1,0,['D20'],D20,train,14
C:\Users\ASUS\Desktop\SLIIT\Year 4\Semester 2\Deep Learning\Assignment\SE4050-Deep-Learning-Assignment\data\train\Czech\images\Czech_001409.jpg,Czech,1,0,1,0,0,['D10'],D10,train,491
C:\Users\ASUS\Desktop\SLIIT\Year 4\Semester 2\Deep Learning\Assignment\SE4050-Deep-Learning-Assignment\data\train\Czech\images\Czech_001413.jpg,Czech,1,1,0,0,0,['D00'],D00,val,492
C:\Users\ASUS\Desktop\SLIIT\Year 4\Semester 2\Deep Learning\Assignment\SE4050-Deep-Learning-Assignment\data\train\Czech\images\Czech_001418.jpg,Czech,1,1,0,0,0,['D00'],D00,train,493
C:\Users\ASUS\Desktop\SLIIT\Year 4\Semester 2\Deep Learning\Assignment\SE4050-Deep-Learning-Assignment\data\train\Czech\images\Czech_001424.jpg,Czech,1,1,0,0,0,['D00'],D00,train,494
C:\Users\ASUS\Desktop\SLIIT\Year 4\Semester 2\Deep Learning\Assignment\SE4050-Deep-Learning-Assignment\data\train\Czech\images\Czech_001428.jpg,Czech,3,1,0,1,0,"['D00', 'D20']",D00,val,495
C:\Users\ASUS\Desktop\SLIIT\Year 4\Semester 2\Deep Learning\Assignment\SE4050-Deep-Learning-Assignment\data\train\Czech\images\Czech_001429.jpg,Czech,1,1,0,0,0,['D00'],D00,train,496
C:\Users\ASUS\Desktop\SLIIT\Year 4\Semester 2\Deep Learning\Assignment\SE4050-Deep-Learning-Assignment\data\train\Czech\images\Czech_001430.jpg,Czech,1,1,0,0,0,['D00'],D00,val,497
C:\Users\ASUS\Desktop\SLIIT\Year 4\Semester 2\Deep Learning\Assignment\SE4050-Deep-Learning-Assignment\data\train\Czech\images\Czech_001437.jpg,Czech,2,1,0,0,1,"['D00', 'D40']",D00,test,498
C:\Users\ASUS\Desktop\SLIIT\Year 4\Semester 2\Deep Learning\Assignment\SE4050-Deep-Learning-Assignment\data\train\Czech\images\Czech_001440.jpg,Czech,1,0,1,0,0,['D10'],D10,train,499
C:\Users\ASUS\Desktop\SLIIT\Year 4\Semester 2\Deep Learning\Assignment\SE4050-Deep-Learning-Assignment\data\train\Czech\images\Czech_001441.jpg,Czech,5,1,1,0,0,"['D00', 'D10']",D00,test,500
C:\Users\ASUS\Desktop\SLIIT\Year 4\Semester 2\Deep Learning\Assignment\SE4050-Deep-Learning-Assignment\data\train\Czech\images\Czech_001442.jpg,Czech,4,1,1,0,0,"['D00', 'D10']",D00,train,501
C:\Users\ASUS\Desktop\SLIIT\Year 4\Semester 2\Deep Learning\Assignment\SE4050-Deep-Learning-Assignment\data\train\Czech\images\Czech_001443.jpg,Czech,6,1,1,0,0,"['D00', 'D10']",D00,train,502
C:\Users\ASUS\Desktop\SLIIT\Year 4\Semester 2\Deep Learning\Assignment\SE4050-Deep-Learning-Assignment\data\train\Czech\images\Czech_001451.jpg,Czech,1,0,1,0,0,['D10'],D10,train,503
C:\Users\ASUS\Desktop\SLIIT\Year 4\Semester 2\Deep Learning\Assignment\SE4050-Deep-Learning-Assignment\data\train\Czech\images\Czech_001453.jpg,Czech,1,1,0,0,0,['D00'],D00,train,504
C:\Users\ASUS\Desktop\SLIIT\Year 4\Semester 2\Deep Learning\Assignment\SE4050-Deep-Learning-Assignment\data\train\Czech\images\Czech_001454.jpg,Czech,1,1,0,0,0,['D00'],D00,train,505
C:\Users\ASUS\Desktop\SLIIT\Year 4\Semester 2\Deep Learning\Assignment\SE4050-Deep-Learning-Assignment\data\train\Czech\images\Czech_001455.jpg,Czech,2,1,0,0,0,['D00'],D00,train,506
C:\Users\ASUS\Desktop\SLIIT\Year 4\Semester 2\Deep Learning\Assignment\SE4050-Deep-Learning-Assignment\data\train\Czech\images\Czech_001457.jpg,Czech,2,1,0,0,0,['D00'],D00,train,507
C:\Users\ASUS\Desktop\SLIIT\Year 4\Semester 2\Deep Learning\Assignment\SE4050-Deep-Learning-Assignment\data\train\Czech\images\Czech_001460.jpg,Czech,3,1,1,0,0,"['D00', 'D10']",D00,train,508
C:\Users\ASUS\Desktop\SLIIT\Year 4\Semester 2\Deep Learning\Assignment\SE4050-Deep-Learning-Assignment\data\train\Czech\images\Czech_001462.jpg,Czech,1,1,0,0,0,['D00'],D00,train,509
C:\Users\ASUS\Desktop\SLIIT\Year 4\Semester 2\Deep Learning\Assignment\SE4050-Deep-Learning-Assignment\data\train\Czech\images\Czech_001464.jpg,Czech,1,1,0,0,0,['D00'],D00,val,510
C:\Users\ASUS\Desktop\SLIIT\Year 4\Semester 2\Deep Learning\Assignment\SE4050-Deep-Learning-Assignment\data\train\Czech\images\Czech_001465.jpg,Czech,3,0,1,0,0,['D10'],D10,train,511
C:\Users\ASUS\Desktop\SLIIT\Year 4\Semester 2\Deep Learning\Assignment\SE4050-Deep-Learning-Assignment\data\train\Czech\images\Czech_001475.jpg,Czech,2,1,1,0,0,"['D00', 'D10']",D00,test,512
C:\Users\ASUS\Desktop\SLIIT\Year 4\Semester 2\Deep Learning\Assignment\SE4050-Deep-Learning-Assignment\data\train\Czech\images\Czech_001476.jpg,Czech,1,1,0,0,0,['D00'],D00,train,513
C:\Users\ASUS\Desktop\SLIIT\Year 4\Semester 2\Deep Learning\Assignment\SE4050-Deep-Learning-Assignment\data\train\Czech\images\Czech_001484.jpg,Czech,1,1,0,0,0,['D00'],D00,val,514
C:\Users\ASUS\Desktop\SLIIT\Year 4\Semester 2\Deep Learning\Assignment\SE4050-Deep-Learning-Assignment\data\train\Czech\images\Czech_001485.jpg,Czech,1,0,1,0,0,['D10'],D10,train,515
C:\Users\ASUS\Desktop\SLIIT\Year 4\Semester 2\Deep Learning\Assignment\SE4050-Deep-Learning-Assignment\data\train\Czech\images\Czech_001494.jpg,Czech,1,0,1,0,0,['D10'],D10,test,516
C:\Users\ASUS\Desktop\SLIIT\Year 4\Semester 2\Deep Learning\Assignment\SE4050-Deep-Learning-Assignment\data\train\Czech\images\Czech_001495.jpg,Czech,6,1,0,0,1,"['D00', 'D40']",D00,train,517
C:\Users\ASUS\Desktop\SLIIT\Year 4\Semester 2\Deep Learning\Assignment\SE4050-Deep-Learning-Assignment\data\train\Czech\images\Czech_001496.jpg,Czech,1,0,1,0,0,['D10'],D10,val,518
C:\Users\ASUS\Desktop\SLIIT\Year 4\Semester 2\Deep Learning\Assignment\SE4050-Deep-Learning-Assignment\data\train\Czech\images\Czech_001500.jpg,Czech,1,1,0,0,0,['D00'],D00,test,519
C:\Users\ASUS\Desktop\SLIIT\Year 4\Semester 2\Deep Learning\Assignment\SE4050-Deep-Learning-Assignment\data\train\Czech\images\Czech_001509.jpg,Czech,1,1,0,0,0,['D00'],D00,train,520
C:\Users\ASUS\Desktop\SLIIT\Year 4\Semester 2\Deep Learning\Assignment\SE4050-Deep-Learning-Assignment\data\train\Czech\images\Czech_001512.jpg,Czech,3,1,0,0,1,"['D00', 'D40']",D00,train,521
C:\Users\ASUS\Desktop\SLIIT\Year 4\Semester 2\Deep Learning\Assignment\SE4050-Deep-Learning-Assignment\data\train\Czech\images\Czech_001514.jpg,Czech,1,0,0,0,1,['D40'],D40,val,522
C:\Users\ASUS\Desktop\SLIIT\Year 4\Semester 2\Deep Learning\Assignment\SE4050-Deep-Learning-Assignment\data\train\Czech\images\Czech_001517.jpg,Czech,1,0,1,0,0,['D10'],D10,train,22
C:\Users\ASUS\Desktop\SLIIT\Year 4\Semester 2\Deep Learning\Assignment\SE4050-Deep-Learning-Assignment\data\train\Czech\images\Czech_001518.jpg,Czech,1,1,0,0,0,['D00'],D00,test,523
C:\Users\ASUS\Desktop\SLIIT\Year 4\Semester 2\Deep Learning\Assignment\SE4050-Deep-Learning-Assignment\data\train\Czech\images\Czech_001521.jpg,Czech,1,1,0,0,0,['D00'],D00,train,524
C:\Users\ASUS\Desktop\SLIIT\Year 4\Semester 2\Deep Learning\Assignment\SE4050-Deep-Learning-Assignment\data\train\Czech\images\Czech_001524.jpg,Czech,1,1,0,0,0,['D00'],D00,train,525
C:\Users\ASUS\Desktop\SLIIT\Year 4\Semester 2\Deep Learning\Assignment\SE4050-Deep-Learning-Assignment\data\train\Czech\images\Czech_001525.jpg,Czech,2,1,1,0,0,"['D00', 'D10']",D00,train,526
C:\Users\ASUS\Desktop\SLIIT\Year 4\Semester 2\Deep Learning\Assignment\SE4050-Deep-Learning-Assignment\data\train\Czech\images\Czech_001532.jpg,Czech,3,1,1,0,0,"['D00', 'D10']",D00,train,527
C:\Users\ASUS\Desktop\SLIIT\Year 4\Semester 2\Deep Learning\Assignment\SE4050-Deep-Learning-Assignment\data\train\Czech\images\Czech_001533.jpg,Czech,1,0,0,0,1,['D40'],D40,train,528
C:\Users\ASUS\Desktop\SLIIT\Year 4\Semester 2\Deep Learning\Assignment\SE4050-Deep-Learning-Assignment\data\train\Czech\images\Czech_001544.jpg,Czech,1,1,0,0,0,['D00'],D00,test,529
C:\Users\ASUS\Desktop\SLIIT\Year 4\Semester 2\Deep Learning\Assignment\SE4050-Deep-Learning-Assignment\data\train\Czech\images\Czech_001545.jpg,Czech,2,1,0,0,1,"['D00', 'D40']",D00,val,530
C:\Users\ASUS\Desktop\SLIIT\Year 4\Semester 2\Deep Learning\Assignment\SE4050-Deep-Learning-Assignment\data\train\Czech\images\Czech_001546.jpg,Czech,6,1,1,0,0,"['D00', 'D10']",D00,train,531
C:\Users\ASUS\Desktop\SLIIT\Year 4\Semester 2\Deep Learning\Assignment\SE4050-Deep-Learning-Assignment\data\train\Czech\images\Czech_001554.jpg,Czech,2,1,0,0,1,"['D00', 'D40']",D00,train,532
C:\Users\ASUS\Desktop\SLIIT\Year 4\Semester 2\Deep Learning\Assignment\SE4050-Deep-Learning-Assignment\data\train\Czech\images\Czech_001557.jpg,Czech,2,1,0,0,0,['D00'],D00,train,533
C:\Users\ASUS\Desktop\SLIIT\Year 4\Semester 2\Deep Learning\Assignment\SE4050-Deep-Learning-Assignment\data\train\Czech\images\Czech_001559.jpg,Czech,1,1,0,0,0,['D00'],D00,train,534
C:\Users\ASUS\Desktop\SLIIT\Year 4\Semester 2\Deep Learning\Assignment\SE4050-Deep-Learning-Assignment\data\train\Czech\images\Czech_001560.jpg,Czech,1,1,0,0,0,['D00'],D00,train,535
C:\Users\ASUS\Desktop\SLIIT\Year 4\Semester 2\Deep Learning\Assignment\SE4050-Deep-Learning-Assignment\data\train\Czech\images\Czech_001561.jpg,Czech,2,1,0,0,0,['D00'],D00,test,536
C:\Users\ASUS\Desktop\SLIIT\Year 4\Semester 2\Deep Learning\Assignment\SE4050-Deep-Learning-Assignment\data\train\Czech\images\Czech_001562.jpg,Czech,1,1,0,0,0,['D00'],D00,train,537
C:\Users\ASUS\Desktop\SLIIT\Year 4\Semester 2\Deep Learning\Assignment\SE4050-Deep-Learning-Assignment\data\train\Czech\images\Czech_001564.jpg,Czech,1,0,0,1,0,['D20'],D20,train,538
C:\Users\ASUS\Desktop\SLIIT\Year 4\Semester 2\Deep Learning\Assignment\SE4050-Deep-Learning-Assignment\data\train\Czech\images\Czech_001573.jpg,Czech,4,1,1,0,0,"['D00', 'D10']",D00,train,539
C:\Users\ASUS\Desktop\SLIIT\Year 4\Semester 2\Deep Learning\Assignment\SE4050-Deep-Learning-Assignment\data\train\Czech\images\Czech_001574.jpg,Czech,1,1,0,0,0,['D00'],D00,train,540
C:\Users\ASUS\Desktop\SLIIT\Year 4\Semester 2\Deep Learning\Assignment\SE4050-Deep-Learning-Assignment\data\train\Czech\images\Czech_001579.jpg,Czech,2,1,0,1,0,"['D00', 'D20']",D00,train,541
C:\Users\ASUS\Desktop\SLIIT\Year 4\Semester 2\Deep Learning\Assignment\SE4050-Deep-Learning-Assignment\data\train\Czech\images\Czech_001586.jpg,Czech,1,1,0,0,0,['D00'],D00,train,542
C:\Users\ASUS\Desktop\SLIIT\Year 4\Semester 2\Deep Learning\Assignment\SE4050-Deep-Learning-Assignment\data\train\Czech\images\Czech_001592.jpg,Czech,1,1,0,0,0,['D00'],D00,train,543
C:\Users\ASUS\Desktop\SLIIT\Year 4\Semester 2\Deep Learning\Assignment\SE4050-Deep-Learning-Assignment\data\train\Czech\images\Czech_001593.jpg,Czech,3,1,1,0,0,"['D00', 'D10']",D00,train,544
C:\Users\ASUS\Desktop\SLIIT\Year 4\Semester 2\Deep Learning\Assignment\SE4050-Deep-Learning-Assignment\data\train\Czech\images\Czech_001596.jpg,Czech,3,1,1,0,0,"['D00', 'D10']",D00,train,545
C:\Users\ASUS\Desktop\SLIIT\Year 4\Semester 2\Deep Learning\Assignment\SE4050-Deep-Learning-Assignment\data\train\Czech\images\Czech_001600.jpg,Czech,2,1,0,1,0,"['D00', 'D20']",D00,train,546
C:\Users\ASUS\Desktop\SLIIT\Year 4\Semester 2\Deep Learning\Assignment\SE4050-Deep-Learning-Assignment\data\train\Czech\images\Czech_001601.jpg,Czech,2,1,1,0,0,"['D00', 'D10']",D00,train,547
C:\Users\ASUS\Desktop\SLIIT\Year 4\Semester 2\Deep Learning\Assignment\SE4050-Deep-Learning-Assignment\data\train\Czech\images\Czech_001607.jpg,Czech,1,1,0,0,0,['D00'],D00,train,548
C:\Users\ASUS\Desktop\SLIIT\Year 4\Semester 2\Deep Learning\Assignment\SE4050-Deep-Learning-Assignment\data\train\Czech\images\Czech_001608.jpg,Czech,1,1,0,0,0,['D00'],D00,train,549
C:\Users\ASUS\Desktop\SLIIT\Year 4\Semester 2\Deep Learning\Assignment\SE4050-Deep-Learning-Assignment\data\train\Czech\images\Czech_001609.jpg,Czech,1,1,0,0,0,['D00'],D00,train,550
C:\Users\ASUS\Desktop\SLIIT\Year 4\Semester 2\Deep Learning\Assignment\SE4050-Deep-Learning-Assignment\data\train\Czech\images\Czech_001611.jpg,Czech,1,0,1,0,0,['D10'],D10,test,551
C:\Users\ASUS\Desktop\SLIIT\Year 4\Semester 2\Deep Learning\Assignment\SE4050-Deep-Learning-Assignment\data\train\Czech\images\Czech_001612.jpg,Czech,1,1,0,0,0,['D00'],D00,val,552
C:\Users\ASUS\Desktop\SLIIT\Year 4\Semester 2\Deep Learning\Assignment\SE4050-Deep-Learning-Assignment\data\train\Czech\images\Czech_001624.jpg,Czech,5,1,1,0,0,"['D00', 'D10']",D00,train,553
C:\Users\ASUS\Desktop\SLIIT\Year 4\Semester 2\Deep Learning\Assignment\SE4050-Deep-Learning-Assignment\data\train\Czech\images\Czech_001627.jpg,Czech,1,1,0,0,0,['D00'],D00,val,554
C:\Users\ASUS\Desktop\SLIIT\Year 4\Semester 2\Deep Learning\Assignment\SE4050-Deep-Learning-Assignment\data\train\Czech\images\Czech_001631.jpg,Czech,3,1,0,0,0,['D00'],D00,train,555
C:\Users\ASUS\Desktop\SLIIT\Year 4\Semester 2\Deep Learning\Assignment\SE4050-Deep-Learning-Assignment\data\train\Czech\images\Czech_001635.jpg,Czech,2,1,0,0,0,['D00'],D00,train,556
C:\Users\ASUS\Desktop\SLIIT\Year 4\Semester 2\Deep Learning\Assignment\SE4050-Deep-Learning-Assignment\data\train\Czech\images\Czech_001636.jpg,Czech,1,1,0,0,0,['D00'],D00,test,557
C:\Users\ASUS\Desktop\SLIIT\Year 4\Semester 2\Deep Learning\Assignment\SE4050-Deep-Learning-Assignment\data\train\Czech\images\Czech_001637.jpg,Czech,1,0,1,0,0,['D10'],D10,train,558
C:\Users\ASUS\Desktop\SLIIT\Year 4\Semester 2\Deep Learning\Assignment\SE4050-Deep-Learning-Assignment\data\train\Czech\images\Czech_001639.jpg,Czech,1,1,0,0,0,['D00'],D00,train,559
C:\Users\ASUS\Desktop\SLIIT\Year 4\Semester 2\Deep Learning\Assignment\SE4050-Deep-Learning-Assignment\data\train\Czech\images\Czech_001648.jpg,Czech,5,1,1,0,0,"['D00', 'D10']",D00,train,560
C:\Users\ASUS\Desktop\SLIIT\Year 4\Semester 2\Deep Learning\Assignment\SE4050-Deep-Learning-Assignment\data\train\Czech\images\Czech_001649.jpg,Czech,2,0,1,1,0,"['D10', 'D20']",D10,train,561
C:\Users\ASUS\Desktop\SLIIT\Year 4\Semester 2\Deep Learning\Assignment\SE4050-Deep-Learning-Assignment\data\train\Czech\images\Czech_001653.jpg,Czech,1,1,0,0,0,['D00'],D00,train,562
C:\Users\ASUS\Desktop\SLIIT\Year 4\Semester 2\Deep Learning\Assignment\SE4050-Deep-Learning-Assignment\data\train\Czech\images\Czech_001654.jpg,Czech,3,1,1,0,0,"['D00', 'D10']",D00,train,563
C:\Users\ASUS\Desktop\SLIIT\Year 4\Semester 2\Deep Learning\Assignment\SE4050-Deep-Learning-Assignment\data\train\Czech\images\Czech_001656.jpg,Czech,3,1,1,0,0,"['D00', 'D10']",D00,train,564
C:\Users\ASUS\Desktop\SLIIT\Year 4\Semester 2\Deep Learning\Assignment\SE4050-Deep-Learning-Assignment\data\train\Czech\images\Czech_001658.jpg,Czech,2,1,0,1,0,"['D00', 'D20']",D00,train,565
C:\Users\ASUS\Desktop\SLIIT\Year 4\Semester 2\Deep Learning\Assignment\SE4050-Deep-Learning-Assignment\data\train\Czech\images\Czech_001662.jpg,Czech,1,1,0,0,0,['D00'],D00,train,23
C:\Users\ASUS\Desktop\SLIIT\Year 4\Semester 2\Deep Learning\Assignment\SE4050-Deep-Learning-Assignment\data\train\Czech\images\Czech_001663.jpg,Czech,1,1,0,0,0,['D00'],D00,train,566
C:\Users\ASUS\Desktop\SLIIT\Year 4\Semester 2\Deep Learning\Assignment\SE4050-Deep-Learning-Assignment\data\train\Czech\images\Czech_001667.jpg,Czech,1,0,1,0,0,['D10'],D10,val,567
C:\Users\ASUS\Desktop\SLIIT\Year 4\Semester 2\Deep Learning\Assignment\SE4050-Deep-Learning-Assignment\data\train\Czech\images\Czech_001669.jpg,Czech,3,0,0,0,1,['D40'],D40,train,568
C:\Users\ASUS\Desktop\SLIIT\Year 4\Semester 2\Deep Learning\Assignment\SE4050-Deep-Learning-Assignment\data\train\Czech\images\Czech_001670.jpg,Czech,1,1,0,0,0,['D00'],D00,train,569
C:\Users\ASUS\Desktop\SLIIT\Year 4\Semester 2\Deep Learning\Assignment\SE4050-Deep-Learning-Assignment\data\train\Czech\images\Czech_001673.jpg,Czech,2,0,0,0,1,['D40'],D40,train,570
C:\Users\ASUS\Desktop\SLIIT\Year 4\Semester 2\Deep Learning\Assignment\SE4050-Deep-Learning-Assignment\data\train\Czech\images\Czech_001676.jpg,Czech,1,1,0,0,0,['D00'],D00,train,571
C:\Users\ASUS\Desktop\SLIIT\Year 4\Semester 2\Deep Learning\Assignment\SE4050-Deep-Learning-Assignment\data\train\Czech\images\Czech_001678.jpg,Czech,2,1,1,0,0,"['D00', 'D10']",D00,train,572
C:\Users\ASUS\Desktop\SLIIT\Year 4\Semester 2\Deep Learning\Assignment\SE4050-Deep-Learning-Assignment\data\train\Czech\images\Czech_001683.jpg,Czech,2,1,0,0,0,['D00'],D00,train,573
C:\Users\ASUS\Desktop\SLIIT\Year 4\Semester 2\Deep Learning\Assignment\SE4050-Deep-Learning-Assignment\data\train\Czech\images\Czech_001689.jpg,Czech,1,1,0,0,0,['D00'],D00,train,574
C:\Users\ASUS\Desktop\SLIIT\Year 4\Semester 2\Deep Learning\Assignment\SE4050-Deep-Learning-Assignment\data\train\Czech\images\Czech_001691.jpg,Czech,2,1,1,0,0,"['D00', 'D10']",D00,train,575
C:\Users\ASUS\Desktop\SLIIT\Year 4\Semester 2\Deep Learning\Assignment\SE4050-Deep-Learning-Assignment\data\train\Czech\images\Czech_001694.jpg,Czech,1,1,0,0,0,['D00'],D00,train,576
C:\Users\ASUS\Desktop\SLIIT\Year 4\Semester 2\Deep Learning\Assignment\SE4050-Deep-Learning-Assignment\data\train\Czech\images\Czech_001698.jpg,Czech,2,1,0,0,0,['D00'],D00,train,577
C:\Users\ASUS\Desktop\SLIIT\Year 4\Semester 2\Deep Learning\Assignment\SE4050-Deep-Learning-Assignment\data\train\Czech\images\Czech_001700.jpg,Czech,1,0,1,0,0,['D10'],D10,test,578
C:\Users\ASUS\Desktop\SLIIT\Year 4\Semester 2\Deep Learning\Assignment\SE4050-Deep-Learning-Assignment\data\train\Czech\images\Czech_001701.jpg,Czech,1,1,0,0,0,['D00'],D00,train,579
C:\Users\ASUS\Desktop\SLIIT\Year 4\Semester 2\Deep Learning\Assignment\SE4050-Deep-Learning-Assignment\data\train\Czech\images\Czech_001705.jpg,Czech,1,1,0,0,0,['D00'],D00,test,580
C:\Users\ASUS\Desktop\SLIIT\Year 4\Semester 2\Deep Learning\Assignment\SE4050-Deep-Learning-Assignment\data\train\Czech\images\Czech_001708.jpg,Czech,1,1,0,0,0,['D00'],D00,val,581
C:\Users\ASUS\Desktop\SLIIT\Year 4\Semester 2\Deep Learning\Assignment\SE4050-Deep-Learning-Assignment\data\train\Czech\images\Czech_001719.jpg,Czech,1,0,1,0,0,['D10'],D10,train,582
C:\Users\ASUS\Desktop\SLIIT\Year 4\Semester 2\Deep Learning\Assignment\SE4050-Deep-Learning-Assignment\data\train\Czech\images\Czech_001720.jpg,Czech,1,1,0,0,0,['D00'],D00,train,583
C:\Users\ASUS\Desktop\SLIIT\Year 4\Semester 2\Deep Learning\Assignment\SE4050-Deep-Learning-Assignment\data\train\Czech\images\Czech_001722.jpg,Czech,1,1,0,0,0,['D00'],D00,train,584
C:\Users\ASUS\Desktop\SLIIT\Year 4\Semester 2\Deep Learning\Assignment\SE4050-Deep-Learning-Assignment\data\train\Czech\images\Czech_001726.jpg,Czech,1,1,0,0,0,['D00'],D00,train,585
C:\Users\ASUS\Desktop\SLIIT\Year 4\Semester 2\Deep Learning\Assignment\SE4050-Deep-Learning-Assignment\data\train\Czech\images\Czech_001727.jpg,Czech,1,1,0,0,0,['D00'],D00,test,586
C:\Users\ASUS\Desktop\SLIIT\Year 4\Semester 2\Deep Learning\Assignment\SE4050-Deep-Learning-Assignment\data\train\Czech\images\Czech_001729.jpg,Czech,2,1,0,0,0,['D00'],D00,train,587
C:\Users\ASUS\Desktop\SLIIT\Year 4\Semester 2\Deep Learning\Assignment\SE4050-Deep-Learning-Assignment\data\train\Czech\images\Czech_001739.jpg,Czech,1,1,0,0,0,['D00'],D00,train,588
C:\Users\ASUS\Desktop\SLIIT\Year 4\Semester 2\Deep Learning\Assignment\SE4050-Deep-Learning-Assignment\data\train\Czech\images\Czech_001740.jpg,Czech,2,0,0,0,1,['D40'],D40,train,589
C:\Users\ASUS\Desktop\SLIIT\Year 4\Semester 2\Deep Learning\Assignment\SE4050-Deep-Learning-Assignment\data\train\Czech\images\Czech_001748.jpg,Czech,4,1,0,0,0,['D00'],D00,train,590
C:\Users\ASUS\Desktop\SLIIT\Year 4\Semester 2\Deep Learning\Assignment\SE4050-Deep-Learning-Assignment\data\train\Czech\images\Czech_001749.jpg,Czech,1,1,0,0,0,['D00'],D00,val,591
C:\Users\ASUS\Desktop\SLIIT\Year 4\Semester 2\Deep Learning\Assignment\SE4050-Deep-Learning-Assignment\data\train\Czech\images\Czech_001750.jpg,Czech,2,0,1,0,0,['D10'],D10,val,592
C:\Users\ASUS\Desktop\SLIIT\Year 4\Semester 2\Deep Learning\Assignment\SE4050-Deep-Learning-Assignment\data\train\Czech\images\Czech_001752.jpg,Czech,5,1,1,0,0,"['D00', 'D10']",D00,train,593
C:\Users\ASUS\Desktop\SLIIT\Year 4\Semester 2\Deep Learning\Assignment\SE4050-Deep-Learning-Assignment\data\train\Czech\images\Czech_001754.jpg,Czech,3,1,0,1,0,"['D00', 'D20']",D00,val,594
C:\Users\ASUS\Desktop\SLIIT\Year 4\Semester 2\Deep Learning\Assignment\SE4050-Deep-Learning-Assignment\data\train\Czech\images\Czech_001756.jpg,Czech,1,0,1,0,0,['D10'],D10,train,595
C:\Users\ASUS\Desktop\SLIIT\Year 4\Semester 2\Deep Learning\Assignment\SE4050-Deep-Learning-Assignment\data\train\Czech\images\Czech_001757.jpg,Czech,2,1,0,0,0,['D00'],D00,val,596
C:\Users\ASUS\Desktop\SLIIT\Year 4\Semester 2\Deep Learning\Assignment\SE4050-Deep-Learning-Assignment\data\train\Czech\images\Czech_001759.jpg,Czech,2,1,0,0,0,['D00'],D00,train,597
C:\Users\ASUS\Desktop\SLIIT\Year 4\Semester 2\Deep Learning\Assignment\SE4050-Deep-Learning-Assignment\data\train\Czech\images\Czech_001760.jpg,Czech,1,1,0,0,0,['D00'],D00,train,598
C:\Users\ASUS\Desktop\SLIIT\Year 4\Semester 2\Deep Learning\Assignment\SE4050-Deep-Learning-Assignment\data\train\Czech\images\Czech_001762.jpg,Czech,1,1,0,0,0,['D00'],D00,train,599
C:\Users\ASUS\Desktop\SLIIT\Year 4\Semester 2\Deep Learning\Assignment\SE4050-Deep-Learning-Assignment\data\train\Czech\images\Czech_001769.jpg,Czech,1,1,0,0,0,['D00'],D00,train,600
C:\Users\ASUS\Desktop\SLIIT\Year 4\Semester 2\Deep Learning\Assignment\SE4050-Deep-Learning-Assignment\data\train\Czech\images\Czech_001771.jpg,Czech,1,1,0,0,0,['D00'],D00,train,601
C:\Users\ASUS\Desktop\SLIIT\Year 4\Semester 2\Deep Learning\Assignment\SE4050-Deep-Learning-Assignment\data\train\Czech\images\Czech_001773.jpg,Czech,2,1,1,0,0,"['D00', 'D10']",D00,train,602
C:\Users\ASUS\Desktop\SLIIT\Year 4\Semester 2\Deep Learning\Assignment\SE4050-Deep-Learning-Assignment\data\train\Czech\images\Czech_001779.jpg,Czech,4,1,1,0,0,"['D00', 'D10']",D00,train,603
C:\Users\ASUS\Desktop\SLIIT\Year 4\Semester 2\Deep Learning\Assignment\SE4050-Deep-Learning-Assignment\data\train\Czech\images\Czech_001780.jpg,Czech,1,1,0,0,0,['D00'],D00,train,604
C:\Users\ASUS\Desktop\SLIIT\Year 4\Semester 2\Deep Learning\Assignment\SE4050-Deep-Learning-Assignment\data\train\Czech\images\Czech_001782.jpg,Czech,1,1,0,0,0,['D00'],D00,train,605
C:\Users\ASUS\Desktop\SLIIT\Year 4\Semester 2\Deep Learning\Assignment\SE4050-Deep-Learning-Assignment\data\train\Czech\images\Czech_001784.jpg,Czech,3,1,1,0,0,"['D00', 'D10']",D00,train,606
C:\Users\ASUS\Desktop\SLIIT\Year 4\Semester 2\Deep Learning\Assignment\SE4050-Deep-Learning-Assignment\data\train\Czech\images\Czech_001788.jpg,Czech,1,0,0,1,0,['D20'],D20,val,607
C:\Users\ASUS\Desktop\SLIIT\Year 4\Semester 2\Deep Learning\Assignment\SE4050-Deep-Learning-Assignment\data\train\Czech\images\Czech_001789.jpg,Czech,1,0,1,0,0,['D10'],D10,train,608
C:\Users\ASUS\Desktop\SLIIT\Year 4\Semester 2\Deep Learning\Assignment\SE4050-Deep-Learning-Assignment\data\train\Czech\images\Czech_001790.jpg,Czech,1,0,0,1,0,['D20'],D20,train,13
C:\Users\ASUS\Desktop\SLIIT\Year 4\Semester 2\Deep Learning\Assignment\SE4050-Deep-Learning-Assignment\data\train\Czech\images\Czech_001791.jpg,Czech,1,1,0,0,0,['D00'],D00,val,609
C:\Users\ASUS\Desktop\SLIIT\Year 4\Semester 2\Deep Learning\Assignment\SE4050-Deep-Learning-Assignment\data\train\Czech\images\Czech_001792.jpg,Czech,1,0,1,0,0,['D10'],D10,train,610
C:\Users\ASUS\Desktop\SLIIT\Year 4\Semester 2\Deep Learning\Assignment\SE4050-Deep-Learning-Assignment\data\train\Czech\images\Czech_001794.jpg,Czech,1,1,0,0,0,['D00'],D00,train,611
C:\Users\ASUS\Desktop\SLIIT\Year 4\Semester 2\Deep Learning\Assignment\SE4050-Deep-Learning-Assignment\data\train\Czech\images\Czech_001795.jpg,Czech,1,1,0,0,0,['D00'],D00,val,612
C:\Users\ASUS\Desktop\SLIIT\Year 4\Semester 2\Deep Learning\Assignment\SE4050-Deep-Learning-Assignment\data\train\Czech\images\Czech_001810.jpg,Czech,1,1,0,0,0,['D00'],D00,train,613
C:\Users\ASUS\Desktop\SLIIT\Year 4\Semester 2\Deep Learning\Assignment\SE4050-Deep-Learning-Assignment\data\train\Czech\images\Czech_001811.jpg,Czech,2,1,0,0,1,"['D00', 'D40']",D00,test,614
C:\Users\ASUS\Desktop\SLIIT\Year 4\Semester 2\Deep Learning\Assignment\SE4050-Deep-Learning-Assignment\data\train\Czech\images\Czech_001815.jpg,Czech,6,0,1,0,1,"['D10', 'D40']",D10,train,615
C:\Users\ASUS\Desktop\SLIIT\Year 4\Semester 2\Deep Learning\Assignment\SE4050-Deep-Learning-Assignment\data\train\Czech\images\Czech_001823.jpg,Czech,1,1,0,0,0,['D00'],D00,train,616
C:\Users\ASUS\Desktop\SLIIT\Year 4\Semester 2\Deep Learning\Assignment\SE4050-Deep-Learning-Assignment\data\train\Czech\images\Czech_001825.jpg,Czech,4,1,0,0,1,"['D00', 'D40']",D00,test,617
C:\Users\ASUS\Desktop\SLIIT\Year 4\Semester 2\Deep Learning\Assignment\SE4050-Deep-Learning-Assignment\data\train\Czech\images\Czech_001832.jpg,Czech,2,1,0,0,0,['D00'],D00,train,618
C:\Users\ASUS\Desktop\SLIIT\Year 4\Semester 2\Deep Learning\Assignment\SE4050-Deep-Learning-Assignment\data\train\Czech\images\Czech_001844.jpg,Czech,1,1,0,0,0,['D00'],D00,val,619
C:\Users\ASUS\Desktop\SLIIT\Year 4\Semester 2\Deep Learning\Assignment\SE4050-Deep-Learning-Assignment\data\train\Czech\images\Czech_001845.jpg,Czech,1,1,0,0,0,['D00'],D00,train,21
C:\Users\ASUS\Desktop\SLIIT\Year 4\Semester 2\Deep Learning\Assignment\SE4050-Deep-Learning-Assignment\data\train\Czech\images\Czech_001846.jpg,Czech,1,1,0,0,0,['D00'],D00,train,620
C:\Users\ASUS\Desktop\SLIIT\Year 4\Semester 2\Deep Learning\Assignment\SE4050-Deep-Learning-Assignment\data\train\Czech\images\Czech_001847.jpg,Czech,2,1,0,0,0,['D00'],D00,test,621
C:\Users\ASUS\Desktop\SLIIT\Year 4\Semester 2\Deep Learning\Assignment\SE4050-Deep-Learning-Assignment\data\train\Czech\images\Czech_001849.jpg,Czech,1,1,0,0,0,['D00'],D00,val,622
C:\Users\ASUS\Desktop\SLIIT\Year 4\Semester 2\Deep Learning\Assignment\SE4050-Deep-Learning-Assignment\data\train\Czech\images\Czech_001853.jpg,Czech,1,1,0,0,0,['D00'],D00,val,623
C:\Users\ASUS\Desktop\SLIIT\Year 4\Semester 2\Deep Learning\Assignment\SE4050-Deep-Learning-Assignment\data\train\Czech\images\Czech_001858.jpg,Czech,1,0,0,0,1,['D40'],D40,train,624
C:\Users\ASUS\Desktop\SLIIT\Year 4\Semester 2\Deep Learning\Assignment\SE4050-Deep-Learning-Assignment\data\train\Czech\images\Czech_001860.jpg,Czech,1,1,0,0,0,['D00'],D00,val,625
C:\Users\ASUS\Desktop\SLIIT\Year 4\Semester 2\Deep Learning\Assignment\SE4050-Deep-Learning-Assignment\data\train\Czech\images\Czech_001863.jpg,Czech,1,1,0,0,0,['D00'],D00,train,626
C:\Users\ASUS\Desktop\SLIIT\Year 4\Semester 2\Deep Learning\Assignment\SE4050-Deep-Learning-Assignment\data\train\Czech\images\Czech_001864.jpg,Czech,1,1,0,0,0,['D00'],D00,train,627
C:\Users\ASUS\Desktop\SLIIT\Year 4\Semester 2\Deep Learning\Assignment\SE4050-Deep-Learning-Assignment\data\train\Czech\images\Czech_001871.jpg,Czech,1,0,0,0,1,['D40'],D40,test,628
C:\Users\ASUS\Desktop\SLIIT\Year 4\Semester 2\Deep Learning\Assignment\SE4050-Deep-Learning-Assignment\data\train\Czech\images\Czech_001873.jpg,Czech,1,1,0,0,0,['D00'],D00,train,629
C:\Users\ASUS\Desktop\SLIIT\Year 4\Semester 2\Deep Learning\Assignment\SE4050-Deep-Learning-Assignment\data\train\Czech\images\Czech_001874.jpg,Czech,1,1,0,0,0,['D00'],D00,train,630
C:\Users\ASUS\Desktop\SLIIT\Year 4\Semester 2\Deep Learning\Assignment\SE4050-Deep-Learning-Assignment\data\train\Czech\images\Czech_001876.jpg,Czech,2,1,0,0,0,['D00'],D00,val,631
C:\Users\ASUS\Desktop\SLIIT\Year 4\Semester 2\Deep Learning\Assignment\SE4050-Deep-Learning-Assignment\data\train\Czech\images\Czech_001877.jpg,Czech,1,1,0,0,0,['D00'],D00,train,632
C:\Users\ASUS\Desktop\SLIIT\Year 4\Semester 2\Deep Learning\Assignment\SE4050-Deep-Learning-Assignment\data\train\Czech\images\Czech_001878.jpg,Czech,1,1,0,0,0,['D00'],D00,train,633
C:\Users\ASUS\Desktop\SLIIT\Year 4\Semester 2\Deep Learning\Assignment\SE4050-Deep-Learning-Assignment\data\train\Czech\images\Czech_001879.jpg,Czech,1,0,1,0,0,['D10'],D10,train,634
C:\Users\ASUS\Desktop\SLIIT\Year 4\Semester 2\Deep Learning\Assignment\SE4050-Deep-Learning-Assignment\data\train\Czech\images\Czech_001882.jpg,Czech,2,1,1,0,0,"['D00', 'D10']",D00,train,635
C:\Users\ASUS\Desktop\SLIIT\Year 4\Semester 2\Deep Learning\Assignment\SE4050-Deep-Learning-Assignment\data\train\Czech\images\Czech_001886.jpg,Czech,1,1,0,0,0,['D00'],D00,train,636
C:\Users\ASUS\Desktop\SLIIT\Year 4\Semester 2\Deep Learning\Assignment\SE4050-Deep-Learning-Assignment\data\train\Czech\images\Czech_001889.jpg,Czech,1,1,0,0,0,['D00'],D00,train,637
C:\Users\ASUS\Desktop\SLIIT\Year 4\Semester 2\Deep Learning\Assignment\SE4050-Deep-Learning-Assignment\data\train\Czech\images\Czech_001908.jpg,Czech,1,1,0,0,0,['D00'],D00,test,638
C:\Users\ASUS\Desktop\SLIIT\Year 4\Semester 2\Deep Learning\Assignment\SE4050-Deep-Learning-Assignment\data\train\Czech\images\Czech_001912.jpg,Czech,1,1,0,0,0,['D00'],D00,train,639
C:\Users\ASUS\Desktop\SLIIT\Year 4\Semester 2\Deep Learning\Assignment\SE4050-Deep-Learning-Assignment\data\train\Czech\images\Czech_001917.jpg,Czech,1,0,0,0,1,['D40'],D40,train,640
C:\Users\ASUS\Desktop\SLIIT\Year 4\Semester 2\Deep Learning\Assignment\SE4050-Deep-Learning-Assignment\data\train\Czech\images\Czech_001918.jpg,Czech,1,1,0,0,0,['D00'],D00,train,641
C:\Users\ASUS\Desktop\SLIIT\Year 4\Semester 2\Deep Learning\Assignment\SE4050-Deep-Learning-Assignment\data\train\Czech\images\Czech_001922.jpg,Czech,1,0,1,0,0,['D10'],D10,train,642
C:\Users\ASUS\Desktop\SLIIT\Year 4\Semester 2\Deep Learning\Assignment\SE4050-Deep-Learning-Assignment\data\train\Czech\images\Czech_001932.jpg,Czech,3,1,0,0,0,['D00'],D00,test,643
C:\Users\ASUS\Desktop\SLIIT\Year 4\Semester 2\Deep Learning\Assignment\SE4050-Deep-Learning-Assignment\data\train\Czech\images\Czech_001934.jpg,Czech,1,1,0,0,0,['D00'],D00,train,644
C:\Users\ASUS\Desktop\SLIIT\Year 4\Semester 2\Deep Learning\Assignment\SE4050-Deep-Learning-Assignment\data\train\Czech\images\Czech_001936.jpg,Czech,1,1,0,0,0,['D00'],D00,train,645
C:\Users\ASUS\Desktop\SLIIT\Year 4\Semester 2\Deep Learning\Assignment\SE4050-Deep-Learning-Assignment\data\train\Czech\images\Czech_001939.jpg,Czech,1,1,0,0,0,['D00'],D00,train,646
C:\Users\ASUS\Desktop\SLIIT\Year 4\Semester 2\Deep Learning\Assignment\SE4050-Deep-Learning-Assignment\data\train\Czech\images\Czech_001940.jpg,Czech,1,0,0,0,1,['D40'],D40,train,647
C:\Users\ASUS\Desktop\SLIIT\Year 4\Semester 2\Deep Learning\Assignment\SE4050-Deep-Learning-Assignment\data\train\Czech\images\Czech_001943.jpg,Czech,1,1,0,0,0,['D00'],D00,train,648
C:\Users\ASUS\Desktop\SLIIT\Year 4\Semester 2\Deep Learning\Assignment\SE4050-Deep-Learning-Assignment\data\train\Czech\images\Czech_001944.jpg,Czech,1,1,0,0,0,['D00'],D00,val,649
C:\Users\ASUS\Desktop\SLIIT\Year 4\Semester 2\Deep Learning\Assignment\SE4050-Deep-Learning-Assignment\data\train\Czech\images\Czech_001946.jpg,Czech,1,1,0,0,0,['D00'],D00,train,650
C:\Users\ASUS\Desktop\SLIIT\Year 4\Semester 2\Deep Learning\Assignment\SE4050-Deep-Learning-Assignment\data\train\Czech\images\Czech_001947.jpg,Czech,1,0,0,0,1,['D40'],D40,train,651
C:\Users\ASUS\Desktop\SLIIT\Year 4\Semester 2\Deep Learning\Assignment\SE4050-Deep-Learning-Assignment\data\train\Czech\images\Czech_001948.jpg,Czech,3,1,0,0,1,"['D00', 'D40']",D00,train,652
C:\Users\ASUS\Desktop\SLIIT\Year 4\Semester 2\Deep Learning\Assignment\SE4050-Deep-Learning-Assignment\data\train\Czech\images\Czech_001949.jpg,Czech,1,1,0,0,0,['D00'],D00,train,653
C:\Users\ASUS\Desktop\SLIIT\Year 4\Semester 2\Deep Learning\Assignment\SE4050-Deep-Learning-Assignment\data\train\Czech\images\Czech_001953.jpg,Czech,3,1,0,0,1,"['D00', 'D40']",D00,val,654
C:\Users\ASUS\Desktop\SLIIT\Year 4\Semester 2\Deep Learning\Assignment\SE4050-Deep-Learning-Assignment\data\train\Czech\images\Czech_001956.jpg,Czech,3,0,1,1,1,"['D10', 'D20', 'D40']",D10,train,655
C:\Users\ASUS\Desktop\SLIIT\Year 4\Semester 2\Deep Learning\Assignment\SE4050-Deep-Learning-Assignment\data\train\Czech\images\Czech_001962.jpg,Czech,1,0,1,0,0,['D10'],D10,train,656
C:\Users\ASUS\Desktop\SLIIT\Year 4\Semester 2\Deep Learning\Assignment\SE4050-Deep-Learning-Assignment\data\train\Czech\images\Czech_001963.jpg,Czech,1,1,0,0,0,['D00'],D00,train,657
C:\Users\ASUS\Desktop\SLIIT\Year 4\Semester 2\Deep Learning\Assignment\SE4050-Deep-Learning-Assignment\data\train\Czech\images\Czech_001968.jpg,Czech,1,1,0,0,0,['D00'],D00,train,658
C:\Users\ASUS\Desktop\SLIIT\Year 4\Semester 2\Deep Learning\Assignment\SE4050-Deep-Learning-Assignment\data\train\Czech\images\Czech_001970.jpg,Czech,1,1,0,0,0,['D00'],D00,train,659
C:\Users\ASUS\Desktop\SLIIT\Year 4\Semester 2\Deep Learning\Assignment\SE4050-Deep-Learning-Assignment\data\train\Czech\images\Czech_001971.jpg,Czech,2,1,0,0,0,['D00'],D00,test,660
C:\Users\ASUS\Desktop\SLIIT\Year 4\Semester 2\Deep Learning\Assignment\SE4050-Deep-Learning-Assignment\data\train\Czech\images\Czech_001979.jpg,Czech,1,1,0,0,0,['D00'],D00,train,661
C:\Users\ASUS\Desktop\SLIIT\Year 4\Semester 2\Deep Learning\Assignment\SE4050-Deep-Learning-Assignment\data\train\Czech\images\Czech_001980.jpg,Czech,1,1,0,0,0,['D00'],D00,val,662
C:\Users\ASUS\Desktop\SLIIT\Year 4\Semester 2\Deep Learning\Assignment\SE4050-Deep-Learning-Assignment\data\train\Czech\images\Czech_001982.jpg,Czech,1,1,0,0,0,['D00'],D00,test,663
C:\Users\ASUS\Desktop\SLIIT\Year 4\Semester 2\Deep Learning\Assignment\SE4050-Deep-Learning-Assignment\data\train\Czech\images\Czech_001983.jpg,Czech,2,1,0,1,0,"['D00', 'D20']",D00,train,664
C:\Users\ASUS\Desktop\SLIIT\Year 4\Semester 2\Deep Learning\Assignment\SE4050-Deep-Learning-Assignment\data\train\Czech\images\Czech_001986.jpg,Czech,1,1,0,0,0,['D00'],D00,test,665
C:\Users\ASUS\Desktop\SLIIT\Year 4\Semester 2\Deep Learning\Assignment\SE4050-Deep-Learning-Assignment\data\train\Czech\images\Czech_001993.jpg,Czech,4,1,1,0,0,"['D00', 'D10']",D00,train,666
C:\Users\ASUS\Desktop\SLIIT\Year 4\Semester 2\Deep Learning\Assignment\SE4050-Deep-Learning-Assignment\data\train\Czech\images\Czech_001995.jpg,Czech,1,1,0,0,0,['D00'],D00,train,667
C:\Users\ASUS\Desktop\SLIIT\Year 4\Semester 2\Deep Learning\Assignment\SE4050-Deep-Learning-Assignment\data\train\Czech\images\Czech_001998.jpg,Czech,1,1,0,0,0,['D00'],D00,val,668
C:\Users\ASUS\Desktop\SLIIT\Year 4\Semester 2\Deep Learning\Assignment\SE4050-Deep-Learning-Assignment\data\train\Czech\images\Czech_002003.jpg,Czech,1,1,0,0,0,['D00'],D00,train,669
C:\Users\ASUS\Desktop\SLIIT\Year 4\Semester 2\Deep Learning\Assignment\SE4050-Deep-Learning-Assignment\data\train\Czech\images\Czech_002006.jpg,Czech,1,1,0,0,0,['D00'],D00,train,670
C:\Users\ASUS\Desktop\SLIIT\Year 4\Semester 2\Deep Learning\Assignment\SE4050-Deep-Learning-Assignment\data\train\Czech\images\Czech_002009.jpg,Czech,2,0,1,0,1,"['D10', 'D40']",D10,train,671
C:\Users\ASUS\Desktop\SLIIT\Year 4\Semester 2\Deep Learning\Assignment\SE4050-Deep-Learning-Assignment\data\train\Czech\images\Czech_002013.jpg,Czech,4,0,0,1,1,"['D20', 'D40']",D20,val,672
C:\Users\ASUS\Desktop\SLIIT\Year 4\Semester 2\Deep Learning\Assignment\SE4050-Deep-Learning-Assignment\data\train\Czech\images\Czech_002014.jpg,Czech,1,1,0,0,0,['D00'],D00,train,673
C:\Users\ASUS\Desktop\SLIIT\Year 4\Semester 2\Deep Learning\Assignment\SE4050-Deep-Learning-Assignment\data\train\Czech\images\Czech_002016.jpg,Czech,2,0,0,0,1,['D40'],D40,train,674
C:\Users\ASUS\Desktop\SLIIT\Year 4\Semester 2\Deep Learning\Assignment\SE4050-Deep-Learning-Assignment\data\train\Czech\images\Czech_002021.jpg,Czech,1,1,0,0,0,['D00'],D00,train,675
C:\Users\ASUS\Desktop\SLIIT\Year 4\Semester 2\Deep Learning\Assignment\SE4050-Deep-Learning-Assignment\data\train\Czech\images\Czech_002023.jpg,Czech,1,1,0,0,0,['D00'],D00,test,676
C:\Users\ASUS\Desktop\SLIIT\Year 4\Semester 2\Deep Learning\Assignment\SE4050-Deep-Learning-Assignment\data\train\Czech\images\Czech_002024.jpg,Czech,3,1,0,0,1,"['D00', 'D40']",D00,test,677
C:\Users\ASUS\Desktop\SLIIT\Year 4\Semester 2\Deep Learning\Assignment\SE4050-Deep-Learning-Assignment\data\train\Czech\images\Czech_002028.jpg,Czech,2,1,0,0,0,['D00'],D00,train,678
C:\Users\ASUS\Desktop\SLIIT\Year 4\Semester 2\Deep Learning\Assignment\SE4050-Deep-Learning-Assignment\data\train\Czech\images\Czech_002029.jpg,Czech,1,0,1,0,0,['D10'],D10,train,679
C:\Users\ASUS\Desktop\SLIIT\Year 4\Semester 2\Deep Learning\Assignment\SE4050-Deep-Learning-Assignment\data\train\Czech\images\Czech_002041.jpg,Czech,3,1,1,0,0,"['D00', 'D10']",D00,test,680
C:\Users\ASUS\Desktop\SLIIT\Year 4\Semester 2\Deep Learning\Assignment\SE4050-Deep-Learning-Assignment\data\train\Czech\images\Czech_002042.jpg,Czech,2,0,0,1,0,['D20'],D20,train,681
C:\Users\ASUS\Desktop\SLIIT\Year 4\Semester 2\Deep Learning\Assignment\SE4050-Deep-Learning-Assignment\data\train\Czech\images\Czech_002045.jpg,Czech,1,1,0,0,0,['D00'],D00,train,682
C:\Users\ASUS\Desktop\SLIIT\Year 4\Semester 2\Deep Learning\Assignment\SE4050-Deep-Learning-Assignment\data\train\Czech\images\Czech_002052.jpg,Czech,2,0,0,1,0,['D20'],D20,val,683
C:\Users\ASUS\Desktop\SLIIT\Year 4\Semester 2\Deep Learning\Assignment\SE4050-Deep-Learning-Assignment\data\train\Czech\images\Czech_002055.jpg,Czech,3,1,1,1,0,"['D00', 'D10', 'D20']",D00,train,684
C:\Users\ASUS\Desktop\SLIIT\Year 4\Semester 2\Deep Learning\Assignment\SE4050-Deep-Learning-Assignment\data\train\Czech\images\Czech_002057.jpg,Czech,1,1,0,0,0,['D00'],D00,val,685
C:\Users\ASUS\Desktop\SLIIT\Year 4\Semester 2\Deep Learning\Assignment\SE4050-Deep-Learning-Assignment\data\train\Czech\images\Czech_002058.jpg,Czech,1,0,0,0,1,['D40'],D40,test,686
C:\Users\ASUS\Desktop\SLIIT\Year 4\Semester 2\Deep Learning\Assignment\SE4050-Deep-Learning-Assignment\data\train\Czech\images\Czech_002062.jpg,Czech,1,0,1,0,0,['D10'],D10,train,687
C:\Users\ASUS\Desktop\SLIIT\Year 4\Semester 2\Deep Learning\Assignment\SE4050-Deep-Learning-Assignment\data\train\Czech\images\Czech_002063.jpg,Czech,2,1,0,0,1,"['D00', 'D40']",D00,train,688
C:\Users\ASUS\Desktop\SLIIT\Year 4\Semester 2\Deep Learning\Assignment\SE4050-Deep-Learning-Assignment\data\train\Czech\images\Czech_002067.jpg,Czech,3,0,1,1,0,"['D10', 'D20']",D10,train,689
C:\Users\ASUS\Desktop\SLIIT\Year 4\Semester 2\Deep Learning\Assignment\SE4050-Deep-Learning-Assignment\data\train\Czech\images\Czech_002078.jpg,Czech,1,0,0,0,1,['D40'],D40,train,690
C:\Users\ASUS\Desktop\SLIIT\Year 4\Semester 2\Deep Learning\Assignment\SE4050-Deep-Learning-Assignment\data\train\Czech\images\Czech_002079.jpg,Czech,1,0,1,0,0,['D10'],D10,train,691
C:\Users\ASUS\Desktop\SLIIT\Year 4\Semester 2\Deep Learning\Assignment\SE4050-Deep-Learning-Assignment\data\train\Czech\images\Czech_002080.jpg,Czech,3,1,1,0,0,"['D00', 'D10']",D00,val,692
C:\Users\ASUS\Desktop\SLIIT\Year 4\Semester 2\Deep Learning\Assignment\SE4050-Deep-Learning-Assignment\data\train\Czech\images\Czech_002084.jpg,Czech,2,1,1,0,0,"['D00', 'D10']",D00,test,693
C:\Users\ASUS\Desktop\SLIIT\Year 4\Semester 2\Deep Learning\Assignment\SE4050-Deep-Learning-Assignment\data\train\Czech\images\Czech_002085.jpg,Czech,1,0,1,0,0,['D10'],D10,train,694
C:\Users\ASUS\Desktop\SLIIT\Year 4\Semester 2\Deep Learning\Assignment\SE4050-Deep-Learning-Assignment\data\train\Czech\images\Czech_002092.jpg,Czech,1,0,0,0,1,['D40'],D40,train,695
C:\Users\ASUS\Desktop\SLIIT\Year 4\Semester 2\Deep Learning\Assignment\SE4050-Deep-Learning-Assignment\data\train\Czech\images\Czech_002095.jpg,Czech,1,0,0,0,1,['D40'],D40,train,696
C:\Users\ASUS\Desktop\SLIIT\Year 4\Semester 2\Deep Learning\Assignment\SE4050-Deep-Learning-Assignment\data\train\Czech\images\Czech_002109.jpg,Czech,1,1,0,0,0,['D00'],D00,test,697
C:\Users\ASUS\Desktop\SLIIT\Year 4\Semester 2\Deep Learning\Assignment\SE4050-Deep-Learning-Assignment\data\train\Czech\images\Czech_002113.jpg,Czech,1,1,0,0,0,['D00'],D00,train,698
C:\Users\ASUS\Desktop\SLIIT\Year 4\Semester 2\Deep Learning\Assignment\SE4050-Deep-Learning-Assignment\data\train\Czech\images\Czech_002114.jpg,Czech,3,1,1,0,0,"['D00', 'D10']",D00,train,699
C:\Users\ASUS\Desktop\SLIIT\Year 4\Semester 2\Deep Learning\Assignment\SE4050-Deep-Learning-Assignment\data\train\Czech\images\Czech_002116.jpg,Czech,1,1,0,0,0,['D00'],D00,train,700
C:\Users\ASUS\Desktop\SLIIT\Year 4\Semester 2\Deep Learning\Assignment\SE4050-Deep-Learning-Assignment\data\train\Czech\images\Czech_002117.jpg,Czech,1,0,1,0,0,['D10'],D10,train,701
C:\Users\ASUS\Desktop\SLIIT\Year 4\Semester 2\Deep Learning\Assignment\SE4050-Deep-Learning-Assignment\data\train\Czech\images\Czech_002120.jpg,Czech,1,1,0,0,0,['D00'],D00,train,702
C:\Users\ASUS\Desktop\SLIIT\Year 4\Semester 2\Deep Learning\Assignment\SE4050-Deep-Learning-Assignment\data\train\Czech\images\Czech_002123.jpg,Czech,2,1,1,0,0,"['D00', 'D10']",D00,train,703
C:\Users\ASUS\Desktop\SLIIT\Year 4\Semester 2\Deep Learning\Assignment\SE4050-Deep-Learning-Assignment\data\train\Czech\images\Czech_002126.jpg,Czech,2,1,1,0,0,"['D00', 'D10']",D00,train,704
C:\Users\ASUS\Desktop\SLIIT\Year 4\Semester 2\Deep Learning\Assignment\SE4050-Deep-Learning-Assignment\data\train\Czech\images\Czech_002128.jpg,Czech,1,0,1,0,0,['D10'],D10,train,705
C:\Users\ASUS\Desktop\SLIIT\Year 4\Semester 2\Deep Learning\Assignment\SE4050-Deep-Learning-Assignment\data\train\Czech\images\Czech_002129.jpg,Czech,1,0,1,0,0,['D10'],D10,train,706
C:\Users\ASUS\Desktop\SLIIT\Year 4\Semester 2\Deep Learning\Assignment\SE4050-Deep-Learning-Assignment\data\train\Czech\images\Czech_002132.jpg,Czech,1,0,0,1,0,['D20'],D20,train,707
C:\Users\ASUS\Desktop\SLIIT\Year 4\Semester 2\Deep Learning\Assignment\SE4050-Deep-Learning-Assignment\data\train\Czech\images\Czech_002135.jpg,Czech,1,1,0,0,0,['D00'],D00,train,708
C:\Users\ASUS\Desktop\SLIIT\Year 4\Semester 2\Deep Learning\Assignment\SE4050-Deep-Learning-Assignment\data\train\Czech\images\Czech_002136.jpg,Czech,1,0,0,1,0,['D20'],D20,val,709
C:\Users\ASUS\Desktop\SLIIT\Year 4\Semester 2\Deep Learning\Assignment\SE4050-Deep-Learning-Assignment\data\train\Czech\images\Czech_002145.jpg,Czech,2,1,0,1,0,"['D00', 'D20']",D00,train,710
C:\Users\ASUS\Desktop\SLIIT\Year 4\Semester 2\Deep Learning\Assignment\SE4050-Deep-Learning-Assignment\data\train\Czech\images\Czech_002147.jpg,Czech,3,0,0,0,1,['D40'],D40,train,711
C:\Users\ASUS\Desktop\SLIIT\Year 4\Semester 2\Deep Learning\Assignment\SE4050-Deep-Learning-Assignment\data\train\Czech\images\Czech_002152.jpg,Czech,1,1,0,0,0,['D00'],D00,test,712
C:\Users\ASUS\Desktop\SLIIT\Year 4\Semester 2\Deep Learning\Assignment\SE4050-Deep-Learning-Assignment\data\train\Czech\images\Czech_002153.jpg,Czech,1,1,0,0,0,['D00'],D00,test,713
C:\Users\ASUS\Desktop\SLIIT\Year 4\Semester 2\Deep Learning\Assignment\SE4050-Deep-Learning-Assignment\data\train\Czech\images\Czech_002155.jpg,Czech,1,0,1,0,0,['D10'],D10,train,714
C:\Users\ASUS\Desktop\SLIIT\Year 4\Semester 2\Deep Learning\Assignment\SE4050-Deep-Learning-Assignment\data\train\Czech\images\Czech_002156.jpg,Czech,1,1,0,0,0,['D00'],D00,train,715
C:\Users\ASUS\Desktop\SLIIT\Year 4\Semester 2\Deep Learning\Assignment\SE4050-Deep-Learning-Assignment\data\train\Czech\images\Czech_002163.jpg,Czech,1,1,0,0,0,['D00'],D00,train,716
C:\Users\ASUS\Desktop\SLIIT\Year 4\Semester 2\Deep Learning\Assignment\SE4050-Deep-Learning-Assignment\data\train\Czech\images\Czech_002165.jpg,Czech,2,0,0,1,0,['D20'],D20,train,717
C:\Users\ASUS\Desktop\SLIIT\Year 4\Semester 2\Deep Learning\Assignment\SE4050-Deep-Learning-Assignment\data\train\Czech\images\Czech_002168.jpg,Czech,3,1,1,0,0,"['D00', 'D10']",D00,train,718
C:\Users\ASUS\Desktop\SLIIT\Year 4\Semester 2\Deep Learning\Assignment\SE4050-Deep-Learning-Assignment\data\train\Czech\images\Czech_002170.jpg,Czech,1,1,0,0,0,['D00'],D00,val,719
C:\Users\ASUS\Desktop\SLIIT\Year 4\Semester 2\Deep Learning\Assignment\SE4050-Deep-Learning-Assignment\data\train\Czech\images\Czech_002173.jpg,Czech,1,1,0,0,0,['D00'],D00,val,720
C:\Users\ASUS\Desktop\SLIIT\Year 4\Semester 2\Deep Learning\Assignment\SE4050-Deep-Learning-Assignment\data\train\Czech\images\Czech_002176.jpg,Czech,1,1,0,0,0,['D00'],D00,train,721
C:\Users\ASUS\Desktop\SLIIT\Year 4\Semester 2\Deep Learning\Assignment\SE4050-Deep-Learning-Assignment\data\train\Czech\images\Czech_002177.jpg,Czech,1,1,0,0,0,['D00'],D00,train,722
C:\Users\ASUS\Desktop\SLIIT\Year 4\Semester 2\Deep Learning\Assignment\SE4050-Deep-Learning-Assignment\data\train\Czech\images\Czech_002182.jpg,Czech,2,1,0,0,0,['D00'],D00,val,723
C:\Users\ASUS\Desktop\SLIIT\Year 4\Semester 2\Deep Learning\Assignment\SE4050-Deep-Learning-Assignment\data\train\Czech\images\Czech_002195.jpg,Czech,1,1,0,0,0,['D00'],D00,val,724
C:\Users\ASUS\Desktop\SLIIT\Year 4\Semester 2\Deep Learning\Assignment\SE4050-Deep-Learning-Assignment\data\train\Czech\images\Czech_002198.jpg,Czech,1,1,0,0,0,['D00'],D00,train,725
C:\Users\ASUS\Desktop\SLIIT\Year 4\Semester 2\Deep Learning\Assignment\SE4050-Deep-Learning-Assignment\data\train\Czech\images\Czech_002199.jpg,Czech,1,1,0,0,0,['D00'],D00,train,726
C:\Users\ASUS\Desktop\SLIIT\Year 4\Semester 2\Deep Learning\Assignment\SE4050-Deep-Learning-Assignment\data\train\Czech\images\Czech_002202.jpg,Czech,5,1,1,0,0,"['D00', 'D10']",D00,train,727
C:\Users\ASUS\Desktop\SLIIT\Year 4\Semester 2\Deep Learning\Assignment\SE4050-Deep-Learning-Assignment\data\train\Czech\images\Czech_002208.jpg,Czech,2,1,0,0,0,['D00'],D00,train,728
C:\Users\ASUS\Desktop\SLIIT\Year 4\Semester 2\Deep Learning\Assignment\SE4050-Deep-Learning-Assignment\data\train\Czech\images\Czech_002213.jpg,Czech,1,1,0,0,0,['D00'],D00,train,729
C:\Users\ASUS\Desktop\SLIIT\Year 4\Semester 2\Deep Learning\Assignment\SE4050-Deep-Learning-Assignment\data\train\Czech\images\Czech_002215.jpg,Czech,2,0,0,1,0,['D20'],D20,train,730
C:\Users\ASUS\Desktop\SLIIT\Year 4\Semester 2\Deep Learning\Assignment\SE4050-Deep-Learning-Assignment\data\train\Czech\images\Czech_002220.jpg,Czech,2,1,1,0,0,"['D00', 'D10']",D00,train,731
C:\Users\ASUS\Desktop\SLIIT\Year 4\Semester 2\Deep Learning\Assignment\SE4050-Deep-Learning-Assignment\data\train\Czech\images\Czech_002222.jpg,Czech,1,0,0,1,0,['D20'],D20,train,732
C:\Users\ASUS\Desktop\SLIIT\Year 4\Semester 2\Deep Learning\Assignment\SE4050-Deep-Learning-Assignment\data\train\Czech\images\Czech_002223.jpg,Czech,1,1,0,0,0,['D00'],D00,train,733
C:\Users\ASUS\Desktop\SLIIT\Year 4\Semester 2\Deep Learning\Assignment\SE4050-Deep-Learning-Assignment\data\train\Czech\images\Czech_002224.jpg,Czech,1,1,0,0,0,['D00'],D00,train,734
C:\Users\ASUS\Desktop\SLIIT\Year 4\Semester 2\Deep Learning\Assignment\SE4050-Deep-Learning-Assignment\data\train\Czech\images\Czech_002225.jpg,Czech,1,1,0,0,0,['D00'],D00,train,735
C:\Users\ASUS\Desktop\SLIIT\Year 4\Semester 2\Deep Learning\Assignment\SE4050-Deep-Learning-Assignment\data\train\Czech\images\Czech_002231.jpg,Czech,5,1,1,1,0,"['D00', 'D10', 'D20']",D00,train,736
C:\Users\ASUS\Desktop\SLIIT\Year 4\Semester 2\Deep Learning\Assignment\SE4050-Deep-Learning-Assignment\data\train\Czech\images\Czech_002238.jpg,Czech,1,1,0,0,0,['D00'],D00,test,737
C:\Users\ASUS\Desktop\SLIIT\Year 4\Semester 2\Deep Learning\Assignment\SE4050-Deep-Learning-Assignment\data\train\Czech\images\Czech_002242.jpg,Czech,2,1,0,0,0,['D00'],D00,train,23
C:\Users\ASUS\Desktop\SLIIT\Year 4\Semester 2\Deep Learning\Assignment\SE4050-Deep-Learning-Assignment\data\train\Czech\images\Czech_002244.jpg,Czech,1,0,0,0,1,['D40'],D40,test,738
C:\Users\ASUS\Desktop\SLIIT\Year 4\Semester 2\Deep Learning\Assignment\SE4050-Deep-Learning-Assignment\data\train\Czech\images\Czech_002245.jpg,Czech,1,1,0,0,0,['D00'],D00,test,739
C:\Users\ASUS\Desktop\SLIIT\Year 4\Semester 2\Deep Learning\Assignment\SE4050-Deep-Learning-Assignment\data\train\Czech\images\Czech_002248.jpg,Czech,1,0,0,0,1,['D40'],D40,train,740
C:\Users\ASUS\Desktop\SLIIT\Year 4\Semester 2\Deep Learning\Assignment\SE4050-Deep-Learning-Assignment\data\train\Czech\images\Czech_002255.jpg,Czech,1,1,0,0,0,['D00'],D00,train,741
C:\Users\ASUS\Desktop\SLIIT\Year 4\Semester 2\Deep Learning\Assignment\SE4050-Deep-Learning-Assignment\data\train\Czech\images\Czech_002256.jpg,Czech,1,0,1,0,0,['D10'],D10,train,742
C:\Users\ASUS\Desktop\SLIIT\Year 4\Semester 2\Deep Learning\Assignment\SE4050-Deep-Learning-Assignment\data\train\Czech\images\Czech_002259.jpg,Czech,2,1,0,0,0,['D00'],D00,val,743
C:\Users\ASUS\Desktop\SLIIT\Year 4\Semester 2\Deep Learning\Assignment\SE4050-Deep-Learning-Assignment\data\train\Czech\images\Czech_002262.jpg,Czech,4,1,1,0,0,"['D00', 'D10']",D00,train,744
C:\Users\ASUS\Desktop\SLIIT\Year 4\Semester 2\Deep Learning\Assignment\SE4050-Deep-Learning-Assignment\data\train\Czech\images\Czech_002263.jpg,Czech,2,1,0,0,0,['D00'],D00,train,745
C:\Users\ASUS\Desktop\SLIIT\Year 4\Semester 2\Deep Learning\Assignment\SE4050-Deep-Learning-Assignment\data\train\Czech\images\Czech_002264.jpg,Czech,1,0,0,0,1,['D40'],D40,train,746
C:\Users\ASUS\Desktop\SLIIT\Year 4\Semester 2\Deep Learning\Assignment\SE4050-Deep-Learning-Assignment\data\train\Czech\images\Czech_002265.jpg,Czech,1,0,1,0,0,['D10'],D10,train,747
C:\Users\ASUS\Desktop\SLIIT\Year 4\Semester 2\Deep Learning\Assignment\SE4050-Deep-Learning-Assignment\data\train\Czech\images\Czech_002267.jpg,Czech,2,1,0,0,0,['D00'],D00,val,748
C:\Users\ASUS\Desktop\SLIIT\Year 4\Semester 2\Deep Learning\Assignment\SE4050-Deep-Learning-Assignment\data\train\Czech\images\Czech_002269.jpg,Czech,1,0,1,0,0,['D10'],D10,train,749
C:\Users\ASUS\Desktop\SLIIT\Year 4\Semester 2\Deep Learning\Assignment\SE4050-Deep-Learning-Assignment\data\train\Czech\images\Czech_002285.jpg,Czech,1,1,0,0,0,['D00'],D00,train,750
C:\Users\ASUS\Desktop\SLIIT\Year 4\Semester 2\Deep Learning\Assignment\SE4050-Deep-Learning-Assignment\data\train\Czech\images\Czech_002294.jpg,Czech,3,1,0,0,0,['D00'],D00,val,751
C:\Users\ASUS\Desktop\SLIIT\Year 4\Semester 2\Deep Learning\Assignment\SE4050-Deep-Learning-Assignment\data\train\Czech\images\Czech_002297.jpg,Czech,1,0,0,1,0,['D20'],D20,train,752
C:\Users\ASUS\Desktop\SLIIT\Year 4\Semester 2\Deep Learning\Assignment\SE4050-Deep-Learning-Assignment\data\train\Czech\images\Czech_002298.jpg,Czech,2,1,1,0,0,"['D00', 'D10']",D00,train,753
C:\Users\ASUS\Desktop\SLIIT\Year 4\Semester 2\Deep Learning\Assignment\SE4050-Deep-Learning-Assignment\data\train\Czech\images\Czech_002300.jpg,Czech,2,1,0,0,0,['D00'],D00,train,754
C:\Users\ASUS\Desktop\SLIIT\Year 4\Semester 2\Deep Learning\Assignment\SE4050-Deep-Learning-Assignment\data\train\Czech\images\Czech_002304.jpg,Czech,2,1,0,0,0,['D00'],D00,train,755
C:\Users\ASUS\Desktop\SLIIT\Year 4\Semester 2\Deep Learning\Assignment\SE4050-Deep-Learning-Assignment\data\train\Czech\images\Czech_002322.jpg,Czech,1,1,0,0,0,['D00'],D00,val,756
C:\Users\ASUS\Desktop\SLIIT\Year 4\Semester 2\Deep Learning\Assignment\SE4050-Deep-Learning-Assignment\data\train\Czech\images\Czech_002328.jpg,Czech,1,1,0,0,0,['D00'],D00,train,757
C:\Users\ASUS\Desktop\SLIIT\Year 4\Semester 2\Deep Learning\Assignment\SE4050-Deep-Learning-Assignment\data\train\Czech\images\Czech_002331.jpg,Czech,1,1,0,0,0,['D00'],D00,train,758
C:\Users\ASUS\Desktop\SLIIT\Year 4\Semester 2\Deep Learning\Assignment\SE4050-Deep-Learning-Assignment\data\train\Czech\images\Czech_002336.jpg,Czech,1,1,0,0,0,['D00'],D00,train,759
C:\Users\ASUS\Desktop\SLIIT\Year 4\Semester 2\Deep Learning\Assignment\SE4050-Deep-Learning-Assignment\data\train\Czech\images\Czech_002343.jpg,Czech,1,1,0,0,0,['D00'],D00,train,760
C:\Users\ASUS\Desktop\SLIIT\Year 4\Semester 2\Deep Learning\Assignment\SE4050-Deep-Learning-Assignment\data\train\Czech\images\Czech_002347.jpg,Czech,1,0,1,0,0,['D10'],D10,train,761
C:\Users\ASUS\Desktop\SLIIT\Year 4\Semester 2\Deep Learning\Assignment\SE4050-Deep-Learning-Assignment\data\train\Czech\images\Czech_002348.jpg,Czech,2,1,0,0,0,['D00'],D00,test,762
C:\Users\ASUS\Desktop\SLIIT\Year 4\Semester 2\Deep Learning\Assignment\SE4050-Deep-Learning-Assignment\data\train\Czech\images\Czech_002353.jpg,Czech,2,0,1,0,0,['D10'],D10,val,763
C:\Users\ASUS\Desktop\SLIIT\Year 4\Semester 2\Deep Learning\Assignment\SE4050-Deep-Learning-Assignment\data\train\Czech\images\Czech_002354.jpg,Czech,1,1,0,0,0,['D00'],D00,train,764
C:\Users\ASUS\Desktop\SLIIT\Year 4\Semester 2\Deep Learning\Assignment\SE4050-Deep-Learning-Assignment\data\train\Czech\images\Czech_002357.jpg,Czech,4,1,1,0,0,"['D00', 'D10']",D00,train,765
C:\Users\ASUS\Desktop\SLIIT\Year 4\Semester 2\Deep Learning\Assignment\SE4050-Deep-Learning-Assignment\data\train\Czech\images\Czech_002361.jpg,Czech,1,1,0,0,0,['D00'],D00,train,766
C:\Users\ASUS\Desktop\SLIIT\Year 4\Semester 2\Deep Learning\Assignment\SE4050-Deep-Learning-Assignment\data\train\Czech\images\Czech_002362.jpg,Czech,1,1,0,0,0,['D00'],D00,train,767
C:\Users\ASUS\Desktop\SLIIT\Year 4\Semester 2\Deep Learning\Assignment\SE4050-Deep-Learning-Assignment\data\train\Czech\images\Czech_002365.jpg,Czech,1,0,0,0,1,['D40'],D40,test,768
C:\Users\ASUS\Desktop\SLIIT\Year 4\Semester 2\Deep Learning\Assignment\SE4050-Deep-Learning-Assignment\data\train\Czech\images\Czech_002368.jpg,Czech,1,1,0,0,0,['D00'],D00,val,769
C:\Users\ASUS\Desktop\SLIIT\Year 4\Semester 2\Deep Learning\Assignment\SE4050-Deep-Learning-Assignment\data\train\Czech\images\Czech_002372.jpg,Czech,1,1,0,0,0,['D00'],D00,test,770
C:\Users\ASUS\Desktop\SLIIT\Year 4\Semester 2\Deep Learning\Assignment\SE4050-Deep-Learning-Assignment\data\train\Czech\images\Czech_002374.jpg,Czech,3,1,0,0,1,"['D00', 'D40']",D00,train,771
C:\Users\ASUS\Desktop\SLIIT\Year 4\Semester 2\Deep Learning\Assignment\SE4050-Deep-Learning-Assignment\data\train\Czech\images\Czech_002376.jpg,Czech,1,1,0,0,0,['D00'],D00,test,772
C:\Users\ASUS\Desktop\SLIIT\Year 4\Semester 2\Deep Learning\Assignment\SE4050-Deep-Learning-Assignment\data\train\Czech\images\Czech_002381.jpg,Czech,1,1,0,0,0,['D00'],D00,train,773
C:\Users\ASUS\Desktop\SLIIT\Year 4\Semester 2\Deep Learning\Assignment\SE4050-Deep-Learning-Assignment\data\train\Czech\images\Czech_002383.jpg,Czech,1,0,1,0,0,['D10'],D10,train,22
C:\Users\ASUS\Desktop\SLIIT\Year 4\Semester 2\Deep Learning\Assignment\SE4050-Deep-Learning-Assignment\data\train\Czech\images\Czech_002385.jpg,Czech,3,1,1,0,0,"['D00', 'D10']",D00,val,774
C:\Users\ASUS\Desktop\SLIIT\Year 4\Semester 2\Deep Learning\Assignment\SE4050-Deep-Learning-Assignment\data\train\Czech\images\Czech_002392.jpg,Czech,1,1,0,0,0,['D00'],D00,train,775
C:\Users\ASUS\Desktop\SLIIT\Year 4\Semester 2\Deep Learning\Assignment\SE4050-Deep-Learning-Assignment\data\train\Czech\images\Czech_002393.jpg,Czech,1,1,0,0,0,['D00'],D00,train,776
C:\Users\ASUS\Desktop\SLIIT\Year 4\Semester 2\Deep Learning\Assignment\SE4050-Deep-Learning-Assignment\data\train\Czech\images\Czech_002395.jpg,Czech,2,1,1,0,0,"['D00', 'D10']",D00,train,777
C:\Users\ASUS\Desktop\SLIIT\Year 4\Semester 2\Deep Learning\Assignment\SE4050-Deep-Learning-Assignment\data\train\Czech\images\Czech_002397.jpg,Czech,1,0,0,1,0,['D20'],D20,train,778
C:\Users\ASUS\Desktop\SLIIT\Year 4\Semester 2\Deep Learning\Assignment\SE4050-Deep-Learning-Assignment\data\train\Czech\images\Czech_002399.jpg,Czech,1,0,1,0,0,['D10'],D10,test,779
C:\Users\ASUS\Desktop\SLIIT\Year 4\Semester 2\Deep Learning\Assignment\SE4050-Deep-Learning-Assignment\data\train\Czech\images\Czech_002406.jpg,Czech,1,1,0,0,0,['D00'],D00,val,780
C:\Users\ASUS\Desktop\SLIIT\Year 4\Semester 2\Deep Learning\Assignment\SE4050-Deep-Learning-Assignment\data\train\Czech\images\Czech_002409.jpg,Czech,2,1,1,0,0,"['D00', 'D10']",D00,train,781
C:\Users\ASUS\Desktop\SLIIT\Year 4\Semester 2\Deep Learning\Assignment\SE4050-Deep-Learning-Assignment\data\train\Czech\images\Czech_002410.jpg,Czech,1,1,0,0,0,['D00'],D00,test,782
C:\Users\ASUS\Desktop\SLIIT\Year 4\Semester 2\Deep Learning\Assignment\SE4050-Deep-Learning-Assignment\data\train\Czech\images\Czech_002420.jpg,Czech,4,1,0,0,1,"['D00', 'D40']",D00,test,783
C:\Users\ASUS\Desktop\SLIIT\Year 4\Semester 2\Deep Learning\Assignment\SE4050-Deep-Learning-Assignment\data\train\Czech\images\Czech_002423.jpg,Czech,1,0,0,1,0,['D20'],D20,train,784
C:\Users\ASUS\Desktop\SLIIT\Year 4\Semester 2\Deep Learning\Assignment\SE4050-Deep-Learning-Assignment\data\train\Czech\images\Czech_002424.jpg,Czech,2,1,1,0,0,"['D00', 'D10']",D00,train,785
C:\Users\ASUS\Desktop\SLIIT\Year 4\Semester 2\Deep Learning\Assignment\SE4050-Deep-Learning-Assignment\data\train\Czech\images\Czech_002428.jpg,Czech,2,1,0,0,1,"['D00', 'D40']",D00,val,786
C:\Users\ASUS\Desktop\SLIIT\Year 4\Semester 2\Deep Learning\Assignment\SE4050-Deep-Learning-Assignment\data\train\Czech\images\Czech_002430.jpg,Czech,1,1,0,0,0,['D00'],D00,train,787
C:\Users\ASUS\Desktop\SLIIT\Year 4\Semester 2\Deep Learning\Assignment\SE4050-Deep-Learning-Assignment\data\train\Czech\images\Czech_002432.jpg,Czech,2,1,0,0,0,['D00'],D00,val,788
C:\Users\ASUS\Desktop\SLIIT\Year 4\Semester 2\Deep Learning\Assignment\SE4050-Deep-Learning-Assignment\data\train\Czech\images\Czech_002434.jpg,Czech,1,1,0,0,0,['D00'],D00,test,789
C:\Users\ASUS\Desktop\SLIIT\Year 4\Semester 2\Deep Learning\Assignment\SE4050-Deep-Learning-Assignment\data\train\Czech\images\Czech_002436.jpg,Czech,4,0,0,1,1,"['D20', 'D40']",D20,train,790
C:\Users\ASUS\Desktop\SLIIT\Year 4\Semester 2\Deep Learning\Assignment\SE4050-Deep-Learning-Assignment\data\train\Czech\images\Czech_002437.jpg,Czech,1,0,1,0,0,['D10'],D10,train,791
C:\Users\ASUS\Desktop\SLIIT\Year 4\Semester 2\Deep Learning\Assignment\SE4050-Deep-Learning-Assignment\data\train\Czech\images\Czech_002438.jpg,Czech,1,1,0,0,0,['D00'],D00,test,792
C:\Users\ASUS\Desktop\SLIIT\Year 4\Semester 2\Deep Learning\Assignment\SE4050-Deep-Learning-Assignment\data\train\Czech\images\Czech_002442.jpg,Czech,1,1,0,0,0,['D00'],D00,train,793
C:\Users\ASUS\Desktop\SLIIT\Year 4\Semester 2\Deep Learning\Assignment\SE4050-Deep-Learning-Assignment\data\train\Czech\images\Czech_002444.jpg,Czech,2,0,0,1,1,"['D20', 'D40']",D20,train,794
C:\Users\ASUS\Desktop\SLIIT\Year 4\Semester 2\Deep Learning\Assignment\SE4050-Deep-Learning-Assignment\data\train\Czech\images\Czech_002447.jpg,Czech,2,1,1,0,0,"['D00', 'D10']",D00,train,795
C:\Users\ASUS\Desktop\SLIIT\Year 4\Semester 2\Deep Learning\Assignment\SE4050-Deep-Learning-Assignment\data\train\Czech\images\Czech_002448.jpg,Czech,2,0,1,0,1,"['D10', 'D40']",D10,train,796
C:\Users\ASUS\Desktop\SLIIT\Year 4\Semester 2\Deep Learning\Assignment\SE4050-Deep-Learning-Assignment\data\train\Czech\images\Czech_002453.jpg,Czech,2,1,0,0,0,['D00'],D00,val,797
C:\Users\ASUS\Desktop\SLIIT\Year 4\Semester 2\Deep Learning\Assignment\SE4050-Deep-Learning-Assignment\data\train\Czech\images\Czech_002456.jpg,Czech,1,1,0,0,0,['D00'],D00,train,798
C:\Users\ASUS\Desktop\SLIIT\Year 4\Semester 2\Deep Learning\Assignment\SE4050-Deep-Learning-Assignment\data\train\Czech\images\Czech_002460.jpg,Czech,1,0,1,0,0,['D10'],D10,train,799
C:\Users\ASUS\Desktop\SLIIT\Year 4\Semester 2\Deep Learning\Assignment\SE4050-Deep-Learning-Assignment\data\train\Czech\images\Czech_002462.jpg,Czech,1,1,0,0,0,['D00'],D00,train,800
C:\Users\ASUS\Desktop\SLIIT\Year 4\Semester 2\Deep Learning\Assignment\SE4050-Deep-Learning-Assignment\data\train\Czech\images\Czech_002463.jpg,Czech,2,1,0,0,0,['D00'],D00,train,801
C:\Users\ASUS\Desktop\SLIIT\Year 4\Semester 2\Deep Learning\Assignment\SE4050-Deep-Learning-Assignment\data\train\Czech\images\Czech_002464.jpg,Czech,1,0,1,0,0,['D10'],D10,train,802
C:\Users\ASUS\Desktop\SLIIT\Year 4\Semester 2\Deep Learning\Assignment\SE4050-Deep-Learning-Assignment\data\train\Czech\images\Czech_002471.jpg,Czech,1,0,1,0,0,['D10'],D10,train,803
C:\Users\ASUS\Desktop\SLIIT\Year 4\Semester 2\Deep Learning\Assignment\SE4050-Deep-Learning-Assignment\data\train\Czech\images\Czech_002472.jpg,Czech,1,1,0,0,0,['D00'],D00,train,804
C:\Users\ASUS\Desktop\SLIIT\Year 4\Semester 2\Deep Learning\Assignment\SE4050-Deep-Learning-Assignment\data\train\Czech\images\Czech_002477.jpg,Czech,1,1,0,0,0,['D00'],D00,train,805
C:\Users\ASUS\Desktop\SLIIT\Year 4\Semester 2\Deep Learning\Assignment\SE4050-Deep-Learning-Assignment\data\train\Czech\images\Czech_002479.jpg,Czech,1,1,0,0,0,['D00'],D00,train,806
C:\Users\ASUS\Desktop\SLIIT\Year 4\Semester 2\Deep Learning\Assignment\SE4050-Deep-Learning-Assignment\data\train\Czech\images\Czech_002481.jpg,Czech,2,1,1,0,0,"['D00', 'D10']",D00,train,807
C:\Users\ASUS\Desktop\SLIIT\Year 4\Semester 2\Deep Learning\Assignment\SE4050-Deep-Learning-Assignment\data\train\Czech\images\Czech_002484.jpg,Czech,1,0,0,1,0,['D20'],D20,train,808
C:\Users\ASUS\Desktop\SLIIT\Year 4\Semester 2\Deep Learning\Assignment\SE4050-Deep-Learning-Assignment\data\train\Czech\images\Czech_002488.jpg,Czech,4,1,1,0,0,"['D00', 'D10']",D00,train,809
C:\Users\ASUS\Desktop\SLIIT\Year 4\Semester 2\Deep Learning\Assignment\SE4050-Deep-Learning-Assignment\data\train\Czech\images\Czech_002489.jpg,Czech,2,1,1,0,0,"['D00', 'D10']",D00,train,810
C:\Users\ASUS\Desktop\SLIIT\Year 4\Semester 2\Deep Learning\Assignment\SE4050-Deep-Learning-Assignment\data\train\Czech\images\Czech_002496.jpg,Czech,1,1,0,0,0,['D00'],D00,train,811
C:\Users\ASUS\Desktop\SLIIT\Year 4\Semester 2\Deep Learning\Assignment\SE4050-Deep-Learning-Assignment\data\train\Czech\images\Czech_002497.jpg,Czech,2,1,0,0,0,['D00'],D00,val,812
C:\Users\ASUS\Desktop\SLIIT\Year 4\Semester 2\Deep Learning\Assignment\SE4050-Deep-Learning-Assignment\data\train\Czech\images\Czech_002500.jpg,Czech,2,0,1,1,0,"['D10', 'D20']",D10,train,813
C:\Users\ASUS\Desktop\SLIIT\Year 4\Semester 2\Deep Learning\Assignment\SE4050-Deep-Learning-Assignment\data\train\Czech\images\Czech_002501.jpg,Czech,1,0,0,0,1,['D40'],D40,train,814
C:\Users\ASUS\Desktop\SLIIT\Year 4\Semester 2\Deep Learning\Assignment\SE4050-Deep-Learning-Assignment\data\train\Czech\images\Czech_002503.jpg,Czech,1,1,0,0,0,['D00'],D00,train,815
C:\Users\ASUS\Desktop\SLIIT\Year 4\Semester 2\Deep Learning\Assignment\SE4050-Deep-Learning-Assignment\data\train\Czech\images\Czech_002505.jpg,Czech,1,1,0,0,0,['D00'],D00,train,816
C:\Users\ASUS\Desktop\SLIIT\Year 4\Semester 2\Deep Learning\Assignment\SE4050-Deep-Learning-Assignment\data\train\Czech\images\Czech_002506.jpg,Czech,1,0,0,1,0,['D20'],D20,train,817
C:\Users\ASUS\Desktop\SLIIT\Year 4\Semester 2\Deep Learning\Assignment\SE4050-Deep-Learning-Assignment\data\train\Czech\images\Czech_002513.jpg,Czech,2,1,0,0,0,['D00'],D00,train,818
C:\Users\ASUS\Desktop\SLIIT\Year 4\Semester 2\Deep Learning\Assignment\SE4050-Deep-Learning-Assignment\data\train\Czech\images\Czech_002514.jpg,Czech,1,1,0,0,0,['D00'],D00,train,819
C:\Users\ASUS\Desktop\SLIIT\Year 4\Semester 2\Deep Learning\Assignment\SE4050-Deep-Learning-Assignment\data\train\Czech\images\Czech_002516.jpg,Czech,1,0,1,0,0,['D10'],D10,train,820
C:\Users\ASUS\Desktop\SLIIT\Year 4\Semester 2\Deep Learning\Assignment\SE4050-Deep-Learning-Assignment\data\train\Czech\images\Czech_002517.jpg,Czech,1,1,0,0,0,['D00'],D00,train,821
C:\Users\ASUS\Desktop\SLIIT\Year 4\Semester 2\Deep Learning\Assignment\SE4050-Deep-Learning-Assignment\data\train\Czech\images\Czech_002529.jpg,Czech,1,1,0,0,0,['D00'],D00,train,822
C:\Users\ASUS\Desktop\SLIIT\Year 4\Semester 2\Deep Learning\Assignment\SE4050-Deep-Learning-Assignment\data\train\Czech\images\Czech_002532.jpg,Czech,1,1,0,0,0,['D00'],D00,test,823
C:\Users\ASUS\Desktop\SLIIT\Year 4\Semester 2\Deep Learning\Assignment\SE4050-Deep-Learning-Assignment\data\train\Czech\images\Czech_002533.jpg,Czech,2,1,0,0,0,['D00'],D00,train,824
C:\Users\ASUS\Desktop\SLIIT\Year 4\Semester 2\Deep Learning\Assignment\SE4050-Deep-Learning-Assignment\data\train\Czech\images\Czech_002541.jpg,Czech,6,1,1,0,1,"['D00', 'D10', 'D40']",D00,train,825
C:\Users\ASUS\Desktop\SLIIT\Year 4\Semester 2\Deep Learning\Assignment\SE4050-Deep-Learning-Assignment\data\train\Czech\images\Czech_002543.jpg,Czech,1,0,0,1,0,['D20'],D20,train,826
C:\Users\ASUS\Desktop\SLIIT\Year 4\Semester 2\Deep Learning\Assignment\SE4050-Deep-Learning-Assignment\data\train\Czech\images\Czech_002547.jpg,Czech,1,1,0,0,0,['D00'],D00,train,827
C:\Users\ASUS\Desktop\SLIIT\Year 4\Semester 2\Deep Learning\Assignment\SE4050-Deep-Learning-Assignment\data\train\Czech\images\Czech_002554.jpg,Czech,3,1,1,0,0,"['D00', 'D10']",D00,train,828
C:\Users\ASUS\Desktop\SLIIT\Year 4\Semester 2\Deep Learning\Assignment\SE4050-Deep-Learning-Assignment\data\train\Czech\images\Czech_002555.jpg,Czech,1,0,1,0,0,['D10'],D10,train,829
C:\Users\ASUS\Desktop\SLIIT\Year 4\Semester 2\Deep Learning\Assignment\SE4050-Deep-Learning-Assignment\data\train\Czech\images\Czech_002556.jpg,Czech,2,1,1,0,0,"['D00', 'D10']",D00,train,830
C:\Users\ASUS\Desktop\SLIIT\Year 4\Semester 2\Deep Learning\Assignment\SE4050-Deep-Learning-Assignment\data\train\Czech\images\Czech_002568.jpg,Czech,1,1,0,0,0,['D00'],D00,train,831
C:\Users\ASUS\Desktop\SLIIT\Year 4\Semester 2\Deep Learning\Assignment\SE4050-Deep-Learning-Assignment\data\train\Czech\images\Czech_002569.jpg,Czech,5,1,1,0,0,"['D00', 'D10']",D00,train,832
C:\Users\ASUS\Desktop\SLIIT\Year 4\Semester 2\Deep Learning\Assignment\SE4050-Deep-Learning-Assignment\data\train\Czech\images\Czech_002576.jpg,Czech,1,0,0,1,0,['D20'],D20,train,833
C:\Users\ASUS\Desktop\SLIIT\Year 4\Semester 2\Deep Learning\Assignment\SE4050-Deep-Learning-Assignment\data\train\Czech\images\Czech_002577.jpg,Czech,2,1,0,0,1,"['D00', 'D40']",D00,train,834
C:\Users\ASUS\Desktop\SLIIT\Year 4\Semester 2\Deep Learning\Assignment\SE4050-Deep-Learning-Assignment\data\train\Czech\images\Czech_002579.jpg,Czech,1,1,0,0,0,['D00'],D00,val,835
C:\Users\ASUS\Desktop\SLIIT\Year 4\Semester 2\Deep Learning\Assignment\SE4050-Deep-Learning-Assignment\data\train\Czech\images\Czech_002585.jpg,Czech,2,0,1,0,1,"['D10', 'D40']",D10,train,836
C:\Users\ASUS\Desktop\SLIIT\Year 4\Semester 2\Deep Learning\Assignment\SE4050-Deep-Learning-Assignment\data\train\Czech\images\Czech_002591.jpg,Czech,3,1,1,0,0,"['D00', 'D10']",D00,test,837
C:\Users\ASUS\Desktop\SLIIT\Year 4\Semester 2\Deep Learning\Assignment\SE4050-Deep-Learning-Assignment\data\train\Czech\images\Czech_002594.jpg,Czech,1,1,0,0,0,['D00'],D00,train,838
C:\Users\ASUS\Desktop\SLIIT\Year 4\Semester 2\Deep Learning\Assignment\SE4050-Deep-Learning-Assignment\data\train\Czech\images\Czech_002597.jpg,Czech,2,0,1,0,0,['D10'],D10,train,839
C:\Users\ASUS\Desktop\SLIIT\Year 4\Semester 2\Deep Learning\Assignment\SE4050-Deep-Learning-Assignment\data\train\Czech\images\Czech_002599.jpg,Czech,1,0,1,0,0,['D10'],D10,train,840
C:\Users\ASUS\Desktop\SLIIT\Year 4\Semester 2\Deep Learning\Assignment\SE4050-Deep-Learning-Assignment\data\train\Czech\images\Czech_002604.jpg,Czech,2,0,1,0,0,['D10'],D10,test,841
C:\Users\ASUS\Desktop\SLIIT\Year 4\Semester 2\Deep Learning\Assignment\SE4050-Deep-Learning-Assignment\data\train\Czech\images\Czech_002612.jpg,Czech,2,1,0,0,1,"['D00', 'D40']",D00,train,842
C:\Users\ASUS\Desktop\SLIIT\Year 4\Semester 2\Deep Learning\Assignment\SE4050-Deep-Learning-Assignment\data\train\Czech\images\Czech_002613.jpg,Czech,3,1,1,0,0,"['D00', 'D10']",D00,val,843
C:\Users\ASUS\Desktop\SLIIT\Year 4\Semester 2\Deep Learning\Assignment\SE4050-Deep-Learning-Assignment\data\train\Czech\images\Czech_002614.jpg,Czech,1,1,0,0,0,['D00'],D00,train,844
C:\Users\ASUS\Desktop\SLIIT\Year 4\Semester 2\Deep Learning\Assignment\SE4050-Deep-Learning-Assignment\data\train\Czech\images\Czech_002628.jpg,Czech,2,0,0,1,1,"['D20', 'D40']",D20,train,845
C:\Users\ASUS\Desktop\SLIIT\Year 4\Semester 2\Deep Learning\Assignment\SE4050-Deep-Learning-Assignment\data\train\Czech\images\Czech_002633.jpg,Czech,1,1,0,0,0,['D00'],D00,train,846
C:\Users\ASUS\Desktop\SLIIT\Year 4\Semester 2\Deep Learning\Assignment\SE4050-Deep-Learning-Assignment\data\train\Czech\images\Czech_002634.jpg,Czech,1,0,0,0,1,['D40'],D40,val,847
C:\Users\ASUS\Desktop\SLIIT\Year 4\Semester 2\Deep Learning\Assignment\SE4050-Deep-Learning-Assignment\data\train\Czech\images\Czech_002635.jpg,Czech,2,1,1,0,0,"['D00', 'D10']",D00,train,848
C:\Users\ASUS\Desktop\SLIIT\Year 4\Semester 2\Deep Learning\Assignment\SE4050-Deep-Learning-Assignment\data\train\Czech\images\Czech_002638.jpg,Czech,1,1,0,0,0,['D00'],D00,test,849
C:\Users\ASUS\Desktop\SLIIT\Year 4\Semester 2\Deep Learning\Assignment\SE4050-Deep-Learning-Assignment\data\train\Czech\images\Czech_002640.jpg,Czech,1,1,0,0,0,['D00'],D00,train,850
C:\Users\ASUS\Desktop\SLIIT\Year 4\Semester 2\Deep Learning\Assignment\SE4050-Deep-Learning-Assignment\data\train\Czech\images\Czech_002641.jpg,Czech,1,1,0,0,0,['D00'],D00,train,851
C:\Users\ASUS\Desktop\SLIIT\Year 4\Semester 2\Deep Learning\Assignment\SE4050-Deep-Learning-Assignment\data\train\Czech\images\Czech_002647.jpg,Czech,2,1,1,0,0,"['D00', 'D10']",D00,train,852
C:\Users\ASUS\Desktop\SLIIT\Year 4\Semester 2\Deep Learning\Assignment\SE4050-Deep-Learning-Assignment\data\train\Czech\images\Czech_002658.jpg,Czech,1,1,0,0,0,['D00'],D00,train,853
C:\Users\ASUS\Desktop\SLIIT\Year 4\Semester 2\Deep Learning\Assignment\SE4050-Deep-Learning-Assignment\data\train\Czech\images\Czech_002660.jpg,Czech,3,1,1,0,0,"['D00', 'D10']",D00,test,854
C:\Users\ASUS\Desktop\SLIIT\Year 4\Semester 2\Deep Learning\Assignment\SE4050-Deep-Learning-Assignment\data\train\Czech\images\Czech_002662.jpg,Czech,3,1,1,0,0,"['D00', 'D10']",D00,train,855
C:\Users\ASUS\Desktop\SLIIT\Year 4\Semester 2\Deep Learning\Assignment\SE4050-Deep-Learning-Assignment\data\train\Czech\images\Czech_002673.jpg,Czech,1,0,1,0,0,['D10'],D10,train,856
C:\Users\ASUS\Desktop\SLIIT\Year 4\Semester 2\Deep Learning\Assignment\SE4050-Deep-Learning-Assignment\data\train\Czech\images\Czech_002676.jpg,Czech,2,1,0,0,0,['D00'],D00,train,857
C:\Users\ASUS\Desktop\SLIIT\Year 4\Semester 2\Deep Learning\Assignment\SE4050-Deep-Learning-Assignment\data\train\Czech\images\Czech_002677.jpg,Czech,2,0,1,0,0,['D10'],D10,train,858
C:\Users\ASUS\Desktop\SLIIT\Year 4\Semester 2\Deep Learning\Assignment\SE4050-Deep-Learning-Assignment\data\train\Czech\images\Czech_002682.jpg,Czech,3,0,0,1,1,"['D20', 'D40']",D20,test,859
C:\Users\ASUS\Desktop\SLIIT\Year 4\Semester 2\Deep Learning\Assignment\SE4050-Deep-Learning-Assignment\data\train\Czech\images\Czech_002689.jpg,Czech,1,0,1,0,0,['D10'],D10,test,860
C:\Users\ASUS\Desktop\SLIIT\Year 4\Semester 2\Deep Learning\Assignment\SE4050-Deep-Learning-Assignment\data\train\Czech\images\Czech_002690.jpg,Czech,1,1,0,0,0,['D00'],D00,train,861
C:\Users\ASUS\Desktop\SLIIT\Year 4\Semester 2\Deep Learning\Assignment\SE4050-Deep-Learning-Assignment\data\train\Czech\images\Czech_002691.jpg,Czech,1,1,0,0,0,['D00'],D00,train,862
C:\Users\ASUS\Desktop\SLIIT\Year 4\Semester 2\Deep Learning\Assignment\SE4050-Deep-Learning-Assignment\data\train\Czech\images\Czech_002694.jpg,Czech,1,1,0,0,0,['D00'],D00,test,863
C:\Users\ASUS\Desktop\SLIIT\Year 4\Semester 2\Deep Learning\Assignment\SE4050-Deep-Learning-Assignment\data\train\Czech\images\Czech_002699.jpg,Czech,1,1,0,0,0,['D00'],D00,train,864
C:\Users\ASUS\Desktop\SLIIT\Year 4\Semester 2\Deep Learning\Assignment\SE4050-Deep-Learning-Assignment\data\train\Czech\images\Czech_002701.jpg,Czech,1,0,1,0,0,['D10'],D10,test,865
C:\Users\ASUS\Desktop\SLIIT\Year 4\Semester 2\Deep Learning\Assignment\SE4050-Deep-Learning-Assignment\data\train\Czech\images\Czech_002703.jpg,Czech,2,1,1,0,0,"['D00', 'D10']",D00,test,866
C:\Users\ASUS\Desktop\SLIIT\Year 4\Semester 2\Deep Learning\Assignment\SE4050-Deep-Learning-Assignment\data\train\Czech\images\Czech_002707.jpg,Czech,1,0,1,0,0,['D10'],D10,train,867
C:\Users\ASUS\Desktop\SLIIT\Year 4\Semester 2\Deep Learning\Assignment\SE4050-Deep-Learning-Assignment\data\train\Czech\images\Czech_002708.jpg,Czech,2,0,0,1,0,['D20'],D20,train,868
C:\Users\ASUS\Desktop\SLIIT\Year 4\Semester 2\Deep Learning\Assignment\SE4050-Deep-Learning-Assignment\data\train\Czech\images\Czech_002712.jpg,Czech,1,1,0,0,0,['D00'],D00,train,869
C:\Users\ASUS\Desktop\SLIIT\Year 4\Semester 2\Deep Learning\Assignment\SE4050-Deep-Learning-Assignment\data\train\Czech\images\Czech_002713.jpg,Czech,1,0,0,1,0,['D20'],D20,train,870
C:\Users\ASUS\Desktop\SLIIT\Year 4\Semester 2\Deep Learning\Assignment\SE4050-Deep-Learning-Assignment\data\train\Czech\images\Czech_002714.jpg,Czech,3,1,0,0,0,['D00'],D00,val,871
C:\Users\ASUS\Desktop\SLIIT\Year 4\Semester 2\Deep Learning\Assignment\SE4050-Deep-Learning-Assignment\data\train\Czech\images\Czech_002715.jpg,Czech,1,1,0,0,0,['D00'],D00,train,872
C:\Users\ASUS\Desktop\SLIIT\Year 4\Semester 2\Deep Learning\Assignment\SE4050-Deep-Learning-Assignment\data\train\Czech\images\Czech_002716.jpg,Czech,1,1,0,0,0,['D00'],D00,test,873
C:\Users\ASUS\Desktop\SLIIT\Year 4\Semester 2\Deep Learning\Assignment\SE4050-Deep-Learning-Assignment\data\train\Czech\images\Czech_002726.jpg,Czech,1,1,0,0,0,['D00'],D00,val,874
C:\Users\ASUS\Desktop\SLIIT\Year 4\Semester 2\Deep Learning\Assignment\SE4050-Deep-Learning-Assignment\data\train\Czech\images\Czech_002731.jpg,Czech,1,0,1,0,0,['D10'],D10,train,875
C:\Users\ASUS\Desktop\SLIIT\Year 4\Semester 2\Deep Learning\Assignment\SE4050-Deep-Learning-Assignment\data\train\Czech\images\Czech_002732.jpg,Czech,1,1,0,0,0,['D00'],D00,val,876
C:\Users\ASUS\Desktop\SLIIT\Year 4\Semester 2\Deep Learning\Assignment\SE4050-Deep-Learning-Assignment\data\train\Czech\images\Czech_002734.jpg,Czech,2,0,1,0,0,['D10'],D10,test,877
C:\Users\ASUS\Desktop\SLIIT\Year 4\Semester 2\Deep Learning\Assignment\SE4050-Deep-Learning-Assignment\data\train\Czech\images\Czech_002735.jpg,Czech,2,1,0,0,0,['D00'],D00,train,878
C:\Users\ASUS\Desktop\SLIIT\Year 4\Semester 2\Deep Learning\Assignment\SE4050-Deep-Learning-Assignment\data\train\Czech\images\Czech_002738.jpg,Czech,2,0,1,0,0,['D10'],D10,train,879
C:\Users\ASUS\Desktop\SLIIT\Year 4\Semester 2\Deep Learning\Assignment\SE4050-Deep-Learning-Assignment\data\train\Czech\images\Czech_002739.jpg,Czech,2,1,1,0,0,"['D00', 'D10']",D00,val,880
C:\Users\ASUS\Desktop\SLIIT\Year 4\Semester 2\Deep Learning\Assignment\SE4050-Deep-Learning-Assignment\data\train\Czech\images\Czech_002742.jpg,Czech,3,1,0,1,0,"['D00', 'D20']",D00,train,881
C:\Users\ASUS\Desktop\SLIIT\Year 4\Semester 2\Deep Learning\Assignment\SE4050-Deep-Learning-Assignment\data\train\Czech\images\Czech_002743.jpg,Czech,1,0,1,0,0,['D10'],D10,train,882
C:\Users\ASUS\Desktop\SLIIT\Year 4\Semester 2\Deep Learning\Assignment\SE4050-Deep-Learning-Assignment\data\train\Czech\images\Czech_002746.jpg,Czech,2,1,1,0,0,"['D00', 'D10']",D00,train,883
C:\Users\ASUS\Desktop\SLIIT\Year 4\Semester 2\Deep Learning\Assignment\SE4050-Deep-Learning-Assignment\data\train\Czech\images\Czech_002747.jpg,Czech,1,1,0,0,0,['D00'],D00,test,884
C:\Users\ASUS\Desktop\SLIIT\Year 4\Semester 2\Deep Learning\Assignment\SE4050-Deep-Learning-Assignment\data\train\Czech\images\Czech_002749.jpg,Czech,2,1,0,0,0,['D00'],D00,val,885
C:\Users\ASUS\Desktop\SLIIT\Year 4\Semester 2\Deep Learning\Assignment\SE4050-Deep-Learning-Assignment\data\train\Czech\images\Czech_002752.jpg,Czech,3,1,0,1,1,"['D00', 'D20', 'D40']",D00,train,886
C:\Users\ASUS\Desktop\SLIIT\Year 4\Semester 2\Deep Learning\Assignment\SE4050-Deep-Learning-Assignment\data\train\Czech\images\Czech_002756.jpg,Czech,1,1,0,0,0,['D00'],D00,train,887
C:\Users\ASUS\Desktop\SLIIT\Year 4\Semester 2\Deep Learning\Assignment\SE4050-Deep-Learning-Assignment\data\train\Czech\images\Czech_002758.jpg,Czech,1,1,0,0,0,['D00'],D00,train,888
C:\Users\ASUS\Desktop\SLIIT\Year 4\Semester 2\Deep Learning\Assignment\SE4050-Deep-Learning-Assignment\data\train\Czech\images\Czech_002769.jpg,Czech,1,1,0,0,0,['D00'],D00,val,889
C:\Users\ASUS\Desktop\SLIIT\Year 4\Semester 2\Deep Learning\Assignment\SE4050-Deep-Learning-Assignment\data\train\Czech\images\Czech_002775.jpg,Czech,1,0,1,0,0,['D10'],D10,val,890
C:\Users\ASUS\Desktop\SLIIT\Year 4\Semester 2\Deep Learning\Assignment\SE4050-Deep-Learning-Assignment\data\train\Czech\images\Czech_002778.jpg,Czech,1,0,1,0,0,['D10'],D10,train,891
C:\Users\ASUS\Desktop\SLIIT\Year 4\Semester 2\Deep Learning\Assignment\SE4050-Deep-Learning-Assignment\data\train\Czech\images\Czech_002782.jpg,Czech,1,1,0,0,0,['D00'],D00,val,892
C:\Users\ASUS\Desktop\SLIIT\Year 4\Semester 2\Deep Learning\Assignment\SE4050-Deep-Learning-Assignment\data\train\Czech\images\Czech_002783.jpg,Czech,2,1,0,0,0,['D00'],D00,train,893
C:\Users\ASUS\Desktop\SLIIT\Year 4\Semester 2\Deep Learning\Assignment\SE4050-Deep-Learning-Assignment\data\train\Czech\images\Czech_002785.jpg,Czech,2,1,0,0,0,['D00'],D00,train,894
C:\Users\ASUS\Desktop\SLIIT\Year 4\Semester 2\Deep Learning\Assignment\SE4050-Deep-Learning-Assignment\data\train\Czech\images\Czech_002792.jpg,Czech,3,0,0,1,1,"['D20', 'D40']",D20,train,895
C:\Users\ASUS\Desktop\SLIIT\Year 4\Semester 2\Deep Learning\Assignment\SE4050-Deep-Learning-Assignment\data\train\Czech\images\Czech_002794.jpg,Czech,1,0,1,0,0,['D10'],D10,train,896
C:\Users\ASUS\Desktop\SLIIT\Year 4\Semester 2\Deep Learning\Assignment\SE4050-Deep-Learning-Assignment\data\train\Czech\images\Czech_002795.jpg,Czech,1,0,1,0,0,['D10'],D10,train,897
C:\Users\ASUS\Desktop\SLIIT\Year 4\Semester 2\Deep Learning\Assignment\SE4050-Deep-Learning-Assignment\data\train\Czech\images\Czech_002804.jpg,Czech,1,0,0,1,0,['D20'],D20,train,898
C:\Users\ASUS\Desktop\SLIIT\Year 4\Semester 2\Deep Learning\Assignment\SE4050-Deep-Learning-Assignment\data\train\Czech\images\Czech_002809.jpg,Czech,1,1,0,0,0,['D00'],D00,train,899
C:\Users\ASUS\Desktop\SLIIT\Year 4\Semester 2\Deep Learning\Assignment\SE4050-Deep-Learning-Assignment\data\train\Czech\images\Czech_002811.jpg,Czech,1,1,0,0,0,['D00'],D00,train,900
C:\Users\ASUS\Desktop\SLIIT\Year 4\Semester 2\Deep Learning\Assignment\SE4050-Deep-Learning-Assignment\data\train\Czech\images\Czech_002813.jpg,Czech,1,0,0,1,0,['D20'],D20,train,901
C:\Users\ASUS\Desktop\SLIIT\Year 4\Semester 2\Deep Learning\Assignment\SE4050-Deep-Learning-Assignment\data\train\Czech\images\Czech_002815.jpg,Czech,1,1,0,0,0,['D00'],D00,train,902
C:\Users\ASUS\Desktop\SLIIT\Year 4\Semester 2\Deep Learning\Assignment\SE4050-Deep-Learning-Assignment\data\train\Czech\images\Czech_002818.jpg,Czech,1,0,1,0,0,['D10'],D10,train,903
C:\Users\ASUS\Desktop\SLIIT\Year 4\Semester 2\Deep Learning\Assignment\SE4050-Deep-Learning-Assignment\data\train\Czech\images\Czech_002819.jpg,Czech,2,0,0,0,1,['D40'],D40,train,904
C:\Users\ASUS\Desktop\SLIIT\Year 4\Semester 2\Deep Learning\Assignment\SE4050-Deep-Learning-Assignment\data\train\Czech\images\Czech_002821.jpg,Czech,1,1,0,0,0,['D00'],D00,train,905
C:\Users\ASUS\Desktop\SLIIT\Year 4\Semester 2\Deep Learning\Assignment\SE4050-Deep-Learning-Assignment\data\train\Czech\images\Czech_002824.jpg,Czech,4,1,1,1,0,"['D00', 'D10', 'D20']",D00,train,906
C:\Users\ASUS\Desktop\SLIIT\Year 4\Semester 2\Deep Learning\Assignment\SE4050-Deep-Learning-Assignment\data\train\Czech\images\Czech_002826.jpg,Czech,1,1,0,0,0,['D00'],D00,train,907
C:\Users\ASUS\Desktop\SLIIT\Year 4\Semester 2\Deep Learning\Assignment\SE4050-Deep-Learning-Assignment\data\train\Czech\images\Czech_002829.jpg,Czech,1,1,0,0,0,['D00'],D00,train,908
C:\Users\ASUS\Desktop\SLIIT\Year 4\Semester 2\Deep Learning\Assignment\SE4050-Deep-Learning-Assignment\data\train\Czech\images\Czech_002830.jpg,Czech,1,1,0,0,0,['D00'],D00,train,909
C:\Users\ASUS\Desktop\SLIIT\Year 4\Semester 2\Deep Learning\Assignment\SE4050-Deep-Learning-Assignment\data\train\Czech\images\Czech_002832.jpg,Czech,1,1,0,0,0,['D00'],D00,val,910
C:\Users\ASUS\Desktop\SLIIT\Year 4\Semester 2\Deep Learning\Assignment\SE4050-Deep-Learning-Assignment\data\train\Czech\images\Czech_002841.jpg,Czech,2,0,0,1,0,['D20'],D20,val,911
C:\Users\ASUS\Desktop\SLIIT\Year 4\Semester 2\Deep Learning\Assignment\SE4050-Deep-Learning-Assignment\data\train\Czech\images\Czech_002842.jpg,Czech,4,0,1,0,1,"['D10', 'D40']",D10,train,912
C:\Users\ASUS\Desktop\SLIIT\Year 4\Semester 2\Deep Learning\Assignment\SE4050-Deep-Learning-Assignment\data\train\Czech\images\Czech_002844.jpg,Czech,1,0,1,0,0,['D10'],D10,val,913
C:\Users\ASUS\Desktop\SLIIT\Year 4\Semester 2\Deep Learning\Assignment\SE4050-Deep-Learning-Assignment\data\train\Czech\images\Czech_002846.jpg,Czech,1,0,1,0,0,['D10'],D10,train,914
C:\Users\ASUS\Desktop\SLIIT\Year 4\Semester 2\Deep Learning\Assignment\SE4050-Deep-Learning-Assignment\data\train\Czech\images\Czech_002852.jpg,Czech,2,1,0,0,0,['D00'],D00,train,915
C:\Users\ASUS\Desktop\SLIIT\Year 4\Semester 2\Deep Learning\Assignment\SE4050-Deep-Learning-Assignment\data\train\Czech\images\Czech_002855.jpg,Czech,2,0,1,0,0,['D10'],D10,train,916
C:\Users\ASUS\Desktop\SLIIT\Year 4\Semester 2\Deep Learning\Assignment\SE4050-Deep-Learning-Assignment\data\train\Czech\images\Czech_002857.jpg,Czech,2,0,0,1,1,"['D20', 'D40']",D20,train,14
C:\Users\ASUS\Desktop\SLIIT\Year 4\Semester 2\Deep Learning\Assignment\SE4050-Deep-Learning-Assignment\data\train\Czech\images\Czech_002858.jpg,Czech,1,1,0,0,0,['D00'],D00,test,917
C:\Users\ASUS\Desktop\SLIIT\Year 4\Semester 2\Deep Learning\Assignment\SE4050-Deep-Learning-Assignment\data\train\Czech\images\Czech_002866.jpg,Czech,3,1,0,0,1,"['D00', 'D40']",D00,val,918
C:\Users\ASUS\Desktop\SLIIT\Year 4\Semester 2\Deep Learning\Assignment\SE4050-Deep-Learning-Assignment\data\train\Czech\images\Czech_002867.jpg,Czech,2,0,0,1,0,['D20'],D20,train,919
C:\Users\ASUS\Desktop\SLIIT\Year 4\Semester 2\Deep Learning\Assignment\SE4050-Deep-Learning-Assignment\data\train\Czech\images\Czech_002868.jpg,Czech,1,1,0,0,0,['D00'],D00,train,920
C:\Users\ASUS\Desktop\SLIIT\Year 4\Semester 2\Deep Learning\Assignment\SE4050-Deep-Learning-Assignment\data\train\Czech\images\Czech_002871.jpg,Czech,1,0,1,0,0,['D10'],D10,train,921
C:\Users\ASUS\Desktop\SLIIT\Year 4\Semester 2\Deep Learning\Assignment\SE4050-Deep-Learning-Assignment\data\train\Czech\images\Czech_002878.jpg,Czech,1,0,0,1,0,['D20'],D20,train,922
C:\Users\ASUS\Desktop\SLIIT\Year 4\Semester 2\Deep Learning\Assignment\SE4050-Deep-Learning-Assignment\data\train\Czech\images\Czech_002882.jpg,Czech,1,1,0,0,0,['D00'],D00,train,923
C:\Users\ASUS\Desktop\SLIIT\Year 4\Semester 2\Deep Learning\Assignment\SE4050-Deep-Learning-Assignment\data\train\Czech\images\Czech_002890.jpg,Czech,1,1,0,0,0,['D00'],D00,train,924
C:\Users\ASUS\Desktop\SLIIT\Year 4\Semester 2\Deep Learning\Assignment\SE4050-Deep-Learning-Assignment\data\train\Czech\images\Czech_002892.jpg,Czech,1,0,1,0,0,['D10'],D10,train,925
C:\Users\ASUS\Desktop\SLIIT\Year 4\Semester 2\Deep Learning\Assignment\SE4050-Deep-Learning-Assignment\data\train\Czech\images\Czech_002894.jpg,Czech,1,1,0,0,0,['D00'],D00,train,926
C:\Users\ASUS\Desktop\SLIIT\Year 4\Semester 2\Deep Learning\Assignment\SE4050-Deep-Learning-Assignment\data\train\Czech\images\Czech_002900.jpg,Czech,2,1,0,0,0,['D00'],D00,train,13
C:\Users\ASUS\Desktop\SLIIT\Year 4\Semester 2\Deep Learning\Assignment\SE4050-Deep-Learning-Assignment\data\train\Czech\images\Czech_002910.jpg,Czech,1,0,1,0,0,['D10'],D10,train,927
C:\Users\ASUS\Desktop\SLIIT\Year 4\Semester 2\Deep Learning\Assignment\SE4050-Deep-Learning-Assignment\data\train\Czech\images\Czech_002912.jpg,Czech,2,1,0,0,0,['D00'],D00,train,928
C:\Users\ASUS\Desktop\SLIIT\Year 4\Semester 2\Deep Learning\Assignment\SE4050-Deep-Learning-Assignment\data\train\Czech\images\Czech_002913.jpg,Czech,5,1,1,0,0,"['D00', 'D10']",D00,val,929
C:\Users\ASUS\Desktop\SLIIT\Year 4\Semester 2\Deep Learning\Assignment\SE4050-Deep-Learning-Assignment\data\train\Czech\images\Czech_002914.jpg,Czech,2,1,0,1,0,"['D00', 'D20']",D00,train,930
C:\Users\ASUS\Desktop\SLIIT\Year 4\Semester 2\Deep Learning\Assignment\SE4050-Deep-Learning-Assignment\data\train\Czech\images\Czech_002920.jpg,Czech,1,0,1,0,0,['D10'],D10,train,931
C:\Users\ASUS\Desktop\SLIIT\Year 4\Semester 2\Deep Learning\Assignment\SE4050-Deep-Learning-Assignment\data\train\Czech\images\Czech_002921.jpg,Czech,2,0,1,0,0,['D10'],D10,train,932
C:\Users\ASUS\Desktop\SLIIT\Year 4\Semester 2\Deep Learning\Assignment\SE4050-Deep-Learning-Assignment\data\train\Czech\images\Czech_002924.jpg,Czech,3,1,0,0,0,['D00'],D00,val,933
C:\Users\ASUS\Desktop\SLIIT\Year 4\Semester 2\Deep Learning\Assignment\SE4050-Deep-Learning-Assignment\data\train\Czech\images\Czech_002932.jpg,Czech,1,1,0,0,0,['D00'],D00,train,934
C:\Users\ASUS\Desktop\SLIIT\Year 4\Semester 2\Deep Learning\Assignment\SE4050-Deep-Learning-Assignment\data\train\Czech\images\Czech_002933.jpg,Czech,1,0,1,0,0,['D10'],D10,test,935
C:\Users\ASUS\Desktop\SLIIT\Year 4\Semester 2\Deep Learning\Assignment\SE4050-Deep-Learning-Assignment\data\train\Czech\images\Czech_002942.jpg,Czech,4,1,1,1,1,"['D00', 'D10', 'D20', 'D40']",D00,train,936
C:\Users\ASUS\Desktop\SLIIT\Year 4\Semester 2\Deep Learning\Assignment\SE4050-Deep-Learning-Assignment\data\train\Czech\images\Czech_002944.jpg,Czech,1,1,0,0,0,['D00'],D00,train,937
C:\Users\ASUS\Desktop\SLIIT\Year 4\Semester 2\Deep Learning\Assignment\SE4050-Deep-Learning-Assignment\data\train\Czech\images\Czech_002951.jpg,Czech,1,0,1,0,0,['D10'],D10,train,938
C:\Users\ASUS\Desktop\SLIIT\Year 4\Semester 2\Deep Learning\Assignment\SE4050-Deep-Learning-Assignment\data\train\Czech\images\Czech_002954.jpg,Czech,2,1,0,0,1,"['D00', 'D40']",D00,train,939
C:\Users\ASUS\Desktop\SLIIT\Year 4\Semester 2\Deep Learning\Assignment\SE4050-Deep-Learning-Assignment\data\train\Czech\images\Czech_002956.jpg,Czech,1,1,0,0,0,['D00'],D00,val,940
C:\Users\ASUS\Desktop\SLIIT\Year 4\Semester 2\Deep Learning\Assignment\SE4050-Deep-Learning-Assignment\data\train\Czech\images\Czech_002957.jpg,Czech,1,1,0,0,0,['D00'],D00,val,941
C:\Users\ASUS\Desktop\SLIIT\Year 4\Semester 2\Deep Learning\Assignment\SE4050-Deep-Learning-Assignment\data\train\Czech\images\Czech_002958.jpg,Czech,1,1,0,0,0,['D00'],D00,train,942
C:\Users\ASUS\Desktop\SLIIT\Year 4\Semester 2\Deep Learning\Assignment\SE4050-Deep-Learning-Assignment\data\train\Czech\images\Czech_002959.jpg,Czech,2,1,0,0,0,['D00'],D00,train,943
C:\Users\ASUS\Desktop\SLIIT\Year 4\Semester 2\Deep Learning\Assignment\SE4050-Deep-Learning-Assignment\data\train\Czech\images\Czech_002964.jpg,Czech,5,1,0,1,0,"['D00', 'D20']",D00,train,944
C:\Users\ASUS\Desktop\SLIIT\Year 4\Semester 2\Deep Learning\Assignment\SE4050-Deep-Learning-Assignment\data\train\Czech\images\Czech_002966.jpg,Czech,3,1,0,0,0,['D00'],D00,train,945
C:\Users\ASUS\Desktop\SLIIT\Year 4\Semester 2\Deep Learning\Assignment\SE4050-Deep-Learning-Assignment\data\train\Czech\images\Czech_002970.jpg,Czech,1,1,0,0,0,['D00'],D00,test,946
C:\Users\ASUS\Desktop\SLIIT\Year 4\Semester 2\Deep Learning\Assignment\SE4050-Deep-Learning-Assignment\data\train\Czech\images\Czech_002978.jpg,Czech,2,0,0,1,1,"['D20', 'D40']",D20,val,947
C:\Users\ASUS\Desktop\SLIIT\Year 4\Semester 2\Deep Learning\Assignment\SE4050-Deep-Learning-Assignment\data\train\Czech\images\Czech_002980.jpg,Czech,4,0,1,0,1,"['D10', 'D40']",D10,train,948
C:\Users\ASUS\Desktop\SLIIT\Year 4\Semester 2\Deep Learning\Assignment\SE4050-Deep-Learning-Assignment\data\train\Czech\images\Czech_002982.jpg,Czech,1,0,1,0,0,['D10'],D10,train,949
C:\Users\ASUS\Desktop\SLIIT\Year 4\Semester 2\Deep Learning\Assignment\SE4050-Deep-Learning-Assignment\data\train\Czech\images\Czech_002988.jpg,Czech,2,1,1,0,0,"['D00', 'D10']",D00,train,950
C:\Users\ASUS\Desktop\SLIIT\Year 4\Semester 2\Deep Learning\Assignment\SE4050-Deep-Learning-Assignment\data\train\Czech\images\Czech_002992.jpg,Czech,2,0,0,1,0,['D20'],D20,test,951
C:\Users\ASUS\Desktop\SLIIT\Year 4\Semester 2\Deep Learning\Assignment\SE4050-Deep-Learning-Assignment\data\train\Czech\images\Czech_002993.jpg,Czech,2,1,0,0,1,"['D00', 'D40']",D00,train,952
C:\Users\ASUS\Desktop\SLIIT\Year 4\Semester 2\Deep Learning\Assignment\SE4050-Deep-Learning-Assignment\data\train\Czech\images\Czech_002994.jpg,Czech,1,1,0,0,0,['D00'],D00,train,953
C:\Users\ASUS\Desktop\SLIIT\Year 4\Semester 2\Deep Learning\Assignment\SE4050-Deep-Learning-Assignment\data\train\Czech\images\Czech_002998.jpg,Czech,6,1,1,0,1,"['D00', 'D10', 'D40']",D00,train,954
C:\Users\ASUS\Desktop\SLIIT\Year 4\Semester 2\Deep Learning\Assignment\SE4050-Deep-Learning-Assignment\data\train\Czech\images\Czech_003000.jpg,Czech,1,1,0,0,0,['D00'],D00,train,955
C:\Users\ASUS\Desktop\SLIIT\Year 4\Semester 2\Deep Learning\Assignment\SE4050-Deep-Learning-Assignment\data\train\Czech\images\Czech_003001.jpg,Czech,4,1,1,0,1,"['D00', 'D10', 'D40']",D00,val,956
C:\Users\ASUS\Desktop\SLIIT\Year 4\Semester 2\Deep Learning\Assignment\SE4050-Deep-Learning-Assignment\data\train\Czech\images\Czech_003002.jpg,Czech,2,1,0,0,0,['D00'],D00,val,957
C:\Users\ASUS\Desktop\SLIIT\Year 4\Semester 2\Deep Learning\Assignment\SE4050-Deep-Learning-Assignment\data\train\Czech\images\Czech_003003.jpg,Czech,1,0,0,0,1,['D40'],D40,train,958
C:\Users\ASUS\Desktop\SLIIT\Year 4\Semester 2\Deep Learning\Assignment\SE4050-Deep-Learning-Assignment\data\train\Czech\images\Czech_003006.jpg,Czech,1,1,0,0,0,['D00'],D00,train,959
C:\Users\ASUS\Desktop\SLIIT\Year 4\Semester 2\Deep Learning\Assignment\SE4050-Deep-Learning-Assignment\data\train\Czech\images\Czech_003008.jpg,Czech,1,1,0,0,0,['D00'],D00,val,960
C:\Users\ASUS\Desktop\SLIIT\Year 4\Semester 2\Deep Learning\Assignment\SE4050-Deep-Learning-Assignment\data\train\Czech\images\Czech_003013.jpg,Czech,1,1,0,0,0,['D00'],D00,train,961
C:\Users\ASUS\Desktop\SLIIT\Year 4\Semester 2\Deep Learning\Assignment\SE4050-Deep-Learning-Assignment\data\train\Czech\images\Czech_003015.jpg,Czech,1,0,0,1,0,['D20'],D20,train,962
C:\Users\ASUS\Desktop\SLIIT\Year 4\Semester 2\Deep Learning\Assignment\SE4050-Deep-Learning-Assignment\data\train\Czech\images\Czech_003016.jpg,Czech,1,1,0,0,0,['D00'],D00,train,963
C:\Users\ASUS\Desktop\SLIIT\Year 4\Semester 2\Deep Learning\Assignment\SE4050-Deep-Learning-Assignment\data\train\Czech\images\Czech_003018.jpg,Czech,1,1,0,0,0,['D00'],D00,train,964
C:\Users\ASUS\Desktop\SLIIT\Year 4\Semester 2\Deep Learning\Assignment\SE4050-Deep-Learning-Assignment\data\train\Czech\images\Czech_003023.jpg,Czech,1,0,1,0,0,['D10'],D10,val,965
C:\Users\ASUS\Desktop\SLIIT\Year 4\Semester 2\Deep Learning\Assignment\SE4050-Deep-Learning-Assignment\data\train\Czech\images\Czech_003024.jpg,Czech,1,0,1,0,0,['D10'],D10,train,966
C:\Users\ASUS\Desktop\SLIIT\Year 4\Semester 2\Deep Learning\Assignment\SE4050-Deep-Learning-Assignment\data\train\Czech\images\Czech_003025.jpg,Czech,1,0,0,0,1,['D40'],D40,train,967
C:\Users\ASUS\Desktop\SLIIT\Year 4\Semester 2\Deep Learning\Assignment\SE4050-Deep-Learning-Assignment\data\train\Czech\images\Czech_003028.jpg,Czech,1,1,0,0,0,['D00'],D00,train,968
C:\Users\ASUS\Desktop\SLIIT\Year 4\Semester 2\Deep Learning\Assignment\SE4050-Deep-Learning-Assignment\data\train\Czech\images\Czech_003032.jpg,Czech,2,1,0,0,0,['D00'],D00,train,969
C:\Users\ASUS\Desktop\SLIIT\Year 4\Semester 2\Deep Learning\Assignment\SE4050-Deep-Learning-Assignment\data\train\Czech\images\Czech_003033.jpg,Czech,1,0,1,0,0,['D10'],D10,train,970
C:\Users\ASUS\Desktop\SLIIT\Year 4\Semester 2\Deep Learning\Assignment\SE4050-Deep-Learning-Assignment\data\train\Czech\images\Czech_003049.jpg,Czech,1,0,0,0,1,['D40'],D40,train,971
C:\Users\ASUS\Desktop\SLIIT\Year 4\Semester 2\Deep Learning\Assignment\SE4050-Deep-Learning-Assignment\data\train\Czech\images\Czech_003050.jpg,Czech,1,0,1,0,0,['D10'],D10,train,972
C:\Users\ASUS\Desktop\SLIIT\Year 4\Semester 2\Deep Learning\Assignment\SE4050-Deep-Learning-Assignment\data\train\Czech\images\Czech_003051.jpg,Czech,3,0,1,1,0,"['D10', 'D20']",D10,train,973
C:\Users\ASUS\Desktop\SLIIT\Year 4\Semester 2\Deep Learning\Assignment\SE4050-Deep-Learning-Assignment\data\train\Czech\images\Czech_003052.jpg,Czech,1,1,0,0,0,['D00'],D00,test,974
C:\Users\ASUS\Desktop\SLIIT\Year 4\Semester 2\Deep Learning\Assignment\SE4050-Deep-Learning-Assignment\data\train\Czech\images\Czech_003053.jpg,Czech,1,1,0,0,0,['D00'],D00,val,975
C:\Users\ASUS\Desktop\SLIIT\Year 4\Semester 2\Deep Learning\Assignment\SE4050-Deep-Learning-Assignment\data\train\Czech\images\Czech_003056.jpg,Czech,3,1,0,0,0,['D00'],D00,train,976
C:\Users\ASUS\Desktop\SLIIT\Year 4\Semester 2\Deep Learning\Assignment\SE4050-Deep-Learning-Assignment\data\train\Czech\images\Czech_003058.jpg,Czech,1,1,0,0,0,['D00'],D00,train,977
C:\Users\ASUS\Desktop\SLIIT\Year 4\Semester 2\Deep Learning\Assignment\SE4050-Deep-Learning-Assignment\data\train\Czech\images\Czech_003059.jpg,Czech,1,1,0,0,0,['D00'],D00,train,978
C:\Users\ASUS\Desktop\SLIIT\Year 4\Semester 2\Deep Learning\Assignment\SE4050-Deep-Learning-Assignment\data\train\Czech\images\Czech_003066.jpg,Czech,1,1,0,0,0,['D00'],D00,train,979
C:\Users\ASUS\Desktop\SLIIT\Year 4\Semester 2\Deep Learning\Assignment\SE4050-Deep-Learning-Assignment\data\train\Czech\images\Czech_003069.jpg,Czech,2,1,1,0,0,"['D00', 'D10']",D00,train,980
C:\Users\ASUS\Desktop\SLIIT\Year 4\Semester 2\Deep Learning\Assignment\SE4050-Deep-Learning-Assignment\data\train\Czech\images\Czech_003070.jpg,Czech,1,1,0,0,0,['D00'],D00,train,981
C:\Users\ASUS\Desktop\SLIIT\Year 4\Semester 2\Deep Learning\Assignment\SE4050-Deep-Learning-Assignment\data\train\Czech\images\Czech_003071.jpg,Czech,1,1,0,0,0,['D00'],D00,val,982
C:\Users\ASUS\Desktop\SLIIT\Year 4\Semester 2\Deep Learning\Assignment\SE4050-Deep-Learning-Assignment\data\train\Czech\images\Czech_003072.jpg,Czech,6,1,1,1,1,"['D00', 'D10', 'D20', 'D40']",D00,train,983
C:\Users\ASUS\Desktop\SLIIT\Year 4\Semester 2\Deep Learning\Assignment\SE4050-Deep-Learning-Assignment\data\train\Czech\images\Czech_003076.jpg,Czech,2,1,0,0,0,['D00'],D00,train,984
C:\Users\ASUS\Desktop\SLIIT\Year 4\Semester 2\Deep Learning\Assignment\SE4050-Deep-Learning-Assignment\data\train\Czech\images\Czech_003079.jpg,Czech,2,1,0,0,0,['D00'],D00,train,985
C:\Users\ASUS\Desktop\SLIIT\Year 4\Semester 2\Deep Learning\Assignment\SE4050-Deep-Learning-Assignment\data\train\Czech\images\Czech_003086.jpg,Czech,1,0,0,1,0,['D20'],D20,train,986
C:\Users\ASUS\Desktop\SLIIT\Year 4\Semester 2\Deep Learning\Assignment\SE4050-Deep-Learning-Assignment\data\train\Czech\images\Czech_003094.jpg,Czech,1,1,0,0,0,['D00'],D00,train,987
C:\Users\ASUS\Desktop\SLIIT\Year 4\Semester 2\Deep Learning\Assignment\SE4050-Deep-Learning-Assignment\data\train\Czech\images\Czech_003095.jpg,Czech,1,0,0,0,1,['D40'],D40,train,988
C:\Users\ASUS\Desktop\SLIIT\Year 4\Semester 2\Deep Learning\Assignment\SE4050-Deep-Learning-Assignment\data\train\Czech\images\Czech_003100.jpg,Czech,1,1,0,0,0,['D00'],D00,train,989
C:\Users\ASUS\Desktop\SLIIT\Year 4\Semester 2\Deep Learning\Assignment\SE4050-Deep-Learning-Assignment\data\train\Czech\images\Czech_003108.jpg,Czech,1,1,0,0,0,['D00'],D00,train,990
C:\Users\ASUS\Desktop\SLIIT\Year 4\Semester 2\Deep Learning\Assignment\SE4050-Deep-Learning-Assignment\data\train\Czech\images\Czech_003115.jpg,Czech,1,1,0,0,0,['D00'],D00,val,991
C:\Users\ASUS\Desktop\SLIIT\Year 4\Semester 2\Deep Learning\Assignment\SE4050-Deep-Learning-Assignment\data\train\Czech\images\Czech_003117.jpg,Czech,6,1,1,0,1,"['D00', 'D10', 'D40']",D00,train,992
C:\Users\ASUS\Desktop\SLIIT\Year 4\Semester 2\Deep Learning\Assignment\SE4050-Deep-Learning-Assignment\data\train\Czech\images\Czech_003118.jpg,Czech,2,0,1,0,0,['D10'],D10,val,993
C:\Users\ASUS\Desktop\SLIIT\Year 4\Semester 2\Deep Learning\Assignment\SE4050-Deep-Learning-Assignment\data\train\Czech\images\Czech_003120.jpg,Czech,1,0,0,0,1,['D40'],D40,test,994
C:\Users\ASUS\Desktop\SLIIT\Year 4\Semester 2\Deep Learning\Assignment\SE4050-Deep-Learning-Assignment\data\train\Czech\images\Czech_003121.jpg,Czech,1,1,0,0,0,['D00'],D00,train,995
C:\Users\ASUS\Desktop\SLIIT\Year 4\Semester 2\Deep Learning\Assignment\SE4050-Deep-Learning-Assignment\data\train\Czech\images\Czech_003123.jpg,Czech,1,0,1,0,0,['D10'],D10,val,996
C:\Users\ASUS\Desktop\SLIIT\Year 4\Semester 2\Deep Learning\Assignment\SE4050-Deep-Learning-Assignment\data\train\Czech\images\Czech_003126.jpg,Czech,3,1,1,0,0,"['D00', 'D10']",D00,train,997
C:\Users\ASUS\Desktop\SLIIT\Year 4\Semester 2\Deep Learning\Assignment\SE4050-Deep-Learning-Assignment\data\train\Czech\images\Czech_003127.jpg,Czech,1,1,0,0,0,['D00'],D00,train,998
C:\Users\ASUS\Desktop\SLIIT\Year 4\Semester 2\Deep Learning\Assignment\SE4050-Deep-Learning-Assignment\data\train\Czech\images\Czech_003135.jpg,Czech,1,1,0,0,0,['D00'],D00,train,999
C:\Users\ASUS\Desktop\SLIIT\Year 4\Semester 2\Deep Learning\Assignment\SE4050-Deep-Learning-Assignment\data\train\Czech\images\Czech_003142.jpg,Czech,1,1,0,0,0,['D00'],D00,train,1000
C:\Users\ASUS\Desktop\SLIIT\Year 4\Semester 2\Deep Learning\Assignment\SE4050-Deep-Learning-Assignment\data\train\Czech\images\Czech_003144.jpg,Czech,1,1,0,0,0,['D00'],D00,val,1001
C:\Users\ASUS\Desktop\SLIIT\Year 4\Semester 2\Deep Learning\Assignment\SE4050-Deep-Learning-Assignment\data\train\Czech\images\Czech_003151.jpg,Czech,1,1,0,0,0,['D00'],D00,train,1002
C:\Users\ASUS\Desktop\SLIIT\Year 4\Semester 2\Deep Learning\Assignment\SE4050-Deep-Learning-Assignment\data\train\Czech\images\Czech_003152.jpg,Czech,1,1,0,0,0,['D00'],D00,train,1003
C:\Users\ASUS\Desktop\SLIIT\Year 4\Semester 2\Deep Learning\Assignment\SE4050-Deep-Learning-Assignment\data\train\Czech\images\Czech_003169.jpg,Czech,2,0,0,1,1,"['D20', 'D40']",D20,val,1004
C:\Users\ASUS\Desktop\SLIIT\Year 4\Semester 2\Deep Learning\Assignment\SE4050-Deep-Learning-Assignment\data\train\Czech\images\Czech_003176.jpg,Czech,1,1,0,0,0,['D00'],D00,val,1005
C:\Users\ASUS\Desktop\SLIIT\Year 4\Semester 2\Deep Learning\Assignment\SE4050-Deep-Learning-Assignment\data\train\Czech\images\Czech_003180.jpg,Czech,1,1,0,0,0,['D00'],D00,train,1006
C:\Users\ASUS\Desktop\SLIIT\Year 4\Semester 2\Deep Learning\Assignment\SE4050-Deep-Learning-Assignment\data\train\Czech\images\Czech_003183.jpg,Czech,1,1,0,0,0,['D00'],D00,train,1007
C:\Users\ASUS\Desktop\SLIIT\Year 4\Semester 2\Deep Learning\Assignment\SE4050-Deep-Learning-Assignment\data\train\Czech\images\Czech_003185.jpg,Czech,1,1,0,0,0,['D00'],D00,train,1008
C:\Users\ASUS\Desktop\SLIIT\Year 4\Semester 2\Deep Learning\Assignment\SE4050-Deep-Learning-Assignment\data\train\Czech\images\Czech_003188.jpg,Czech,2,1,0,0,1,"['D00', 'D40']",D00,test,1009
C:\Users\ASUS\Desktop\SLIIT\Year 4\Semester 2\Deep Learning\Assignment\SE4050-Deep-Learning-Assignment\data\train\Czech\images\Czech_003190.jpg,Czech,1,1,0,0,0,['D00'],D00,train,1010
C:\Users\ASUS\Desktop\SLIIT\Year 4\Semester 2\Deep Learning\Assignment\SE4050-Deep-Learning-Assignment\data\train\Czech\images\Czech_003194.jpg,Czech,1,1,0,0,0,['D00'],D00,test,1011
C:\Users\ASUS\Desktop\SLIIT\Year 4\Semester 2\Deep Learning\Assignment\SE4050-Deep-Learning-Assignment\data\train\Czech\images\Czech_003195.jpg,Czech,5,1,1,1,0,"['D00', 'D10', 'D20']",D00,val,1012
C:\Users\ASUS\Desktop\SLIIT\Year 4\Semester 2\Deep Learning\Assignment\SE4050-Deep-Learning-Assignment\data\train\Czech\images\Czech_003203.jpg,Czech,1,1,0,0,0,['D00'],D00,train,1013
C:\Users\ASUS\Desktop\SLIIT\Year 4\Semester 2\Deep Learning\Assignment\SE4050-Deep-Learning-Assignment\data\train\Czech\images\Czech_003206.jpg,Czech,1,1,0,0,0,['D00'],D00,test,1014
C:\Users\ASUS\Desktop\SLIIT\Year 4\Semester 2\Deep Learning\Assignment\SE4050-Deep-Learning-Assignment\data\train\Czech\images\Czech_003208.jpg,Czech,1,1,0,0,0,['D00'],D00,train,1015
C:\Users\ASUS\Desktop\SLIIT\Year 4\Semester 2\Deep Learning\Assignment\SE4050-Deep-Learning-Assignment\data\train\Czech\images\Czech_003210.jpg,Czech,2,1,0,0,0,['D00'],D00,train,1016
C:\Users\ASUS\Desktop\SLIIT\Year 4\Semester 2\Deep Learning\Assignment\SE4050-Deep-Learning-Assignment\data\train\Czech\images\Czech_003213.jpg,Czech,2,1,0,0,0,['D00'],D00,train,1017
C:\Users\ASUS\Desktop\SLIIT\Year 4\Semester 2\Deep Learning\Assignment\SE4050-Deep-Learning-Assignment\data\train\Czech\images\Czech_003217.jpg,Czech,2,1,1,0,0,"['D00', 'D10']",D00,val,1018
C:\Users\ASUS\Desktop\SLIIT\Year 4\Semester 2\Deep Learning\Assignment\SE4050-Deep-Learning-Assignment\data\train\Czech\images\Czech_003219.jpg,Czech,1,1,0,0,0,['D00'],D00,train,1019
C:\Users\ASUS\Desktop\SLIIT\Year 4\Semester 2\Deep Learning\Assignment\SE4050-Deep-Learning-Assignment\data\train\Czech\images\Czech_003223.jpg,Czech,3,1,1,0,0,"['D00', 'D10']",D00,val,1020
C:\Users\ASUS\Desktop\SLIIT\Year 4\Semester 2\Deep Learning\Assignment\SE4050-Deep-Learning-Assignment\data\train\Czech\images\Czech_003229.jpg,Czech,1,1,0,0,0,['D00'],D00,val,1021
C:\Users\ASUS\Desktop\SLIIT\Year 4\Semester 2\Deep Learning\Assignment\SE4050-Deep-Learning-Assignment\data\train\Czech\images\Czech_003231.jpg,Czech,1,1,0,0,0,['D00'],D00,train,1022
C:\Users\ASUS\Desktop\SLIIT\Year 4\Semester 2\Deep Learning\Assignment\SE4050-Deep-Learning-Assignment\data\train\Czech\images\Czech_003236.jpg,Czech,1,1,0,0,0,['D00'],D00,train,1023
C:\Users\ASUS\Desktop\SLIIT\Year 4\Semester 2\Deep Learning\Assignment\SE4050-Deep-Learning-Assignment\data\train\Czech\images\Czech_003240.jpg,Czech,1,1,0,0,0,['D00'],D00,train,1024
C:\Users\ASUS\Desktop\SLIIT\Year 4\Semester 2\Deep Learning\Assignment\SE4050-Deep-Learning-Assignment\data\train\Czech\images\Czech_003241.jpg,Czech,1,0,0,0,1,['D40'],D40,val,1025
C:\Users\ASUS\Desktop\SLIIT\Year 4\Semester 2\Deep Learning\Assignment\SE4050-Deep-Learning-Assignment\data\train\Czech\images\Czech_003242.jpg,Czech,4,0,1,0,0,['D10'],D10,test,1026
C:\Users\ASUS\Desktop\SLIIT\Year 4\Semester 2\Deep Learning\Assignment\SE4050-Deep-Learning-Assignment\data\train\Czech\images\Czech_003243.jpg,Czech,1,1,0,0,0,['D00'],D00,train,1027
C:\Users\ASUS\Desktop\SLIIT\Year 4\Semester 2\Deep Learning\Assignment\SE4050-Deep-Learning-Assignment\data\train\Czech\images\Czech_003246.jpg,Czech,1,1,0,0,0,['D00'],D00,train,1028
C:\Users\ASUS\Desktop\SLIIT\Year 4\Semester 2\Deep Learning\Assignment\SE4050-Deep-Learning-Assignment\data\train\Czech\images\Czech_003257.jpg,Czech,1,1,0,0,0,['D00'],D00,train,1029
C:\Users\ASUS\Desktop\SLIIT\Year 4\Semester 2\Deep Learning\Assignment\SE4050-Deep-Learning-Assignment\data\train\Czech\images\Czech_003260.jpg,Czech,2,1,0,0,0,['D00'],D00,train,1030
C:\Users\ASUS\Desktop\SLIIT\Year 4\Semester 2\Deep Learning\Assignment\SE4050-Deep-Learning-Assignment\data\train\Czech\images\Czech_003264.jpg,Czech,1,0,1,0,0,['D10'],D10,val,1031
C:\Users\ASUS\Desktop\SLIIT\Year 4\Semester 2\Deep Learning\Assignment\SE4050-Deep-Learning-Assignment\data\train\Czech\images\Czech_003266.jpg,Czech,1,1,0,0,0,['D00'],D00,train,1032
C:\Users\ASUS\Desktop\SLIIT\Year 4\Semester 2\Deep Learning\Assignment\SE4050-Deep-Learning-Assignment\data\train\Czech\images\Czech_003268.jpg,Czech,1,1,0,0,0,['D00'],D00,test,1033
C:\Users\ASUS\Desktop\SLIIT\Year 4\Semester 2\Deep Learning\Assignment\SE4050-Deep-Learning-Assignment\data\train\Czech\images\Czech_003269.jpg,Czech,2,0,1,0,0,['D10'],D10,val,1034
C:\Users\ASUS\Desktop\SLIIT\Year 4\Semester 2\Deep Learning\Assignment\SE4050-Deep-Learning-Assignment\data\train\Czech\images\Czech_003277.jpg,Czech,1,1,0,0,0,['D00'],D00,train,1035
C:\Users\ASUS\Desktop\SLIIT\Year 4\Semester 2\Deep Learning\Assignment\SE4050-Deep-Learning-Assignment\data\train\Czech\images\Czech_003278.jpg,Czech,1,1,0,0,0,['D00'],D00,train,1036
C:\Users\ASUS\Desktop\SLIIT\Year 4\Semester 2\Deep Learning\Assignment\SE4050-Deep-Learning-Assignment\data\train\Czech\images\Czech_003279.jpg,Czech,1,1,0,0,0,['D00'],D00,train,1037
C:\Users\ASUS\Desktop\SLIIT\Year 4\Semester 2\Deep Learning\Assignment\SE4050-Deep-Learning-Assignment\data\train\Czech\images\Czech_003285.jpg,Czech,2,1,0,0,1,"['D00', 'D40']",D00,train,1038
C:\Users\ASUS\Desktop\SLIIT\Year 4\Semester 2\Deep Learning\Assignment\SE4050-Deep-Learning-Assignment\data\train\Czech\images\Czech_003287.jpg,Czech,2,1,0,1,0,"['D00', 'D20']",D00,train,1039
C:\Users\ASUS\Desktop\SLIIT\Year 4\Semester 2\Deep Learning\Assignment\SE4050-Deep-Learning-Assignment\data\train\Czech\images\Czech_003292.jpg,Czech,1,1,0,0,0,['D00'],D00,train,1040
C:\Users\ASUS\Desktop\SLIIT\Year 4\Semester 2\Deep Learning\Assignment\SE4050-Deep-Learning-Assignment\data\train\Czech\images\Czech_003297.jpg,Czech,3,1,0,0,0,['D00'],D00,train,1041
C:\Users\ASUS\Desktop\SLIIT\Year 4\Semester 2\Deep Learning\Assignment\SE4050-Deep-Learning-Assignment\data\train\Czech\images\Czech_003298.jpg,Czech,2,1,0,0,0,['D00'],D00,train,1042
C:\Users\ASUS\Desktop\SLIIT\Year 4\Semester 2\Deep Learning\Assignment\SE4050-Deep-Learning-Assignment\data\train\Czech\images\Czech_003314.jpg,Czech,1,1,0,0,0,['D00'],D00,train,1043
C:\Users\ASUS\Desktop\SLIIT\Year 4\Semester 2\Deep Learning\Assignment\SE4050-Deep-Learning-Assignment\data\train\Czech\images\Czech_003315.jpg,Czech,1,1,0,0,0,['D00'],D00,test,1044
C:\Users\ASUS\Desktop\SLIIT\Year 4\Semester 2\Deep Learning\Assignment\SE4050-Deep-Learning-Assignment\data\train\Czech\images\Czech_003316.jpg,Czech,1,1,0,0,0,['D00'],D00,train,1045
C:\Users\ASUS\Desktop\SLIIT\Year 4\Semester 2\Deep Learning\Assignment\SE4050-Deep-Learning-Assignment\data\train\Czech\images\Czech_003320.jpg,Czech,1,1,0,0,0,['D00'],D00,train,1046
C:\Users\ASUS\Desktop\SLIIT\Year 4\Semester 2\Deep Learning\Assignment\SE4050-Deep-Learning-Assignment\data\train\Czech\images\Czech_003324.jpg,Czech,1,1,0,0,0,['D00'],D00,train,1047
C:\Users\ASUS\Desktop\SLIIT\Year 4\Semester 2\Deep Learning\Assignment\SE4050-Deep-Learning-Assignment\data\train\Czech\images\Czech_003325.jpg,Czech,1,1,0,0,0,['D00'],D00,val,1048
C:\Users\ASUS\Desktop\SLIIT\Year 4\Semester 2\Deep Learning\Assignment\SE4050-Deep-Learning-Assignment\data\train\Czech\images\Czech_003326.jpg,Czech,2,1,0,0,0,['D00'],D00,train,1049
C:\Users\ASUS\Desktop\SLIIT\Year 4\Semester 2\Deep Learning\Assignment\SE4050-Deep-Learning-Assignment\data\train\Czech\images\Czech_003328.jpg,Czech,1,1,0,0,0,['D00'],D00,train,1050
C:\Users\ASUS\Desktop\SLIIT\Year 4\Semester 2\Deep Learning\Assignment\SE4050-Deep-Learning-Assignment\data\train\Czech\images\Czech_003331.jpg,Czech,1,1,0,0,0,['D00'],D00,train,1051
C:\Users\ASUS\Desktop\SLIIT\Year 4\Semester 2\Deep Learning\Assignment\SE4050-Deep-Learning-Assignment\data\train\Czech\images\Czech_003338.jpg,Czech,1,0,0,1,0,['D20'],D20,test,1052
C:\Users\ASUS\Desktop\SLIIT\Year 4\Semester 2\Deep Learning\Assignment\SE4050-Deep-Learning-Assignment\data\train\Czech\images\Czech_003340.jpg,Czech,1,1,0,0,0,['D00'],D00,test,1053
C:\Users\ASUS\Desktop\SLIIT\Year 4\Semester 2\Deep Learning\Assignment\SE4050-Deep-Learning-Assignment\data\train\Czech\images\Czech_003344.jpg,Czech,1,1,0,0,0,['D00'],D00,train,1054
C:\Users\ASUS\Desktop\SLIIT\Year 4\Semester 2\Deep Learning\Assignment\SE4050-Deep-Learning-Assignment\data\train\Czech\images\Czech_003345.jpg,Czech,2,0,1,1,0,"['D10', 'D20']",D10,val,1055
C:\Users\ASUS\Desktop\SLIIT\Year 4\Semester 2\Deep Learning\Assignment\SE4050-Deep-Learning-Assignment\data\train\Czech\images\Czech_003347.jpg,Czech,1,1,0,0,0,['D00'],D00,train,1056
C:\Users\ASUS\Desktop\SLIIT\Year 4\Semester 2\Deep Learning\Assignment\SE4050-Deep-Learning-Assignment\data\train\Czech\images\Czech_003348.jpg,Czech,1,0,1,0,0,['D10'],D10,train,1057
C:\Users\ASUS\Desktop\SLIIT\Year 4\Semester 2\Deep Learning\Assignment\SE4050-Deep-Learning-Assignment\data\train\Czech\images\Czech_003351.jpg,Czech,1,1,0,0,0,['D00'],D00,train,1058
C:\Users\ASUS\Desktop\SLIIT\Year 4\Semester 2\Deep Learning\Assignment\SE4050-Deep-Learning-Assignment\data\train\Czech\images\Czech_003352.jpg,Czech,2,1,0,0,0,['D00'],D00,train,1059
C:\Users\ASUS\Desktop\SLIIT\Year 4\Semester 2\Deep Learning\Assignment\SE4050-Deep-Learning-Assignment\data\train\Czech\images\Czech_003355.jpg,Czech,1,1,0,0,0,['D00'],D00,train,1060
C:\Users\ASUS\Desktop\SLIIT\Year 4\Semester 2\Deep Learning\Assignment\SE4050-Deep-Learning-Assignment\data\train\Czech\images\Czech_003356.jpg,Czech,1,1,0,0,0,['D00'],D00,train,1061
C:\Users\ASUS\Desktop\SLIIT\Year 4\Semester 2\Deep Learning\Assignment\SE4050-Deep-Learning-Assignment\data\train\Czech\images\Czech_003362.jpg,Czech,1,1,0,0,0,['D00'],D00,train,1062
C:\Users\ASUS\Desktop\SLIIT\Year 4\Semester 2\Deep Learning\Assignment\SE4050-Deep-Learning-Assignment\data\train\Czech\images\Czech_003364.jpg,Czech,3,0,0,0,1,['D40'],D40,val,1063
C:\Users\ASUS\Desktop\SLIIT\Year 4\Semester 2\Deep Learning\Assignment\SE4050-Deep-Learning-Assignment\data\train\Czech\images\Czech_003373.jpg,Czech,1,1,0,0,0,['D00'],D00,val,1064
C:\Users\ASUS\Desktop\SLIIT\Year 4\Semester 2\Deep Learning\Assignment\SE4050-Deep-Learning-Assignment\data\train\Czech\images\Czech_003374.jpg,Czech,1,1,0,0,0,['D00'],D00,train,1065
C:\Users\ASUS\Desktop\SLIIT\Year 4\Semester 2\Deep Learning\Assignment\SE4050-Deep-Learning-Assignment\data\train\Czech\images\Czech_003376.jpg,Czech,1,1,0,0,0,['D00'],D00,train,1066
C:\Users\ASUS\Desktop\SLIIT\Year 4\Semester 2\Deep Learning\Assignment\SE4050-Deep-Learning-Assignment\data\train\Czech\images\Czech_003377.jpg,Czech,2,0,1,0,0,['D10'],D10,val,1067
C:\Users\ASUS\Desktop\SLIIT\Year 4\Semester 2\Deep Learning\Assignment\SE4050-Deep-Learning-Assignment\data\train\Czech\images\Czech_003379.jpg,Czech,1,1,0,0,0,['D00'],D00,train,1068
C:\Users\ASUS\Desktop\SLIIT\Year 4\Semester 2\Deep Learning\Assignment\SE4050-Deep-Learning-Assignment\data\train\Czech\images\Czech_003384.jpg,Czech,1,0,1,0,0,['D10'],D10,test,1069
C:\Users\ASUS\Desktop\SLIIT\Year 4\Semester 2\Deep Learning\Assignment\SE4050-Deep-Learning-Assignment\data\train\Czech\images\Czech_003391.jpg,Czech,1,1,0,0,0,['D00'],D00,val,1070
C:\Users\ASUS\Desktop\SLIIT\Year 4\Semester 2\Deep Learning\Assignment\SE4050-Deep-Learning-Assignment\data\train\Czech\images\Czech_003393.jpg,Czech,1,1,0,0,0,['D00'],D00,val,1071
C:\Users\ASUS\Desktop\SLIIT\Year 4\Semester 2\Deep Learning\Assignment\SE4050-Deep-Learning-Assignment\data\train\Czech\images\Czech_003394.jpg,Czech,3,1,1,0,1,"['D00', 'D10', 'D40']",D00,train,1072
C:\Users\ASUS\Desktop\SLIIT\Year 4\Semester 2\Deep Learning\Assignment\SE4050-Deep-Learning-Assignment\data\train\Czech\images\Czech_003396.jpg,Czech,1,1,0,0,0,['D00'],D00,val,1073
C:\Users\ASUS\Desktop\SLIIT\Year 4\Semester 2\Deep Learning\Assignment\SE4050-Deep-Learning-Assignment\data\train\Czech\images\Czech_003398.jpg,Czech,3,1,1,0,0,"['D00', 'D10']",D00,train,1074
C:\Users\ASUS\Desktop\SLIIT\Year 4\Semester 2\Deep Learning\Assignment\SE4050-Deep-Learning-Assignment\data\train\Czech\images\Czech_003400.jpg,Czech,1,1,0,0,0,['D00'],D00,val,1075
C:\Users\ASUS\Desktop\SLIIT\Year 4\Semester 2\Deep Learning\Assignment\SE4050-Deep-Learning-Assignment\data\train\Czech\images\Czech_003405.jpg,Czech,1,0,0,1,0,['D20'],D20,train,1076
C:\Users\ASUS\Desktop\SLIIT\Year 4\Semester 2\Deep Learning\Assignment\SE4050-Deep-Learning-Assignment\data\train\Czech\images\Czech_003409.jpg,Czech,1,1,0,0,0,['D00'],D00,train,1077
C:\Users\ASUS\Desktop\SLIIT\Year 4\Semester 2\Deep Learning\Assignment\SE4050-Deep-Learning-Assignment\data\train\Czech\images\Czech_003410.jpg,Czech,2,1,0,0,0,['D00'],D00,train,1078
C:\Users\ASUS\Desktop\SLIIT\Year 4\Semester 2\Deep Learning\Assignment\SE4050-Deep-Learning-Assignment\data\train\Czech\images\Czech_003412.jpg,Czech,2,1,0,0,0,['D00'],D00,train,1079
C:\Users\ASUS\Desktop\SLIIT\Year 4\Semester 2\Deep Learning\Assignment\SE4050-Deep-Learning-Assignment\data\train\Czech\images\Czech_003413.jpg,Czech,2,0,1,0,0,['D10'],D10,train,1080
C:\Users\ASUS\Desktop\SLIIT\Year 4\Semester 2\Deep Learning\Assignment\SE4050-Deep-Learning-Assignment\data\train\Czech\images\Czech_003430.jpg,Czech,1,1,0,0,0,['D00'],D00,train,1081
C:\Users\ASUS\Desktop\SLIIT\Year 4\Semester 2\Deep Learning\Assignment\SE4050-Deep-Learning-Assignment\data\train\Czech\images\Czech_003433.jpg,Czech,1,1,0,0,0,['D00'],D00,train,1082
C:\Users\ASUS\Desktop\SLIIT\Year 4\Semester 2\Deep Learning\Assignment\SE4050-Deep-Learning-Assignment\data\train\Czech\images\Czech_003434.jpg,Czech,2,0,1,0,0,['D10'],D10,val,1083
C:\Users\ASUS\Desktop\SLIIT\Year 4\Semester 2\Deep Learning\Assignment\SE4050-Deep-Learning-Assignment\data\train\Czech\images\Czech_003441.jpg,Czech,1,1,0,0,0,['D00'],D00,test,1084
C:\Users\ASUS\Desktop\SLIIT\Year 4\Semester 2\Deep Learning\Assignment\SE4050-Deep-Learning-Assignment\data\train\Czech\images\Czech_003444.jpg,Czech,3,1,0,0,0,['D00'],D00,train,1085
C:\Users\ASUS\Desktop\SLIIT\Year 4\Semester 2\Deep Learning\Assignment\SE4050-Deep-Learning-Assignment\data\train\Czech\images\Czech_003445.jpg,Czech,2,1,0,0,0,['D00'],D00,train,1086
C:\Users\ASUS\Desktop\SLIIT\Year 4\Semester 2\Deep Learning\Assignment\SE4050-Deep-Learning-Assignment\data\train\Czech\images\Czech_003448.jpg,Czech,1,1,0,0,0,['D00'],D00,val,1087
C:\Users\ASUS\Desktop\SLIIT\Year 4\Semester 2\Deep Learning\Assignment\SE4050-Deep-Learning-Assignment\data\train\Czech\images\Czech_003453.jpg,Czech,1,1,0,0,0,['D00'],D00,val,1088
C:\Users\ASUS\Desktop\SLIIT\Year 4\Semester 2\Deep Learning\Assignment\SE4050-Deep-Learning-Assignment\data\train\Czech\images\Czech_003457.jpg,Czech,2,1,0,1,0,"['D00', 'D20']",D00,train,1089
C:\Users\ASUS\Desktop\SLIIT\Year 4\Semester 2\Deep Learning\Assignment\SE4050-Deep-Learning-Assignment\data\train\Czech\images\Czech_003458.jpg,Czech,2,1,0,0,0,['D00'],D00,train,1090
C:\Users\ASUS\Desktop\SLIIT\Year 4\Semester 2\Deep Learning\Assignment\SE4050-Deep-Learning-Assignment\data\train\Czech\images\Czech_003462.jpg,Czech,2,1,0,0,0,['D00'],D00,train,1091
C:\Users\ASUS\Desktop\SLIIT\Year 4\Semester 2\Deep Learning\Assignment\SE4050-Deep-Learning-Assignment\data\train\Czech\images\Czech_003467.jpg,Czech,4,1,1,0,0,"['D00', 'D10']",D00,train,1092
C:\Users\ASUS\Desktop\SLIIT\Year 4\Semester 2\Deep Learning\Assignment\SE4050-Deep-Learning-Assignment\data\train\Czech\images\Czech_003470.jpg,Czech,1,0,1,0,0,['D10'],D10,train,1093
C:\Users\ASUS\Desktop\SLIIT\Year 4\Semester 2\Deep Learning\Assignment\SE4050-Deep-Learning-Assignment\data\train\Czech\images\Czech_003472.jpg,Czech,1,1,0,0,0,['D00'],D00,train,1094
C:\Users\ASUS\Desktop\SLIIT\Year 4\Semester 2\Deep Learning\Assignment\SE4050-Deep-Learning-Assignment\data\train\Czech\images\Czech_003473.jpg,Czech,2,1,1,0,0,"['D00', 'D10']",D00,train,1095
C:\Users\ASUS\Desktop\SLIIT\Year 4\Semester 2\Deep Learning\Assignment\SE4050-Deep-Learning-Assignment\data\train\Czech\images\Czech_003475.jpg,Czech,1,1,0,0,0,['D00'],D00,val,1096
C:\Users\ASUS\Desktop\SLIIT\Year 4\Semester 2\Deep Learning\Assignment\SE4050-Deep-Learning-Assignment\data\train\Czech\images\Czech_003476.jpg,Czech,1,1,0,0,0,['D00'],D00,train,1097
C:\Users\ASUS\Desktop\SLIIT\Year 4\Semester 2\Deep Learning\Assignment\SE4050-Deep-Learning-Assignment\data\train\Czech\images\Czech_003477.jpg,Czech,4,1,1,0,1,"['D00', 'D10', 'D40']",D00,train,1098
C:\Users\ASUS\Desktop\SLIIT\Year 4\Semester 2\Deep Learning\Assignment\SE4050-Deep-Learning-Assignment\data\train\Czech\images\Czech_003479.jpg,Czech,2,1,0,0,0,['D00'],D00,train,1099
C:\Users\ASUS\Desktop\SLIIT\Year 4\Semester 2\Deep Learning\Assignment\SE4050-Deep-Learning-Assignment\data\train\Czech\images\Czech_003481.jpg,Czech,1,0,1,0,0,['D10'],D10,val,1100
C:\Users\ASUS\Desktop\SLIIT\Year 4\Semester 2\Deep Learning\Assignment\SE4050-Deep-Learning-Assignment\data\train\Czech\images\Czech_003485.jpg,Czech,2,0,1,0,0,['D10'],D10,val,1101
C:\Users\ASUS\Desktop\SLIIT\Year 4\Semester 2\Deep Learning\Assignment\SE4050-Deep-Learning-Assignment\data\train\Czech\images\Czech_003488.jpg,Czech,3,0,1,1,0,"['D10', 'D20']",D10,train,1102
C:\Users\ASUS\Desktop\SLIIT\Year 4\Semester 2\Deep Learning\Assignment\SE4050-Deep-Learning-Assignment\data\train\Czech\images\Czech_003490.jpg,Czech,1,1,0,0,0,['D00'],D00,val,1103
C:\Users\ASUS\Desktop\SLIIT\Year 4\Semester 2\Deep Learning\Assignment\SE4050-Deep-Learning-Assignment\data\train\Czech\images\Czech_003491.jpg,Czech,2,1,1,0,0,"['D00', 'D10']",D00,test,1104
C:\Users\ASUS\Desktop\SLIIT\Year 4\Semester 2\Deep Learning\Assignment\SE4050-Deep-Learning-Assignment\data\train\Czech\images\Czech_003494.jpg,Czech,1,1,0,0,0,['D00'],D00,train,1105
C:\Users\ASUS\Desktop\SLIIT\Year 4\Semester 2\Deep Learning\Assignment\SE4050-Deep-Learning-Assignment\data\train\Czech\images\Czech_003497.jpg,Czech,1,0,1,0,0,['D10'],D10,train,1106
C:\Users\ASUS\Desktop\SLIIT\Year 4\Semester 2\Deep Learning\Assignment\SE4050-Deep-Learning-Assignment\data\train\Czech\images\Czech_003499.jpg,Czech,1,0,1,0,0,['D10'],D10,test,1107
C:\Users\ASUS\Desktop\SLIIT\Year 4\Semester 2\Deep Learning\Assignment\SE4050-Deep-Learning-Assignment\data\train\Czech\images\Czech_003500.jpg,Czech,2,1,0,0,1,"['D00', 'D40']",D00,train,1108
C:\Users\ASUS\Desktop\SLIIT\Year 4\Semester 2\Deep Learning\Assignment\SE4050-Deep-Learning-Assignment\data\train\Czech\images\Czech_003501.jpg,Czech,1,1,0,0,0,['D00'],D00,train,1109
C:\Users\ASUS\Desktop\SLIIT\Year 4\Semester 2\Deep Learning\Assignment\SE4050-Deep-Learning-Assignment\data\train\Czech\images\Czech_003505.jpg,Czech,1,1,0,0,0,['D00'],D00,val,1110
C:\Users\ASUS\Desktop\SLIIT\Year 4\Semester 2\Deep Learning\Assignment\SE4050-Deep-Learning-Assignment\data\train\Czech\images\Czech_003506.jpg,Czech,2,1,1,0,0,"['D00', 'D10']",D00,train,1111
C:\Users\ASUS\Desktop\SLIIT\Year 4\Semester 2\Deep Learning\Assignment\SE4050-Deep-Learning-Assignment\data\train\Czech\images\Czech_003510.jpg,Czech,3,0,1,0,1,"['D10', 'D40']",D10,train,1112
C:\Users\ASUS\Desktop\SLIIT\Year 4\Semester 2\Deep Learning\Assignment\SE4050-Deep-Learning-Assignment\data\train\Czech\images\Czech_003512.jpg,Czech,1,0,1,0,0,['D10'],D10,test,1113
C:\Users\ASUS\Desktop\SLIIT\Year 4\Semester 2\Deep Learning\Assignment\SE4050-Deep-Learning-Assignment\data\train\Czech\images\Czech_003513.jpg,Czech,3,0,1,1,0,"['D10', 'D20']",D10,train,1114
C:\Users\ASUS\Desktop\SLIIT\Year 4\Semester 2\Deep Learning\Assignment\SE4050-Deep-Learning-Assignment\data\train\Czech\images\Czech_003516.jpg,Czech,1,1,0,0,0,['D00'],D00,train,1115
C:\Users\ASUS\Desktop\SLIIT\Year 4\Semester 2\Deep Learning\Assignment\SE4050-Deep-Learning-Assignment\data\train\Czech\images\Czech_003519.jpg,Czech,1,1,0,0,0,['D00'],D00,val,1116
C:\Users\ASUS\Desktop\SLIIT\Year 4\Semester 2\Deep Learning\Assignment\SE4050-Deep-Learning-Assignment\data\train\Czech\images\Czech_003523.jpg,Czech,1,0,1,0,0,['D10'],D10,train,1117
C:\Users\ASUS\Desktop\SLIIT\Year 4\Semester 2\Deep Learning\Assignment\SE4050-Deep-Learning-Assignment\data\train\Czech\images\Czech_003526.jpg,Czech,1,1,0,0,0,['D00'],D00,test,1118
C:\Users\ASUS\Desktop\SLIIT\Year 4\Semester 2\Deep Learning\Assignment\SE4050-Deep-Learning-Assignment\data\train\Czech\images\Czech_003535.jpg,Czech,2,1,1,0,0,"['D00', 'D10']",D00,train,1119
C:\Users\ASUS\Desktop\SLIIT\Year 4\Semester 2\Deep Learning\Assignment\SE4050-Deep-Learning-Assignment\data\train\Czech\images\Czech_003536.jpg,Czech,1,0,0,0,1,['D40'],D40,train,1120
C:\Users\ASUS\Desktop\SLIIT\Year 4\Semester 2\Deep Learning\Assignment\SE4050-Deep-Learning-Assignment\data\train\Czech\images\Czech_003537.jpg,Czech,1,0,0,0,1,['D40'],D40,train,1121
C:\Users\ASUS\Desktop\SLIIT\Year 4\Semester 2\Deep Learning\Assignment\SE4050-Deep-Learning-Assignment\data\train\Czech\images\Czech_003539.jpg,Czech,1,1,0,0,0,['D00'],D00,train,1122
C:\Users\ASUS\Desktop\SLIIT\Year 4\Semester 2\Deep Learning\Assignment\SE4050-Deep-Learning-Assignment\data\train\Czech\images\Czech_003540.jpg,Czech,1,1,0,0,0,['D00'],D00,train,1123
C:\Users\ASUS\Desktop\SLIIT\Year 4\Semester 2\Deep Learning\Assignment\SE4050-Deep-Learning-Assignment\data\train\Czech\images\Czech_003543.jpg,Czech,2,1,0,0,0,['D00'],D00,val,1124
C:\Users\ASUS\Desktop\SLIIT\Year 4\Semester 2\Deep Learning\Assignment\SE4050-Deep-Learning-Assignment\data\train\Czech\images\Czech_003544.jpg,Czech,2,1,1,0,0,"['D00', 'D10']",D00,train,1125
C:\Users\ASUS\Desktop\SLIIT\Year 4\Semester 2\Deep Learning\Assignment\SE4050-Deep-Learning-Assignment\data\train\Czech\images\Czech_003546.jpg,Czech,3,1,1,0,0,"['D00', 'D10']",D00,train,1126
C:\Users\ASUS\Desktop\SLIIT\Year 4\Semester 2\Deep Learning\Assignment\SE4050-Deep-Learning-Assignment\data\train\Czech\images\Czech_003555.jpg,Czech,1,0,1,0,0,['D10'],D10,train,1127
C:\Users\ASUS\Desktop\SLIIT\Year 4\Semester 2\Deep Learning\Assignment\SE4050-Deep-Learning-Assignment\data\train\Czech\images\Czech_003560.jpg,Czech,3,0,0,1,1,"['D20', 'D40']",D20,test,1128
C:\Users\ASUS\Desktop\SLIIT\Year 4\Semester 2\Deep Learning\Assignment\SE4050-Deep-Learning-Assignment\data\train\Czech\images\Czech_003562.jpg,Czech,1,1,0,0,0,['D00'],D00,test,1129
C:\Users\ASUS\Desktop\SLIIT\Year 4\Semester 2\Deep Learning\Assignment\SE4050-Deep-Learning-Assignment\data\train\Czech\images\Czech_003564.jpg,Czech,1,0,0,0,1,['D40'],D40,train,1130
C:\Users\ASUS\Desktop\SLIIT\Year 4\Semester 2\Deep Learning\Assignment\SE4050-Deep-Learning-Assignment\data\train\Czech\images\Czech_003565.jpg,Czech,2,0,0,1,1,"['D20', 'D40']",D20,train,1131
C:\Users\ASUS\Desktop\SLIIT\Year 4\Semester 2\Deep Learning\Assignment\SE4050-Deep-Learning-Assignment\data\train\Czech\images\Czech_003570.jpg,Czech,2,0,0,1,1,"['D20', 'D40']",D20,val,1132
C:\Users\ASUS\Desktop\SLIIT\Year 4\Semester 2\Deep Learning\Assignment\SE4050-Deep-Learning-Assignment\data\train\Czech\images\Czech_003571.jpg,Czech,1,0,0,1,0,['D20'],D20,train,1133
C:\Users\ASUS\Desktop\SLIIT\Year 4\Semester 2\Deep Learning\Assignment\SE4050-Deep-Learning-Assignment\data\train\Czech\images\Czech_003574.jpg,Czech,1,1,0,0,0,['D00'],D00,train,1134
C:\Users\ASUS\Desktop\SLIIT\Year 4\Semester 2\Deep Learning\Assignment\SE4050-Deep-Learning-Assignment\data\train\Czech\images\Czech_003579.jpg,Czech,4,1,0,1,0,"['D00', 'D20']",D00,val,1135
C:\Users\ASUS\Desktop\SLIIT\Year 4\Semester 2\Deep Learning\Assignment\SE4050-Deep-Learning-Assignment\data\train\Czech\images\Czech_003580.jpg,Czech,2,0,0,1,1,"['D20', 'D40']",D20,train,1136
C:\Users\ASUS\Desktop\SLIIT\Year 4\Semester 2\Deep Learning\Assignment\SE4050-Deep-Learning-Assignment\data\train\Czech\images\Czech_003583.jpg,Czech,2,1,0,1,0,"['D00', 'D20']",D00,train,1137
C:\Users\ASUS\Desktop\SLIIT\Year 4\Semester 2\Deep Learning\Assignment\SE4050-Deep-Learning-Assignment\data\train\Czech\images\Czech_003584.jpg,Czech,2,1,0,0,1,"['D00', 'D40']",D00,train,1138
C:\Users\ASUS\Desktop\SLIIT\Year 4\Semester 2\Deep Learning\Assignment\SE4050-Deep-Learning-Assignment\data\train\Czech\images\Czech_003589.jpg,Czech,2,1,0,0,0,['D00'],D00,train,1139
C:\Users\ASUS\Desktop\SLIIT\Year 4\Semester 2\Deep Learning\Assignment\SE4050-Deep-Learning-Assignment\data\train\India\images\India_000005.jpg,India,1,0,0,0,1,['D40'],D40,train,1140
C:\Users\ASUS\Desktop\SLIIT\Year 4\Semester 2\Deep Learning\Assignment\SE4050-Deep-Learning-Assignment\data\train\India\images\India_000011.jpg,India,1,1,0,0,0,['D00'],D00,val,1141
C:\Users\ASUS\Desktop\SLIIT\Year 4\Semester 2\Deep Learning\Assignment\SE4050-Deep-Learning-Assignment\data\train\India\images\India_000014.jpg,India,3,0,0,1,0,['D20'],D20,train,1142
C:\Users\ASUS\Desktop\SLIIT\Year 4\Semester 2\Deep Learning\Assignment\SE4050-Deep-Learning-Assignment\data\train\India\images\India_000017.jpg,India,5,0,0,0,1,['D40'],D40,test,1143
C:\Users\ASUS\Desktop\SLIIT\Year 4\Semester 2\Deep Learning\Assignment\SE4050-Deep-Learning-Assignment\data\train\India\images\India_000024.jpg,India,1,0,0,1,0,['D20'],D20,val,1144
C:\Users\ASUS\Desktop\SLIIT\Year 4\Semester 2\Deep Learning\Assignment\SE4050-Deep-Learning-Assignment\data\train\India\images\India_000027.jpg,India,6,0,0,1,1,"['D20', 'D40']",D20,val,1145
C:\Users\ASUS\Desktop\SLIIT\Year 4\Semester 2\Deep Learning\Assignment\SE4050-Deep-Learning-Assignment\data\train\India\images\India_000028.jpg,India,1,0,0,1,0,['D20'],D20,train,1146
C:\Users\ASUS\Desktop\SLIIT\Year 4\Semester 2\Deep Learning\Assignment\SE4050-Deep-Learning-Assignment\data\train\India\images\India_000038.jpg,India,2,1,0,0,0,['D00'],D00,train,1147
C:\Users\ASUS\Desktop\SLIIT\Year 4\Semester 2\Deep Learning\Assignment\SE4050-Deep-Learning-Assignment\data\train\India\images\India_000043.jpg,India,7,0,0,1,1,"['D20', 'D40']",D20,val,1148
C:\Users\ASUS\Desktop\SLIIT\Year 4\Semester 2\Deep Learning\Assignment\SE4050-Deep-Learning-Assignment\data\train\India\images\India_000052.jpg,India,9,1,0,1,1,"['D00', 'D20', 'D40']",D00,train,1149
C:\Users\ASUS\Desktop\SLIIT\Year 4\Semester 2\Deep Learning\Assignment\SE4050-Deep-Learning-Assignment\data\train\India\images\India_000053.jpg,India,3,1,0,1,0,"['D00', 'D20']",D00,train,1150
C:\Users\ASUS\Desktop\SLIIT\Year 4\Semester 2\Deep Learning\Assignment\SE4050-Deep-Learning-Assignment\data\train\India\images\India_000054.jpg,India,2,1,0,0,1,"['D00', 'D40']",D00,train,1151
C:\Users\ASUS\Desktop\SLIIT\Year 4\Semester 2\Deep Learning\Assignment\SE4050-Deep-Learning-Assignment\data\train\India\images\India_000055.jpg,India,3,0,0,0,1,['D40'],D40,val,1152
C:\Users\ASUS\Desktop\SLIIT\Year 4\Semester 2\Deep Learning\Assignment\SE4050-Deep-Learning-Assignment\data\train\India\images\India_000057.jpg,India,5,1,0,0,1,"['D00', 'D40']",D00,train,1153
C:\Users\ASUS\Desktop\SLIIT\Year 4\Semester 2\Deep Learning\Assignment\SE4050-Deep-Learning-Assignment\data\train\India\images\India_000061.jpg,India,2,0,0,0,1,['D40'],D40,train,1154
C:\Users\ASUS\Desktop\SLIIT\Year 4\Semester 2\Deep Learning\Assignment\SE4050-Deep-Learning-Assignment\data\train\India\images\India_000067.jpg,India,2,0,0,1,1,"['D20', 'D40']",D20,val,1155
C:\Users\ASUS\Desktop\SLIIT\Year 4\Semester 2\Deep Learning\Assignment\SE4050-Deep-Learning-Assignment\data\train\India\images\India_000071.jpg,India,2,0,0,0,1,['D40'],D40,train,1156
C:\Users\ASUS\Desktop\SLIIT\Year 4\Semester 2\Deep Learning\Assignment\SE4050-Deep-Learning-Assignment\data\train\India\images\India_000078.jpg,India,4,1,0,0,0,['D00'],D00,test,1157
C:\Users\ASUS\Desktop\SLIIT\Year 4\Semester 2\Deep Learning\Assignment\SE4050-Deep-Learning-Assignment\data\train\India\images\India_000081.jpg,India,1,0,0,0,1,['D40'],D40,train,1158
C:\Users\ASUS\Desktop\SLIIT\Year 4\Semester 2\Deep Learning\Assignment\SE4050-Deep-Learning-Assignment\data\train\India\images\India_000086.jpg,India,2,1,0,0,0,['D00'],D00,train,1159
C:\Users\ASUS\Desktop\SLIIT\Year 4\Semester 2\Deep Learning\Assignment\SE4050-Deep-Learning-Assignment\data\train\India\images\India_000090.jpg,India,1,1,0,0,0,['D00'],D00,test,1160
C:\Users\ASUS\Desktop\SLIIT\Year 4\Semester 2\Deep Learning\Assignment\SE4050-Deep-Learning-Assignment\data\train\India\images\India_000092.jpg,India,4,1,0,0,0,['D00'],D00,train,1161
C:\Users\ASUS\Desktop\SLIIT\Year 4\Semester 2\Deep Learning\Assignment\SE4050-Deep-Learning-Assignment\data\train\India\images\India_000099.jpg,India,2,0,0,1,0,['D20'],D20,train,0
C:\Users\ASUS\Desktop\SLIIT\Year 4\Semester 2\Deep Learning\Assignment\SE4050-Deep-Learning-Assignment\data\train\India\images\India_000102.jpg,India,2,1,0,0,0,['D00'],D00,train,1162
C:\Users\ASUS\Desktop\SLIIT\Year 4\Semester 2\Deep Learning\Assignment\SE4050-Deep-Learning-Assignment\data\train\India\images\India_000103.jpg,India,1,0,0,0,1,['D40'],D40,val,1163
C:\Users\ASUS\Desktop\SLIIT\Year 4\Semester 2\Deep Learning\Assignment\SE4050-Deep-Learning-Assignment\data\train\India\images\India_000104.jpg,India,1,1,0,0,0,['D00'],D00,train,1164
C:\Users\ASUS\Desktop\SLIIT\Year 4\Semester 2\Deep Learning\Assignment\SE4050-Deep-Learning-Assignment\data\train\India\images\India_000105.jpg,India,3,0,0,0,1,['D40'],D40,train,1165
C:\Users\ASUS\Desktop\SLIIT\Year 4\Semester 2\Deep Learning\Assignment\SE4050-Deep-Learning-Assignment\data\train\India\images\India_000109.jpg,India,2,0,0,1,1,"['D20', 'D40']",D20,train,1166
C:\Users\ASUS\Desktop\SLIIT\Year 4\Semester 2\Deep Learning\Assignment\SE4050-Deep-Learning-Assignment\data\train\India\images\India_000114.jpg,India,1,0,0,1,0,['D20'],D20,train,1167
C:\Users\ASUS\Desktop\SLIIT\Year 4\Semester 2\Deep Learning\Assignment\SE4050-Deep-Learning-Assignment\data\train\India\images\India_000115.jpg,India,2,0,1,0,1,"['D10', 'D40']",D10,val,1168
C:\Users\ASUS\Desktop\SLIIT\Year 4\Semester 2\Deep Learning\Assignment\SE4050-Deep-Learning-Assignment\data\train\India\images\India_000125.jpg,India,4,1,0,0,0,['D00'],D00,train,1169
C:\Users\ASUS\Desktop\SLIIT\Year 4\Semester 2\Deep Learning\Assignment\SE4050-Deep-Learning-Assignment\data\train\India\images\India_000126.jpg,India,3,0,0,1,1,"['D20', 'D40']",D20,train,1170
C:\Users\ASUS\Desktop\SLIIT\Year 4\Semester 2\Deep Learning\Assignment\SE4050-Deep-Learning-Assignment\data\train\India\images\India_000127.jpg,India,2,0,0,1,1,"['D20', 'D40']",D20,test,1171
C:\Users\ASUS\Desktop\SLIIT\Year 4\Semester 2\Deep Learning\Assignment\SE4050-Deep-Learning-Assignment\data\train\India\images\India_000128.jpg,India,4,0,0,0,1,['D40'],D40,train,1172
C:\Users\ASUS\Desktop\SLIIT\Year 4\Semester 2\Deep Learning\Assignment\SE4050-Deep-Learning-Assignment\data\train\India\images\India_000130.jpg,India,2,0,0,1,0,['D20'],D20,train,1173
C:\Users\ASUS\Desktop\SLIIT\Year 4\Semester 2\Deep Learning\Assignment\SE4050-Deep-Learning-Assignment\data\train\India\images\India_000131.jpg,India,3,1,0,1,1,"['D00', 'D20', 'D40']",D00,train,15
C:\Users\ASUS\Desktop\SLIIT\Year 4\Semester 2\Deep Learning\Assignment\SE4050-Deep-Learning-Assignment\data\train\India\images\India_000142.jpg,India,3,0,0,1,0,['D20'],D20,val,1174
C:\Users\ASUS\Desktop\SLIIT\Year 4\Semester 2\Deep Learning\Assignment\SE4050-Deep-Learning-Assignment\data\train\India\images\India_000147.jpg,India,4,1,0,1,1,"['D00', 'D20', 'D40']",D00,val,1175
C:\Users\ASUS\Desktop\SLIIT\Year 4\Semester 2\Deep Learning\Assignment\SE4050-Deep-Learning-Assignment\data\train\India\images\India_000155.jpg,India,2,1,0,0,1,"['D00', 'D40']",D00,val,1176
C:\Users\ASUS\Desktop\SLIIT\Year 4\Semester 2\Deep Learning\Assignment\SE4050-Deep-Learning-Assignment\data\train\India\images\India_000157.jpg,India,3,1,0,1,0,"['D00', 'D20']",D00,train,1177
C:\Users\ASUS\Desktop\SLIIT\Year 4\Semester 2\Deep Learning\Assignment\SE4050-Deep-Learning-Assignment\data\train\India\images\India_000158.jpg,India,1,0,0,1,0,['D20'],D20,train,1178
C:\Users\ASUS\Desktop\SLIIT\Year 4\Semester 2\Deep Learning\Assignment\SE4050-Deep-Learning-Assignment\data\train\India\images\India_000164.jpg,India,2,0,0,1,0,['D20'],D20,train,1179
C:\Users\ASUS\Desktop\SLIIT\Year 4\Semester 2\Deep Learning\Assignment\SE4050-Deep-Learning-Assignment\data\train\India\images\India_000168.jpg,India,3,0,0,0,1,['D40'],D40,train,24
C:\Users\ASUS\Desktop\SLIIT\Year 4\Semester 2\Deep Learning\Assignment\SE4050-Deep-Learning-Assignment\data\train\India\images\India_000173.jpg,India,2,0,0,0,1,['D40'],D40,train,1180
C:\Users\ASUS\Desktop\SLIIT\Year 4\Semester 2\Deep Learning\Assignment\SE4050-Deep-Learning-Assignment\data\train\India\images\India_000174.jpg,India,4,0,0,0,1,['D40'],D40,train,1181
C:\Users\ASUS\Desktop\SLIIT\Year 4\Semester 2\Deep Learning\Assignment\SE4050-Deep-Learning-Assignment\data\train\India\images\India_000184.jpg,India,1,0,0,1,0,['D20'],D20,train,1182
C:\Users\ASUS\Desktop\SLIIT\Year 4\Semester 2\Deep Learning\Assignment\SE4050-Deep-Learning-Assignment\data\train\India\images\India_000191.jpg,India,3,0,0,1,0,['D20'],D20,train,1183
C:\Users\ASUS\Desktop\SLIIT\Year 4\Semester 2\Deep Learning\Assignment\SE4050-Deep-Learning-Assignment\data\train\India\images\India_000193.jpg,India,3,0,1,0,1,"['D10', 'D40']",D10,train,1184
C:\Users\ASUS\Desktop\SLIIT\Year 4\Semester 2\Deep Learning\Assignment\SE4050-Deep-Learning-Assignment\data\train\India\images\India_000197.jpg,India,2,1,0,1,0,"['D00', 'D20']",D00,train,1185
C:\Users\ASUS\Desktop\SLIIT\Year 4\Semester 2\Deep Learning\Assignment\SE4050-Deep-Learning-Assignment\data\train\India\images\India_000199.jpg,India,1,1,0,0,0,['D00'],D00,train,1186
C:\Users\ASUS\Desktop\SLIIT\Year 4\Semester 2\Deep Learning\Assignment\SE4050-Deep-Learning-Assignment\data\train\India\images\India_000200.jpg,India,1,0,0,1,0,['D20'],D20,train,25
C:\Users\ASUS\Desktop\SLIIT\Year 4\Semester 2\Deep Learning\Assignment\SE4050-Deep-Learning-Assignment\data\train\India\images\India_000205.jpg,India,1,1,0,0,0,['D00'],D00,train,1187
C:\Users\ASUS\Desktop\SLIIT\Year 4\Semester 2\Deep Learning\Assignment\SE4050-Deep-Learning-Assignment\data\train\India\images\India_000209.jpg,India,7,0,0,1,1,"['D20', 'D40']",D20,test,1188
C:\Users\ASUS\Desktop\SLIIT\Year 4\Semester 2\Deep Learning\Assignment\SE4050-Deep-Learning-Assignment\data\train\India\images\India_000210.jpg,India,1,1,0,0,0,['D00'],D00,train,1189
C:\Users\ASUS\Desktop\SLIIT\Year 4\Semester 2\Deep Learning\Assignment\SE4050-Deep-Learning-Assignment\data\train\India\images\India_000222.jpg,India,2,0,0,1,0,['D20'],D20,train,1190
C:\Users\ASUS\Desktop\SLIIT\Year 4\Semester 2\Deep Learning\Assignment\SE4050-Deep-Learning-Assignment\data\train\India\images\India_000223.jpg,India,7,1,0,0,1,"['D00', 'D40']",D00,train,1191
C:\Users\ASUS\Desktop\SLIIT\Year 4\Semester 2\Deep Learning\Assignment\SE4050-Deep-Learning-Assignment\data\train\India\images\India_000224.jpg,India,1,1,0,0,0,['D00'],D00,train,1192
C:\Users\ASUS\Desktop\SLIIT\Year 4\Semester 2\Deep Learning\Assignment\SE4050-Deep-Learning-Assignment\data\train\India\images\India_000230.jpg,India,2,0,0,1,1,"['D20', 'D40']",D20,train,1193
C:\Users\ASUS\Desktop\SLIIT\Year 4\Semester 2\Deep Learning\Assignment\SE4050-Deep-Learning-Assignment\data\train\India\images\India_000232.jpg,India,1,1,0,0,0,['D00'],D00,train,1194
C:\Users\ASUS\Desktop\SLIIT\Year 4\Semester 2\Deep Learning\Assignment\SE4050-Deep-Learning-Assignment\data\train\India\images\India_000241.jpg,India,2,0,0,1,1,"['D20', 'D40']",D20,train,1195
C:\Users\ASUS\Desktop\SLIIT\Year 4\Semester 2\Deep Learning\Assignment\SE4050-Deep-Learning-Assignment\data\train\India\images\India_000256.jpg,India,2,1,0,0,0,['D00'],D00,test,1196
C:\Users\ASUS\Desktop\SLIIT\Year 4\Semester 2\Deep Learning\Assignment\SE4050-Deep-Learning-Assignment\data\train\India\images\India_000259.jpg,India,1,1,0,0,0,['D00'],D00,train,1197
C:\Users\ASUS\Desktop\SLIIT\Year 4\Semester 2\Deep Learning\Assignment\SE4050-Deep-Learning-Assignment\data\train\India\images\India_000261.jpg,India,1,0,0,0,1,['D40'],D40,train,1198
C:\Users\ASUS\Desktop\SLIIT\Year 4\Semester 2\Deep Learning\Assignment\SE4050-Deep-Learning-Assignment\data\train\India\images\India_000267.jpg,India,3,1,0,0,0,['D00'],D00,train,1199
C:\Users\ASUS\Desktop\SLIIT\Year 4\Semester 2\Deep Learning\Assignment\SE4050-Deep-Learning-Assignment\data\train\India\images\India_000268.jpg,India,2,0,0,0,1,['D40'],D40,train,1200
C:\Users\ASUS\Desktop\SLIIT\Year 4\Semester 2\Deep Learning\Assignment\SE4050-Deep-Learning-Assignment\data\train\India\images\India_000269.jpg,India,1,0,0,1,0,['D20'],D20,train,1201
C:\Users\ASUS\Desktop\SLIIT\Year 4\Semester 2\Deep Learning\Assignment\SE4050-Deep-Learning-Assignment\data\train\India\images\India_000270.jpg,India,2,1,0,1,0,"['D00', 'D20']",D00,train,1202
C:\Users\ASUS\Desktop\SLIIT\Year 4\Semester 2\Deep Learning\Assignment\SE4050-Deep-Learning-Assignment\data\train\India\images\India_000271.jpg,India,1,0,0,1,0,['D20'],D20,train,1203
C:\Users\ASUS\Desktop\SLIIT\Year 4\Semester 2\Deep Learning\Assignment\SE4050-Deep-Learning-Assignment\data\train\India\images\India_000272.jpg,India,3,0,0,1,0,['D20'],D20,train,0
C:\Users\ASUS\Desktop\SLIIT\Year 4\Semester 2\Deep Learning\Assignment\SE4050-Deep-Learning-Assignment\data\train\India\images\India_000274.jpg,India,4,0,0,1,1,"['D20', 'D40']",D20,test,1204
C:\Users\ASUS\Desktop\SLIIT\Year 4\Semester 2\Deep Learning\Assignment\SE4050-Deep-Learning-Assignment\data\train\India\images\India_000275.jpg,India,2,1,0,0,0,['D00'],D00,train,1205
C:\Users\ASUS\Desktop\SLIIT\Year 4\Semester 2\Deep Learning\Assignment\SE4050-Deep-Learning-Assignment\data\train\India\images\India_000278.jpg,India,1,0,0,0,1,['D40'],D40,train,1206
C:\Users\ASUS\Desktop\SLIIT\Year 4\Semester 2\Deep Learning\Assignment\SE4050-Deep-Learning-Assignment\data\train\India\images\India_000283.jpg,India,2,0,0,1,0,['D20'],D20,train,0
C:\Users\ASUS\Desktop\SLIIT\Year 4\Semester 2\Deep Learning\Assignment\SE4050-Deep-Learning-Assignment\data\train\India\images\India_000285.jpg,India,3,0,0,1,0,['D20'],D20,train,1207
C:\Users\ASUS\Desktop\SLIIT\Year 4\Semester 2\Deep Learning\Assignment\SE4050-Deep-Learning-Assignment\data\train\India\images\India_000288.jpg,India,2,0,0,0,1,['D40'],D40,test,1208
C:\Users\ASUS\Desktop\SLIIT\Year 4\Semester 2\Deep Learning\Assignment\SE4050-Deep-Learning-Assignment\data\train\India\images\India_000292.jpg,India,2,1,0,1,0,"['D00', 'D20']",D00,train,1209
C:\Users\ASUS\Desktop\SLIIT\Year 4\Semester 2\Deep Learning\Assignment\SE4050-Deep-Learning-Assignment\data\train\India\images\India_000293.jpg,India,1,1,0,0,0,['D00'],D00,val,16
C:\Users\ASUS\Desktop\SLIIT\Year 4\Semester 2\Deep Learning\Assignment\SE4050-Deep-Learning-Assignment\data\train\India\images\India_000298.jpg,India,2,0,0,1,0,['D20'],D20,train,1210
C:\Users\ASUS\Desktop\SLIIT\Year 4\Semester 2\Deep Learning\Assignment\SE4050-Deep-Learning-Assignment\data\train\India\images\India_000299.jpg,India,2,1,0,1,0,"['D00', 'D20']",D00,train,1211
C:\Users\ASUS\Desktop\SLIIT\Year 4\Semester 2\Deep Learning\Assignment\SE4050-Deep-Learning-Assignment\data\train\India\images\India_000301.jpg,India,2,0,0,0,1,['D40'],D40,test,1212
C:\Users\ASUS\Desktop\SLIIT\Year 4\Semester 2\Deep Learning\Assignment\SE4050-Deep-Learning-Assignment\data\train\India\images\India_000302.jpg,India,1,0,0,1,0,['D20'],D20,train,1213
C:\Users\ASUS\Desktop\SLIIT\Year 4\Semester 2\Deep Learning\Assignment\SE4050-Deep-Learning-Assignment\data\train\India\images\India_000309.jpg,India,2,0,0,1,0,['D20'],D20,train,1214
C:\Users\ASUS\Desktop\SLIIT\Year 4\Semester 2\Deep Learning\Assignment\SE4050-Deep-Learning-Assignment\data\train\India\images\India_000310.jpg,India,1,0,0,1,0,['D20'],D20,val,1215
C:\Users\ASUS\Desktop\SLIIT\Year 4\Semester 2\Deep Learning\Assignment\SE4050-Deep-Learning-Assignment\data\train\India\images\India_000312.jpg,India,1,1,0,0,0,['D00'],D00,train,1216
C:\Users\ASUS\Desktop\SLIIT\Year 4\Semester 2\Deep Learning\Assignment\SE4050-Deep-Learning-Assignment\data\train\India\images\India_000316.jpg,India,7,1,0,1,1,"['D00', 'D20', 'D40']",D00,test,1217
C:\Users\ASUS\Desktop\SLIIT\Year 4\Semester 2\Deep Learning\Assignment\SE4050-Deep-Learning-Assignment\data\train\India\images\India_000317.jpg,India,3,1,0,1,1,"['D00', 'D20', 'D40']",D00,test,1218
C:\Users\ASUS\Desktop\SLIIT\Year 4\Semester 2\Deep Learning\Assignment\SE4050-Deep-Learning-Assignment\data\train\India\images\India_000319.jpg,India,2,1,0,0,0,['D00'],D00,train,1219
C:\Users\ASUS\Desktop\SLIIT\Year 4\Semester 2\Deep Learning\Assignment\SE4050-Deep-Learning-Assignment\data\train\India\images\India_000320.jpg,India,2,1,0,0,1,"['D00', 'D40']",D00,test,1220
C:\Users\ASUS\Desktop\SLIIT\Year 4\Semester 2\Deep Learning\Assignment\SE4050-Deep-Learning-Assignment\data\train\India\images\India_000323.jpg,India,4,0,0,1,1,"['D20', 'D40']",D20,test,1221
C:\Users\ASUS\Desktop\SLIIT\Year 4\Semester 2\Deep Learning\Assignment\SE4050-Deep-Learning-Assignment\data\train\India\images\India_000330.jpg,India,1,1,0,0,0,['D00'],D00,test,1222
C:\Users\ASUS\Desktop\SLIIT\Year 4\Semester 2\Deep Learning\Assignment\SE4050-Deep-Learning-Assignment\data\train\India\images\India_000343.jpg,India,2,0,0,1,0,['D20'],D20,train,1223
C:\Users\ASUS\Desktop\SLIIT\Year 4\Semester 2\Deep Learning\Assignment\SE4050-Deep-Learning-Assignment\data\train\India\images\India_000348.jpg,India,2,0,0,1,0,['D20'],D20,train,1224
C:\Users\ASUS\Desktop\SLIIT\Year 4\Semester 2\Deep Learning\Assignment\SE4050-Deep-Learning-Assignment\data\train\India\images\India_000350.jpg,India,1,0,0,1,0,['D20'],D20,test,1225
C:\Users\ASUS\Desktop\SLIIT\Year 4\Semester 2\Deep Learning\Assignment\SE4050-Deep-Learning-Assignment\data\train\India\images\India_000352.jpg,India,4,0,0,1,1,"['D20', 'D40']",D20,test,1226
C:\Users\ASUS\Desktop\SLIIT\Year 4\Semester 2\Deep Learning\Assignment\SE4050-Deep-Learning-Assignment\data\train\India\images\India_000353.jpg,India,3,0,0,1,0,['D20'],D20,test,1227
C:\Users\ASUS\Desktop\SLIIT\Year 4\Semester 2\Deep Learning\Assignment\SE4050-Deep-Learning-Assignment\data\train\India\images\India_000361.jpg,India,4,0,0,1,1,"['D20', 'D40']",D20,train,1228
C:\Users\ASUS\Desktop\SLIIT\Year 4\Semester 2\Deep Learning\Assignment\SE4050-Deep-Learning-Assignment\data\train\India\images\India_000362.jpg,India,5,1,0,1,0,"['D00', 'D20']",D00,train,1229
C:\Users\ASUS\Desktop\SLIIT\Year 4\Semester 2\Deep Learning\Assignment\SE4050-Deep-Learning-Assignment\data\train\India\images\India_000367.jpg,India,3,1,0,1,1,"['D00', 'D20', 'D40']",D00,test,1230
C:\Users\ASUS\Desktop\SLIIT\Year 4\Semester 2\Deep Learning\Assignment\SE4050-Deep-Learning-Assignment\data\train\India\images\India_000368.jpg,India,5,1,0,0,1,"['D00', 'D40']",D00,train,1231
C:\Users\ASUS\Desktop\SLIIT\Year 4\Semester 2\Deep Learning\Assignment\SE4050-Deep-Learning-Assignment\data\train\India\images\India_000369.jpg,India,2,0,0,1,0,['D20'],D20,train,1232
C:\Users\ASUS\Desktop\SLIIT\Year 4\Semester 2\Deep Learning\Assignment\SE4050-Deep-Learning-Assignment\data\train\India\images\India_000371.jpg,India,3,0,0,1,0,['D20'],D20,train,1233
C:\Users\ASUS\Desktop\SLIIT\Year 4\Semester 2\Deep Learning\Assignment\SE4050-Deep-Learning-Assignment\data\train\India\images\India_000373.jpg,India,2,1,0,0,1,"['D00', 'D40']",D00,train,1234
C:\Users\ASUS\Desktop\SLIIT\Year 4\Semester 2\Deep Learning\Assignment\SE4050-Deep-Learning-Assignment\data\train\India\images\India_000382.jpg,India,5,1,0,1,0,"['D00', 'D20']",D00,train,2
C:\Users\ASUS\Desktop\SLIIT\Year 4\Semester 2\Deep Learning\Assignment\SE4050-Deep-Learning-Assignment\data\train\India\images\India_000383.jpg,India,6,0,0,1,1,"['D20', 'D40']",D20,train,1235
C:\Users\ASUS\Desktop\SLIIT\Year 4\Semester 2\Deep Learning\Assignment\SE4050-Deep-Learning-Assignment\data\train\India\images\India_000384.jpg,India,3,0,0,1,1,"['D20', 'D40']",D20,test,1236
C:\Users\ASUS\Desktop\SLIIT\Year 4\Semester 2\Deep Learning\Assignment\SE4050-Deep-Learning-Assignment\data\train\India\images\India_000389.jpg,India,1,0,0,0,1,['D40'],D40,train,1237
C:\Users\ASUS\Desktop\SLIIT\Year 4\Semester 2\Deep Learning\Assignment\SE4050-Deep-Learning-Assignment\data\train\India\images\India_000391.jpg,India,3,1,0,0,1,"['D00', 'D40']",D00,train,1238
C:\Users\ASUS\Desktop\SLIIT\Year 4\Semester 2\Deep Learning\Assignment\SE4050-Deep-Learning-Assignment\data\train\India\images\India_000392.jpg,India,1,0,0,0,1,['D40'],D40,train,1239
C:\Users\ASUS\Desktop\SLIIT\Year 4\Semester 2\Deep Learning\Assignment\SE4050-Deep-Learning-Assignment\data\train\India\images\India_000399.jpg,India,2,0,0,0,1,['D40'],D40,train,1240
C:\Users\ASUS\Desktop\SLIIT\Year 4\Semester 2\Deep Learning\Assignment\SE4050-Deep-Learning-Assignment\data\train\India\images\India_000402.jpg,India,2,0,0,0,1,['D40'],D40,test,1241
C:\Users\ASUS\Desktop\SLIIT\Year 4\Semester 2\Deep Learning\Assignment\SE4050-Deep-Learning-Assignment\data\train\India\images\India_000403.jpg,India,1,0,0,1,0,['D20'],D20,train,1242
C:\Users\ASUS\Desktop\SLIIT\Year 4\Semester 2\Deep Learning\Assignment\SE4050-Deep-Learning-Assignment\data\train\India\images\India_000409.jpg,India,2,0,0,1,0,['D20'],D20,val,1243
C:\Users\ASUS\Desktop\SLIIT\Year 4\Semester 2\Deep Learning\Assignment\SE4050-Deep-Learning-Assignment\data\train\India\images\India_000412.jpg,India,2,1,0,1,0,"['D00', 'D20']",D00,val,1244
C:\Users\ASUS\Desktop\SLIIT\Year 4\Semester 2\Deep Learning\Assignment\SE4050-Deep-Learning-Assignment\data\train\India\images\India_000416.jpg,India,1,0,0,1,0,['D20'],D20,train,1245
C:\Users\ASUS\Desktop\SLIIT\Year 4\Semester 2\Deep Learning\Assignment\SE4050-Deep-Learning-Assignment\data\train\India\images\India_000421.jpg,India,2,0,0,1,0,['D20'],D20,train,1246
C:\Users\ASUS\Desktop\SLIIT\Year 4\Semester 2\Deep Learning\Assignment\SE4050-Deep-Learning-Assignment\data\train\India\images\India_000424.jpg,India,1,0,0,1,0,['D20'],D20,train,1247
C:\Users\ASUS\Desktop\SLIIT\Year 4\Semester 2\Deep Learning\Assignment\SE4050-Deep-Learning-Assignment\data\train\India\images\India_000427.jpg,India,1,0,0,1,0,['D20'],D20,val,1248
C:\Users\ASUS\Desktop\SLIIT\Year 4\Semester 2\Deep Learning\Assignment\SE4050-Deep-Learning-Assignment\data\train\India\images\India_000428.jpg,India,1,1,0,0,0,['D00'],D00,train,1249
C:\Users\ASUS\Desktop\SLIIT\Year 4\Semester 2\Deep Learning\Assignment\SE4050-Deep-Learning-Assignment\data\train\India\images\India_000431.jpg,India,1,0,0,0,1,['D40'],D40,train,1250
C:\Users\ASUS\Desktop\SLIIT\Year 4\Semester 2\Deep Learning\Assignment\SE4050-Deep-Learning-Assignment\data\train\India\images\India_000432.jpg,India,1,0,0,1,0,['D20'],D20,val,1251
C:\Users\ASUS\Desktop\SLIIT\Year 4\Semester 2\Deep Learning\Assignment\SE4050-Deep-Learning-Assignment\data\train\India\images\India_000436.jpg,India,2,1,0,1,0,"['D00', 'D20']",D00,train,1252
C:\Users\ASUS\Desktop\SLIIT\Year 4\Semester 2\Deep Learning\Assignment\SE4050-Deep-Learning-Assignment\data\train\India\images\India_000438.jpg,India,2,0,0,0,1,['D40'],D40,train,1253
C:\Users\ASUS\Desktop\SLIIT\Year 4\Semester 2\Deep Learning\Assignment\SE4050-Deep-Learning-Assignment\data\train\India\images\India_000439.jpg,India,8,0,0,1,1,"['D20', 'D40']",D20,train,1254
C:\Users\ASUS\Desktop\SLIIT\Year 4\Semester 2\Deep Learning\Assignment\SE4050-Deep-Learning-Assignment\data\train\India\images\India_000440.jpg,India,1,0,0,0,1,['D40'],D40,train,1255
C:\Users\ASUS\Desktop\SLIIT\Year 4\Semester 2\Deep Learning\Assignment\SE4050-Deep-Learning-Assignment\data\train\India\images\India_000446.jpg,India,1,1,0,0,0,['D00'],D00,train,1256
C:\Users\ASUS\Desktop\SLIIT\Year 4\Semester 2\Deep Learning\Assignment\SE4050-Deep-Learning-Assignment\data\train\India\images\India_000448.jpg,India,3,0,0,0,1,['D40'],D40,test,1257
C:\Users\ASUS\Desktop\SLIIT\Year 4\Semester 2\Deep Learning\Assignment\SE4050-Deep-Learning-Assignment\data\train\India\images\India_000455.jpg,India,1,0,0,1,0,['D20'],D20,train,0
C:\Users\ASUS\Desktop\SLIIT\Year 4\Semester 2\Deep Learning\Assignment\SE4050-Deep-Learning-Assignment\data\train\India\images\India_000456.jpg,India,4,1,0,0,1,"['D00', 'D40']",D00,train,1258
C:\Users\ASUS\Desktop\SLIIT\Year 4\Semester 2\Deep Learning\Assignment\SE4050-Deep-Learning-Assignment\data\train\India\images\India_000459.jpg,India,2,0,0,1,0,['D20'],D20,train,1259
C:\Users\ASUS\Desktop\SLIIT\Year 4\Semester 2\Deep Learning\Assignment\SE4050-Deep-Learning-Assignment\data\train\India\images\India_000462.jpg,India,2,1,0,1,0,"['D00', 'D20']",D00,test,1260
C:\Users\ASUS\Desktop\SLIIT\Year 4\Semester 2\Deep Learning\Assignment\SE4050-Deep-Learning-Assignment\data\train\India\images\India_000466.jpg,India,5,0,0,1,1,"['D20', 'D40']",D20,train,1261
C:\Users\ASUS\Desktop\SLIIT\Year 4\Semester 2\Deep Learning\Assignment\SE4050-Deep-Learning-Assignment\data\train\India\images\India_000467.jpg,India,2,0,0,1,0,['D20'],D20,val,1262
C:\Users\ASUS\Desktop\SLIIT\Year 4\Semester 2\Deep Learning\Assignment\SE4050-Deep-Learning-Assignment\data\train\India\images\India_000470.jpg,India,7,0,0,0,1,['D40'],D40,train,1263
C:\Users\ASUS\Desktop\SLIIT\Year 4\Semester 2\Deep Learning\Assignment\SE4050-Deep-Learning-Assignment\data\train\India\images\India_000471.jpg,India,2,0,0,1,0,['D20'],D20,train,1264
C:\Users\ASUS\Desktop\SLIIT\Year 4\Semester 2\Deep Learning\Assignment\SE4050-Deep-Learning-Assignment\data\train\India\images\India_000472.jpg,India,4,1,0,1,1,"['D00', 'D20', 'D40']",D00,train,1265
C:\Users\ASUS\Desktop\SLIIT\Year 4\Semester 2\Deep Learning\Assignment\SE4050-Deep-Learning-Assignment\data\train\India\images\India_000475.jpg,India,5,0,0,1,1,"['D20', 'D40']",D20,val,1266
C:\Users\ASUS\Desktop\SLIIT\Year 4\Semester 2\Deep Learning\Assignment\SE4050-Deep-Learning-Assignment\data\train\India\images\India_000478.jpg,India,2,1,0,0,0,['D00'],D00,train,1267
C:\Users\ASUS\Desktop\SLIIT\Year 4\Semester 2\Deep Learning\Assignment\SE4050-Deep-Learning-Assignment\data\train\India\images\India_000480.jpg,India,2,0,0,1,0,['D20'],D20,train,1268
C:\Users\ASUS\Desktop\SLIIT\Year 4\Semester 2\Deep Learning\Assignment\SE4050-Deep-Learning-Assignment\data\train\India\images\India_000482.jpg,India,2,1,0,0,0,['D00'],D00,val,1
C:\Users\ASUS\Desktop\SLIIT\Year 4\Semester 2\Deep Learning\Assignment\SE4050-Deep-Learning-Assignment\data\train\India\images\India_000483.jpg,India,1,0,0,1,0,['D20'],D20,train,0
C:\Users\ASUS\Desktop\SLIIT\Year 4\Semester 2\Deep Learning\Assignment\SE4050-Deep-Learning-Assignment\data\train\India\images\India_000485.jpg,India,1,0,0,0,1,['D40'],D40,train,1269
C:\Users\ASUS\Desktop\SLIIT\Year 4\Semester 2\Deep Learning\Assignment\SE4050-Deep-Learning-Assignment\data\train\India\images\India_000486.jpg,India,2,0,0,1,1,"['D20', 'D40']",D20,train,7
C:\Users\ASUS\Desktop\SLIIT\Year 4\Semester 2\Deep Learning\Assignment\SE4050-Deep-Learning-Assignment\data\train\India\images\India_000493.jpg,India,1,0,0,1,0,['D20'],D20,test,1270
C:\Users\ASUS\Desktop\SLIIT\Year 4\Semester 2\Deep Learning\Assignment\SE4050-Deep-Learning-Assignment\data\train\India\images\India_000494.jpg,India,2,1,0,0,0,['D00'],D00,train,1271
C:\Users\ASUS\Desktop\SLIIT\Year 4\Semester 2\Deep Learning\Assignment\SE4050-Deep-Learning-Assignment\data\train\India\images\India_000498.jpg,India,1,0,0,1,0,['D20'],D20,test,1272
C:\Users\ASUS\Desktop\SLIIT\Year 4\Semester 2\Deep Learning\Assignment\SE4050-Deep-Learning-Assignment\data\train\India\images\India_000500.jpg,India,1,0,0,1,0,['D20'],D20,train,1273
C:\Users\ASUS\Desktop\SLIIT\Year 4\Semester 2\Deep Learning\Assignment\SE4050-Deep-Learning-Assignment\data\train\India\images\India_000504.jpg,India,1,0,0,1,0,['D20'],D20,test,1274
C:\Users\ASUS\Desktop\SLIIT\Year 4\Semester 2\Deep Learning\Assignment\SE4050-Deep-Learning-Assignment\data\train\India\images\India_000511.jpg,India,2,1,0,0,0,['D00'],D00,train,1275
C:\Users\ASUS\Desktop\SLIIT\Year 4\Semester 2\Deep Learning\Assignment\SE4050-Deep-Learning-Assignment\data\train\India\images\India_000512.jpg,India,1,0,0,1,0,['D20'],D20,test,1276
C:\Users\ASUS\Desktop\SLIIT\Year 4\Semester 2\Deep Learning\Assignment\SE4050-Deep-Learning-Assignment\data\train\India\images\India_000514.jpg,India,2,1,0,1,0,"['D00', 'D20']",D00,test,1277
C:\Users\ASUS\Desktop\SLIIT\Year 4\Semester 2\Deep Learning\Assignment\SE4050-Deep-Learning-Assignment\data\train\India\images\India_000517.jpg,India,5,0,0,1,1,"['D20', 'D40']",D20,train,1278
C:\Users\ASUS\Desktop\SLIIT\Year 4\Semester 2\Deep Learning\Assignment\SE4050-Deep-Learning-Assignment\data\train\India\images\India_000522.jpg,India,2,0,0,1,0,['D20'],D20,train,1279
C:\Users\ASUS\Desktop\SLIIT\Year 4\Semester 2\Deep Learning\Assignment\SE4050-Deep-Learning-Assignment\data\train\India\images\India_000524.jpg,India,3,1,0,1,0,"['D00', 'D20']",D00,train,1280
C:\Users\ASUS\Desktop\SLIIT\Year 4\Semester 2\Deep Learning\Assignment\SE4050-Deep-Learning-Assignment\data\train\India\images\India_000525.jpg,India,2,0,0,1,0,['D20'],D20,train,1281
C:\Users\ASUS\Desktop\SLIIT\Year 4\Semester 2\Deep Learning\Assignment\SE4050-Deep-Learning-Assignment\data\train\India\images\India_000528.jpg,India,2,1,1,0,0,"['D00', 'D10']",D00,train,1282
C:\Users\ASUS\Desktop\SLIIT\Year 4\Semester 2\Deep Learning\Assignment\SE4050-Deep-Learning-Assignment\data\train\India\images\India_000532.jpg,India,2,1,0,0,0,['D00'],D00,test,1283
C:\Users\ASUS\Desktop\SLIIT\Year 4\Semester 2\Deep Learning\Assignment\SE4050-Deep-Learning-Assignment\data\train\India\images\India_000535.jpg,India,1,0,0,0,1,['D40'],D40,val,1284
C:\Users\ASUS\Desktop\SLIIT\Year 4\Semester 2\Deep Learning\Assignment\SE4050-Deep-Learning-Assignment\data\train\India\images\India_000537.jpg,India,10,1,0,1,1,"['D00', 'D20', 'D40']",D00,train,1285
C:\Users\ASUS\Desktop\SLIIT\Year 4\Semester 2\Deep Learning\Assignment\SE4050-Deep-Learning-Assignment\data\train\India\images\India_000542.jpg,India,2,1,0,0,0,['D00'],D00,train,1286
C:\Users\ASUS\Desktop\SLIIT\Year 4\Semester 2\Deep Learning\Assignment\SE4050-Deep-Learning-Assignment\data\train\India\images\India_000544.jpg,India,4,0,0,1,1,"['D20', 'D40']",D20,train,1287
C:\Users\ASUS\Desktop\SLIIT\Year 4\Semester 2\Deep Learning\Assignment\SE4050-Deep-Learning-Assignment\data\train\India\images\India_000545.jpg,India,1,0,0,0,1,['D40'],D40,train,1288
C:\Users\ASUS\Desktop\SLIIT\Year 4\Semester 2\Deep Learning\Assignment\SE4050-Deep-Learning-Assignment\data\train\India\images\India_000548.jpg,India,1,0,0,1,0,['D20'],D20,train,1289
C:\Users\ASUS\Desktop\SLIIT\Year 4\Semester 2\Deep Learning\Assignment\SE4050-Deep-Learning-Assignment\data\train\India\images\India_000552.jpg,India,6,0,0,0,1,['D40'],D40,train,1290
C:\Users\ASUS\Desktop\SLIIT\Year 4\Semester 2\Deep Learning\Assignment\SE4050-Deep-Learning-Assignment\data\train\India\images\India_000555.jpg,India,2,0,0,1,0,['D20'],D20,train,1291
C:\Users\ASUS\Desktop\SLIIT\Year 4\Semester 2\Deep Learning\Assignment\SE4050-Deep-Learning-Assignment\data\train\India\images\India_000556.jpg,India,2,0,0,1,0,['D20'],D20,train,1292
C:\Users\ASUS\Desktop\SLIIT\Year 4\Semester 2\Deep Learning\Assignment\SE4050-Deep-Learning-Assignment\data\train\India\images\India_000557.jpg,India,5,0,0,0,1,['D40'],D40,val,1293
C:\Users\ASUS\Desktop\SLIIT\Year 4\Semester 2\Deep Learning\Assignment\SE4050-Deep-Learning-Assignment\data\train\India\images\India_000560.jpg,India,2,1,0,0,0,['D00'],D00,train,1294
C:\Users\ASUS\Desktop\SLIIT\Year 4\Semester 2\Deep Learning\Assignment\SE4050-Deep-Learning-Assignment\data\train\India\images\India_000561.jpg,India,1,1,0,0,0,['D00'],D00,train,1295
C:\Users\ASUS\Desktop\SLIIT\Year 4\Semester 2\Deep Learning\Assignment\SE4050-Deep-Learning-Assignment\data\train\India\images\India_000562.jpg,India,3,1,0,0,1,"['D00', 'D40']",D00,train,1296
C:\Users\ASUS\Desktop\SLIIT\Year 4\Semester 2\Deep Learning\Assignment\SE4050-Deep-Learning-Assignment\data\train\India\images\India_000563.jpg,India,2,0,0,1,1,"['D20', 'D40']",D20,train,1297
C:\Users\ASUS\Desktop\SLIIT\Year 4\Semester 2\Deep Learning\Assignment\SE4050-Deep-Learning-Assignment\data\train\India\images\India_000575.jpg,India,2,0,0,0,1,['D40'],D40,train,1298
C:\Users\ASUS\Desktop\SLIIT\Year 4\Semester 2\Deep Learning\Assignment\SE4050-Deep-Learning-Assignment\data\train\India\images\India_000576.jpg,India,3,0,0,1,1,"['D20', 'D40']",D20,train,1299
C:\Users\ASUS\Desktop\SLIIT\Year 4\Semester 2\Deep Learning\Assignment\SE4050-Deep-Learning-Assignment\data\train\India\images\India_000578.jpg,India,3,1,0,0,0,['D00'],D00,train,1300
C:\Users\ASUS\Desktop\SLIIT\Year 4\Semester 2\Deep Learning\Assignment\SE4050-Deep-Learning-Assignment\data\train\India\images\India_000579.jpg,India,5,0,0,1,1,"['D20', 'D40']",D20,train,1301
C:\Users\ASUS\Desktop\SLIIT\Year 4\Semester 2\Deep Learning\Assignment\SE4050-Deep-Learning-Assignment\data\train\India\images\India_000580.jpg,India,3,0,0,1,1,"['D20', 'D40']",D20,val,1302
C:\Users\ASUS\Desktop\SLIIT\Year 4\Semester 2\Deep Learning\Assignment\SE4050-Deep-Learning-Assignment\data\train\India\images\India_000581.jpg,India,2,0,0,0,1,['D40'],D40,train,1303
C:\Users\ASUS\Desktop\SLIIT\Year 4\Semester 2\Deep Learning\Assignment\SE4050-Deep-Learning-Assignment\data\train\India\images\India_000582.jpg,India,1,0,0,1,0,['D20'],D20,train,1304
C:\Users\ASUS\Desktop\SLIIT\Year 4\Semester 2\Deep Learning\Assignment\SE4050-Deep-Learning-Assignment\data\train\India\images\India_000586.jpg,India,4,0,0,1,1,"['D20', 'D40']",D20,val,1305
C:\Users\ASUS\Desktop\SLIIT\Year 4\Semester 2\Deep Learning\Assignment\SE4050-Deep-Learning-Assignment\data\train\India\images\India_000589.jpg,India,1,0,1,0,0,['D10'],D10,test,1306
C:\Users\ASUS\Desktop\SLIIT\Year 4\Semester 2\Deep Learning\Assignment\SE4050-Deep-Learning-Assignment\data\train\India\images\India_000590.jpg,India,2,1,0,0,1,"['D00', 'D40']",D00,train,1307
C:\Users\ASUS\Desktop\SLIIT\Year 4\Semester 2\Deep Learning\Assignment\SE4050-Deep-Learning-Assignment\data\train\India\images\India_000591.jpg,India,2,0,0,1,1,"['D20', 'D40']",D20,train,1308
C:\Users\ASUS\Desktop\SLIIT\Year 4\Semester 2\Deep Learning\Assignment\SE4050-Deep-Learning-Assignment\data\train\India\images\India_000592.jpg,India,2,0,0,1,0,['D20'],D20,val,1309
C:\Users\ASUS\Desktop\SLIIT\Year 4\Semester 2\Deep Learning\Assignment\SE4050-Deep-Learning-Assignment\data\train\India\images\India_000595.jpg,India,3,0,0,0,1,['D40'],D40,train,1310
C:\Users\ASUS\Desktop\SLIIT\Year 4\Semester 2\Deep Learning\Assignment\SE4050-Deep-Learning-Assignment\data\train\India\images\India_000596.jpg,India,2,0,0,1,1,"['D20', 'D40']",D20,train,1311
C:\Users\ASUS\Desktop\SLIIT\Year 4\Semester 2\Deep Learning\Assignment\SE4050-Deep-Learning-Assignment\data\train\India\images\India_000597.jpg,India,2,1,0,1,0,"['D00', 'D20']",D00,test,1312
C:\Users\ASUS\Desktop\SLIIT\Year 4\Semester 2\Deep Learning\Assignment\SE4050-Deep-Learning-Assignment\data\train\India\images\India_000599.jpg,India,1,1,0,0,0,['D00'],D00,train,1313
C:\Users\ASUS\Desktop\SLIIT\Year 4\Semester 2\Deep Learning\Assignment\SE4050-Deep-Learning-Assignment\data\train\India\images\India_000601.jpg,India,1,0,0,1,0,['D20'],D20,test,1314
C:\Users\ASUS\Desktop\SLIIT\Year 4\Semester 2\Deep Learning\Assignment\SE4050-Deep-Learning-Assignment\data\train\India\images\India_000603.jpg,India,1,1,0,0,0,['D00'],D00,train,1315
C:\Users\ASUS\Desktop\SLIIT\Year 4\Semester 2\Deep Learning\Assignment\SE4050-Deep-Learning-Assignment\data\train\India\images\India_000605.jpg,India,4,0,0,1,0,['D20'],D20,train,1316
C:\Users\ASUS\Desktop\SLIIT\Year 4\Semester 2\Deep Learning\Assignment\SE4050-Deep-Learning-Assignment\data\train\India\images\India_000609.jpg,India,2,1,0,1,0,"['D00', 'D20']",D00,train,1317
C:\Users\ASUS\Desktop\SLIIT\Year 4\Semester 2\Deep Learning\Assignment\SE4050-Deep-Learning-Assignment\data\train\India\images\India_000611.jpg,India,1,0,0,1,0,['D20'],D20,train,1318
C:\Users\ASUS\Desktop\SLIIT\Year 4\Semester 2\Deep Learning\Assignment\SE4050-Deep-Learning-Assignment\data\train\India\images\India_000612.jpg,India,1,0,0,0,1,['D40'],D40,train,1319
C:\Users\ASUS\Desktop\SLIIT\Year 4\Semester 2\Deep Learning\Assignment\SE4050-Deep-Learning-Assignment\data\train\India\images\India_000614.jpg,India,2,0,0,0,1,['D40'],D40,train,1320
C:\Users\ASUS\Desktop\SLIIT\Year 4\Semester 2\Deep Learning\Assignment\SE4050-Deep-Learning-Assignment\data\train\India\images\India_000617.jpg,India,1,0,0,1,0,['D20'],D20,train,1321
C:\Users\ASUS\Desktop\SLIIT\Year 4\Semester 2\Deep Learning\Assignment\SE4050-Deep-Learning-Assignment\data\train\India\images\India_000618.jpg,India,4,0,0,1,1,"['D20', 'D40']",D20,train,1322
C:\Users\ASUS\Desktop\SLIIT\Year 4\Semester 2\Deep Learning\Assignment\SE4050-Deep-Learning-Assignment\data\train\India\images\India_000622.jpg,India,3,0,0,1,0,['D20'],D20,val,1323
C:\Users\ASUS\Desktop\SLIIT\Year 4\Semester 2\Deep Learning\Assignment\SE4050-Deep-Learning-Assignment\data\train\India\images\India_000627.jpg,India,1,0,0,0,1,['D40'],D40,train,1324
C:\Users\ASUS\Desktop\SLIIT\Year 4\Semester 2\Deep Learning\Assignment\SE4050-Deep-Learning-Assignment\data\train\India\images\India_000628.jpg,India,2,0,0,1,1,"['D20', 'D40']",D20,val,1325
C:\Users\ASUS\Desktop\SLIIT\Year 4\Semester 2\Deep Learning\Assignment\SE4050-Deep-Learning-Assignment\data\train\India\images\India_000630.jpg,India,2,1,0,1,0,"['D00', 'D20']",D00,train,7
C:\Users\ASUS\Desktop\SLIIT\Year 4\Semester 2\Deep Learning\Assignment\SE4050-Deep-Learning-Assignment\data\train\India\images\India_000631.jpg,India,3,0,0,1,1,"['D20', 'D40']",D20,train,1326
C:\Users\ASUS\Desktop\SLIIT\Year 4\Semester 2\Deep Learning\Assignment\SE4050-Deep-Learning-Assignment\data\train\India\images\India_000644.jpg,India,2,1,0,0,1,"['D00', 'D40']",D00,train,1327
C:\Users\ASUS\Desktop\SLIIT\Year 4\Semester 2\Deep Learning\Assignment\SE4050-Deep-Learning-Assignment\data\train\India\images\India_000646.jpg,India,3,1,0,1,1,"['D00', 'D20', 'D40']",D00,train,1328
C:\Users\ASUS\Desktop\SLIIT\Year 4\Semester 2\Deep Learning\Assignment\SE4050-Deep-Learning-Assignment\data\train\India\images\India_000652.jpg,India,6,0,0,1,1,"['D20', 'D40']",D20,test,1329
C:\Users\ASUS\Desktop\SLIIT\Year 4\Semester 2\Deep Learning\Assignment\SE4050-Deep-Learning-Assignment\data\train\India\images\India_000654.jpg,India,1,0,0,0,1,['D40'],D40,train,1330
C:\Users\ASUS\Desktop\SLIIT\Year 4\Semester 2\Deep Learning\Assignment\SE4050-Deep-Learning-Assignment\data\train\India\images\India_000655.jpg,India,1,0,0,1,0,['D20'],D20,train,1331
C:\Users\ASUS\Desktop\SLIIT\Year 4\Semester 2\Deep Learning\Assignment\SE4050-Deep-Learning-Assignment\data\train\India\images\India_000656.jpg,India,1,0,0,1,0,['D20'],D20,val,1332
C:\Users\ASUS\Desktop\SLIIT\Year 4\Semester 2\Deep Learning\Assignment\SE4050-Deep-Learning-Assignment\data\train\India\images\India_000659.jpg,India,7,0,0,1,1,"['D20', 'D40']",D20,test,1333
C:\Users\ASUS\Desktop\SLIIT\Year 4\Semester 2\Deep Learning\Assignment\SE4050-Deep-Learning-Assignment\data\train\India\images\India_000665.jpg,India,4,1,0,1,0,"['D00', 'D20']",D00,test,1334
C:\Users\ASUS\Desktop\SLIIT\Year 4\Semester 2\Deep Learning\Assignment\SE4050-Deep-Learning-Assignment\data\train\India\images\India_000667.jpg,India,1,0,0,1,0,['D20'],D20,train,1335
C:\Users\ASUS\Desktop\SLIIT\Year 4\Semester 2\Deep Learning\Assignment\SE4050-Deep-Learning-Assignment\data\train\India\images\India_000669.jpg,India,4,1,0,1,1,"['D00', 'D20', 'D40']",D00,train,1336
C:\Users\ASUS\Desktop\SLIIT\Year 4\Semester 2\Deep Learning\Assignment\SE4050-Deep-Learning-Assignment\data\train\India\images\India_000676.jpg,India,1,0,0,1,0,['D20'],D20,train,1337
C:\Users\ASUS\Desktop\SLIIT\Year 4\Semester 2\Deep Learning\Assignment\SE4050-Deep-Learning-Assignment\data\train\India\images\India_000678.jpg,India,2,0,0,1,0,['D20'],D20,val,1338
C:\Users\ASUS\Desktop\SLIIT\Year 4\Semester 2\Deep Learning\Assignment\SE4050-Deep-Learning-Assignment\data\train\India\images\India_000680.jpg,India,2,1,0,1,0,"['D00', 'D20']",D00,val,1339
C:\Users\ASUS\Desktop\SLIIT\Year 4\Semester 2\Deep Learning\Assignment\SE4050-Deep-Learning-Assignment\data\train\India\images\India_000682.jpg,India,2,0,0,0,1,['D40'],D40,train,1340
C:\Users\ASUS\Desktop\SLIIT\Year 4\Semester 2\Deep Learning\Assignment\SE4050-Deep-Learning-Assignment\data\train\India\images\India_000683.jpg,India,2,1,0,0,0,['D00'],D00,test,1341
C:\Users\ASUS\Desktop\SLIIT\Year 4\Semester 2\Deep Learning\Assignment\SE4050-Deep-Learning-Assignment\data\train\India\images\India_000684.jpg,India,2,0,0,0,1,['D40'],D40,train,1342
C:\Users\ASUS\Desktop\SLIIT\Year 4\Semester 2\Deep Learning\Assignment\SE4050-Deep-Learning-Assignment\data\train\India\images\India_000685.jpg,India,4,1,0,0,1,"['D00', 'D40']",D00,train,1343
C:\Users\ASUS\Desktop\SLIIT\Year 4\Semester 2\Deep Learning\Assignment\SE4050-Deep-Learning-Assignment\data\train\India\images\India_000688.jpg,India,1,1,0,0,0,['D00'],D00,train,1344
C:\Users\ASUS\Desktop\SLIIT\Year 4\Semester 2\Deep Learning\Assignment\SE4050-Deep-Learning-Assignment\data\train\India\images\India_000690.jpg,India,1,0,0,1,0,['D20'],D20,test,1345
C:\Users\ASUS\Desktop\SLIIT\Year 4\Semester 2\Deep Learning\Assignment\SE4050-Deep-Learning-Assignment\data\train\India\images\India_000700.jpg,India,1,0,0,1,0,['D20'],D20,val,1346
C:\Users\ASUS\Desktop\SLIIT\Year 4\Semester 2\Deep Learning\Assignment\SE4050-Deep-Learning-Assignment\data\train\India\images\India_000701.jpg,India,1,0,0,0,1,['D40'],D40,train,1347
C:\Users\ASUS\Desktop\SLIIT\Year 4\Semester 2\Deep Learning\Assignment\SE4050-Deep-Learning-Assignment\data\train\India\images\India_000702.jpg,India,1,0,0,1,0,['D20'],D20,test,1348
C:\Users\ASUS\Desktop\SLIIT\Year 4\Semester 2\Deep Learning\Assignment\SE4050-Deep-Learning-Assignment\data\train\India\images\India_000705.jpg,India,3,0,0,1,1,"['D20', 'D40']",D20,train,1349
C:\Users\ASUS\Desktop\SLIIT\Year 4\Semester 2\Deep Learning\Assignment\SE4050-Deep-Learning-Assignment\data\train\India\images\India_000710.jpg,India,3,1,0,0,1,"['D00', 'D40']",D00,train,1350
C:\Users\ASUS\Desktop\SLIIT\Year 4\Semester 2\Deep Learning\Assignment\SE4050-Deep-Learning-Assignment\data\train\India\images\India_000714.jpg,India,3,0,0,1,1,"['D20', 'D40']",D20,train,1351
C:\Users\ASUS\Desktop\SLIIT\Year 4\Semester 2\Deep Learning\Assignment\SE4050-Deep-Learning-Assignment\data\train\India\images\India_000715.jpg,India,1,0,0,1,0,['D20'],D20,val,1352
C:\Users\ASUS\Desktop\SLIIT\Year 4\Semester 2\Deep Learning\Assignment\SE4050-Deep-Learning-Assignment\data\train\India\images\India_000718.jpg,India,2,0,0,0,1,['D40'],D40,train,1353
C:\Users\ASUS\Desktop\SLIIT\Year 4\Semester 2\Deep Learning\Assignment\SE4050-Deep-Learning-Assignment\data\train\India\images\India_000724.jpg,India,1,0,0,0,1,['D40'],D40,train,1354
C:\Users\ASUS\Desktop\SLIIT\Year 4\Semester 2\Deep Learning\Assignment\SE4050-Deep-Learning-Assignment\data\train\India\images\India_000726.jpg,India,1,0,0,1,0,['D20'],D20,val,1355
C:\Users\ASUS\Desktop\SLIIT\Year 4\Semester 2\Deep Learning\Assignment\SE4050-Deep-Learning-Assignment\data\train\India\images\India_000729.jpg,India,6,0,0,0,1,['D40'],D40,train,1356
C:\Users\ASUS\Desktop\SLIIT\Year 4\Semester 2\Deep Learning\Assignment\SE4050-Deep-Learning-Assignment\data\train\India\images\India_000730.jpg,India,1,0,0,1,0,['D20'],D20,train,1357
C:\Users\ASUS\Desktop\SLIIT\Year 4\Semester 2\Deep Learning\Assignment\SE4050-Deep-Learning-Assignment\data\train\India\images\India_000731.jpg,India,1,0,0,0,1,['D40'],D40,train,1358
C:\Users\ASUS\Desktop\SLIIT\Year 4\Semester 2\Deep Learning\Assignment\SE4050-Deep-Learning-Assignment\data\train\India\images\India_000732.jpg,India,1,0,0,0,1,['D40'],D40,test,1359
C:\Users\ASUS\Desktop\SLIIT\Year 4\Semester 2\Deep Learning\Assignment\SE4050-Deep-Learning-Assignment\data\train\India\images\India_000735.jpg,India,1,0,0,0,1,['D40'],D40,train,1360
C:\Users\ASUS\Desktop\SLIIT\Year 4\Semester 2\Deep Learning\Assignment\SE4050-Deep-Learning-Assignment\data\train\India\images\India_000739.jpg,India,2,1,0,1,0,"['D00', 'D20']",D00,test,1361
C:\Users\ASUS\Desktop\SLIIT\Year 4\Semester 2\Deep Learning\Assignment\SE4050-Deep-Learning-Assignment\data\train\India\images\India_000740.jpg,India,1,1,0,0,0,['D00'],D00,train,1362
C:\Users\ASUS\Desktop\SLIIT\Year 4\Semester 2\Deep Learning\Assignment\SE4050-Deep-Learning-Assignment\data\train\India\images\India_000742.jpg,India,1,1,0,0,0,['D00'],D00,train,1363
C:\Users\ASUS\Desktop\SLIIT\Year 4\Semester 2\Deep Learning\Assignment\SE4050-Deep-Learning-Assignment\data\train\India\images\India_000743.jpg,India,1,0,0,0,1,['D40'],D40,train,1364
C:\Users\ASUS\Desktop\SLIIT\Year 4\Semester 2\Deep Learning\Assignment\SE4050-Deep-Learning-Assignment\data\train\India\images\India_000744.jpg,India,2,0,0,0,1,['D40'],D40,train,1365
C:\Users\ASUS\Desktop\SLIIT\Year 4\Semester 2\Deep Learning\Assignment\SE4050-Deep-Learning-Assignment\data\train\India\images\India_000745.jpg,India,2,0,0,0,1,['D40'],D40,train,1366
C:\Users\ASUS\Desktop\SLIIT\Year 4\Semester 2\Deep Learning\Assignment\SE4050-Deep-Learning-Assignment\data\train\India\images\India_000746.jpg,India,1,0,0,0,1,['D40'],D40,train,1367
C:\Users\ASUS\Desktop\SLIIT\Year 4\Semester 2\Deep Learning\Assignment\SE4050-Deep-Learning-Assignment\data\train\India\images\India_000747.jpg,India,2,0,0,0,1,['D40'],D40,train,1368
C:\Users\ASUS\Desktop\SLIIT\Year 4\Semester 2\Deep Learning\Assignment\SE4050-Deep-Learning-Assignment\data\train\India\images\India_000756.jpg,India,2,1,0,0,1,"['D00', 'D40']",D00,train,1369
C:\Users\ASUS\Desktop\SLIIT\Year 4\Semester 2\Deep Learning\Assignment\SE4050-Deep-Learning-Assignment\data\train\India\images\India_000759.jpg,India,3,0,0,1,1,"['D20', 'D40']",D20,train,1370
C:\Users\ASUS\Desktop\SLIIT\Year 4\Semester 2\Deep Learning\Assignment\SE4050-Deep-Learning-Assignment\data\train\India\images\India_000760.jpg,India,1,1,0,0,0,['D00'],D00,train,1371
C:\Users\ASUS\Desktop\SLIIT\Year 4\Semester 2\Deep Learning\Assignment\SE4050-Deep-Learning-Assignment\data\train\India\images\India_000765.jpg,India,1,1,0,0,0,['D00'],D00,test,1372
C:\Users\ASUS\Desktop\SLIIT\Year 4\Semester 2\Deep Learning\Assignment\SE4050-Deep-Learning-Assignment\data\train\India\images\India_000768.jpg,India,2,0,0,1,1,"['D20', 'D40']",D20,val,1373
C:\Users\ASUS\Desktop\SLIIT\Year 4\Semester 2\Deep Learning\Assignment\SE4050-Deep-Learning-Assignment\data\train\India\images\India_000770.jpg,India,3,0,0,1,1,"['D20', 'D40']",D20,train,1374
C:\Users\ASUS\Desktop\SLIIT\Year 4\Semester 2\Deep Learning\Assignment\SE4050-Deep-Learning-Assignment\data\train\India\images\India_000771.jpg,India,1,0,0,0,1,['D40'],D40,train,1375
C:\Users\ASUS\Desktop\SLIIT\Year 4\Semester 2\Deep Learning\Assignment\SE4050-Deep-Learning-Assignment\data\train\India\images\India_000773.jpg,India,1,0,0,1,0,['D20'],D20,test,1376
C:\Users\ASUS\Desktop\SLIIT\Year 4\Semester 2\Deep Learning\Assignment\SE4050-Deep-Learning-Assignment\data\train\India\images\India_000775.jpg,India,3,0,0,1,0,['D20'],D20,train,1377
C:\Users\ASUS\Desktop\SLIIT\Year 4\Semester 2\Deep Learning\Assignment\SE4050-Deep-Learning-Assignment\data\train\India\images\India_000776.jpg,India,1,1,0,0,0,['D00'],D00,test,1378
C:\Users\ASUS\Desktop\SLIIT\Year 4\Semester 2\Deep Learning\Assignment\SE4050-Deep-Learning-Assignment\data\train\India\images\India_000780.jpg,India,2,1,0,1,0,"['D00', 'D20']",D00,train,1379
C:\Users\ASUS\Desktop\SLIIT\Year 4\Semester 2\Deep Learning\Assignment\SE4050-Deep-Learning-Assignment\data\train\India\images\India_000781.jpg,India,2,1,0,0,1,"['D00', 'D40']",D00,train,1380
C:\Users\ASUS\Desktop\SLIIT\Year 4\Semester 2\Deep Learning\Assignment\SE4050-Deep-Learning-Assignment\data\train\India\images\India_000782.jpg,India,1,0,0,1,0,['D20'],D20,train,1381
C:\Users\ASUS\Desktop\SLIIT\Year 4\Semester 2\Deep Learning\Assignment\SE4050-Deep-Learning-Assignment\data\train\India\images\India_000785.jpg,India,2,0,0,1,1,"['D20', 'D40']",D20,train,1382
C:\Users\ASUS\Desktop\SLIIT\Year 4\Semester 2\Deep Learning\Assignment\SE4050-Deep-Learning-Assignment\data\train\India\images\India_000788.jpg,India,2,0,0,1,0,['D20'],D20,train,1383
C:\Users\ASUS\Desktop\SLIIT\Year 4\Semester 2\Deep Learning\Assignment\SE4050-Deep-Learning-Assignment\data\train\India\images\India_000791.jpg,India,3,1,0,1,0,"['D00', 'D20']",D00,train,1384
C:\Users\ASUS\Desktop\SLIIT\Year 4\Semester 2\Deep Learning\Assignment\SE4050-Deep-Learning-Assignment\data\train\India\images\India_000796.jpg,India,1,1,0,0,0,['D00'],D00,train,1385
C:\Users\ASUS\Desktop\SLIIT\Year 4\Semester 2\Deep Learning\Assignment\SE4050-Deep-Learning-Assignment\data\train\India\images\India_000797.jpg,India,1,0,0,0,1,['D40'],D40,train,1386
C:\Users\ASUS\Desktop\SLIIT\Year 4\Semester 2\Deep Learning\Assignment\SE4050-Deep-Learning-Assignment\data\train\India\images\India_000798.jpg,India,3,1,0,0,0,['D00'],D00,train,1387
C:\Users\ASUS\Desktop\SLIIT\Year 4\Semester 2\Deep Learning\Assignment\SE4050-Deep-Learning-Assignment\data\train\India\images\India_000802.jpg,India,1,0,0,0,1,['D40'],D40,train,1388
C:\Users\ASUS\Desktop\SLIIT\Year 4\Semester 2\Deep Learning\Assignment\SE4050-Deep-Learning-Assignment\data\train\India\images\India_000808.jpg,India,5,0,0,1,1,"['D20', 'D40']",D20,train,1389
C:\Users\ASUS\Desktop\SLIIT\Year 4\Semester 2\Deep Learning\Assignment\SE4050-Deep-Learning-Assignment\data\train\India\images\India_000811.jpg,India,2,0,0,1,0,['D20'],D20,test,1390
C:\Users\ASUS\Desktop\SLIIT\Year 4\Semester 2\Deep Learning\Assignment\SE4050-Deep-Learning-Assignment\data\train\India\images\India_000812.jpg,India,4,0,0,0,1,['D40'],D40,test,1391
C:\Users\ASUS\Desktop\SLIIT\Year 4\Semester 2\Deep Learning\Assignment\SE4050-Deep-Learning-Assignment\data\train\India\images\India_000815.jpg,India,2,0,0,1,0,['D20'],D20,val,1392
C:\Users\ASUS\Desktop\SLIIT\Year 4\Semester 2\Deep Learning\Assignment\SE4050-Deep-Learning-Assignment\data\train\India\images\India_000816.jpg,India,1,1,0,0,0,['D00'],D00,train,1393
C:\Users\ASUS\Desktop\SLIIT\Year 4\Semester 2\Deep Learning\Assignment\SE4050-Deep-Learning-Assignment\data\train\India\images\India_000822.jpg,India,2,0,0,0,1,['D40'],D40,train,1394
C:\Users\ASUS\Desktop\SLIIT\Year 4\Semester 2\Deep Learning\Assignment\SE4050-Deep-Learning-Assignment\data\train\India\images\India_000823.jpg,India,1,0,0,0,1,['D40'],D40,train,1395
C:\Users\ASUS\Desktop\SLIIT\Year 4\Semester 2\Deep Learning\Assignment\SE4050-Deep-Learning-Assignment\data\train\India\images\India_000825.jpg,India,1,0,0,0,1,['D40'],D40,train,1396
C:\Users\ASUS\Desktop\SLIIT\Year 4\Semester 2\Deep Learning\Assignment\SE4050-Deep-Learning-Assignment\data\train\India\images\India_000830.jpg,India,2,0,0,1,0,['D20'],D20,val,1397
C:\Users\ASUS\Desktop\SLIIT\Year 4\Semester 2\Deep Learning\Assignment\SE4050-Deep-Learning-Assignment\data\train\India\images\India_000831.jpg,India,1,0,0,0,1,['D40'],D40,train,1398
C:\Users\ASUS\Desktop\SLIIT\Year 4\Semester 2\Deep Learning\Assignment\SE4050-Deep-Learning-Assignment\data\train\India\images\India_000833.jpg,India,2,1,0,0,0,['D00'],D00,train,1399
C:\Users\ASUS\Desktop\SLIIT\Year 4\Semester 2\Deep Learning\Assignment\SE4050-Deep-Learning-Assignment\data\train\India\images\India_000839.jpg,India,2,1,0,1,0,"['D00', 'D20']",D00,train,1400
C:\Users\ASUS\Desktop\SLIIT\Year 4\Semester 2\Deep Learning\Assignment\SE4050-Deep-Learning-Assignment\data\train\India\images\India_000840.jpg,India,1,0,0,0,1,['D40'],D40,train,1401
C:\Users\ASUS\Desktop\SLIIT\Year 4\Semester 2\Deep Learning\Assignment\SE4050-Deep-Learning-Assignment\data\train\India\images\India_000846.jpg,India,1,0,0,0,1,['D40'],D40,train,1402
C:\Users\ASUS\Desktop\SLIIT\Year 4\Semester 2\Deep Learning\Assignment\SE4050-Deep-Learning-Assignment\data\train\India\images\India_000848.jpg,India,4,0,0,1,1,"['D20', 'D40']",D20,train,26
C:\Users\ASUS\Desktop\SLIIT\Year 4\Semester 2\Deep Learning\Assignment\SE4050-Deep-Learning-Assignment\data\train\India\images\India_000849.jpg,India,2,0,0,1,0,['D20'],D20,train,1403
C:\Users\ASUS\Desktop\SLIIT\Year 4\Semester 2\Deep Learning\Assignment\SE4050-Deep-Learning-Assignment\data\train\India\images\India_000850.jpg,India,3,0,0,1,0,['D20'],D20,test,1404
C:\Users\ASUS\Desktop\SLIIT\Year 4\Semester 2\Deep Learning\Assignment\SE4050-Deep-Learning-Assignment\data\train\India\images\India_000852.jpg,India,1,0,0,1,0,['D20'],D20,test,1405
C:\Users\ASUS\Desktop\SLIIT\Year 4\Semester 2\Deep Learning\Assignment\SE4050-Deep-Learning-Assignment\data\train\India\images\India_000853.jpg,India,3,0,0,0,1,['D40'],D40,train,1406
C:\Users\ASUS\Desktop\SLIIT\Year 4\Semester 2\Deep Learning\Assignment\SE4050-Deep-Learning-Assignment\data\train\India\images\India_000855.jpg,India,5,0,0,0,1,['D40'],D40,val,1407
C:\Users\ASUS\Desktop\SLIIT\Year 4\Semester 2\Deep Learning\Assignment\SE4050-Deep-Learning-Assignment\data\train\India\images\India_000856.jpg,India,1,0,0,1,0,['D20'],D20,train,1408
C:\Users\ASUS\Desktop\SLIIT\Year 4\Semester 2\Deep Learning\Assignment\SE4050-Deep-Learning-Assignment\data\train\India\images\India_000857.jpg,India,3,0,0,0,1,['D40'],D40,train,1409
C:\Users\ASUS\Desktop\SLIIT\Year 4\Semester 2\Deep Learning\Assignment\SE4050-Deep-Learning-Assignment\data\train\India\images\India_000860.jpg,India,1,0,0,1,0,['D20'],D20,train,1410
C:\Users\ASUS\Desktop\SLIIT\Year 4\Semester 2\Deep Learning\Assignment\SE4050-Deep-Learning-Assignment\data\train\India\images\India_000861.jpg,India,1,0,0,1,0,['D20'],D20,test,1411
C:\Users\ASUS\Desktop\SLIIT\Year 4\Semester 2\Deep Learning\Assignment\SE4050-Deep-Learning-Assignment\data\train\India\images\India_000862.jpg,India,6,1,1,0,1,"['D00', 'D10', 'D40']",D00,val,1412
C:\Users\ASUS\Desktop\SLIIT\Year 4\Semester 2\Deep Learning\Assignment\SE4050-Deep-Learning-Assignment\data\train\India\images\India_000864.jpg,India,2,0,0,0,1,['D40'],D40,train,1413
C:\Users\ASUS\Desktop\SLIIT\Year 4\Semester 2\Deep Learning\Assignment\SE4050-Deep-Learning-Assignment\data\train\India\images\India_000873.jpg,India,2,0,0,0,1,['D40'],D40,train,1414
C:\Users\ASUS\Desktop\SLIIT\Year 4\Semester 2\Deep Learning\Assignment\SE4050-Deep-Learning-Assignment\data\train\India\images\India_000874.jpg,India,4,1,0,0,0,['D00'],D00,train,1415
C:\Users\ASUS\Desktop\SLIIT\Year 4\Semester 2\Deep Learning\Assignment\SE4050-Deep-Learning-Assignment\data\train\India\images\India_000879.jpg,India,2,0,0,1,0,['D20'],D20,test,1416
C:\Users\ASUS\Desktop\SLIIT\Year 4\Semester 2\Deep Learning\Assignment\SE4050-Deep-Learning-Assignment\data\train\India\images\India_000884.jpg,India,2,1,0,1,0,"['D00', 'D20']",D00,val,1417
C:\Users\ASUS\Desktop\SLIIT\Year 4\Semester 2\Deep Learning\Assignment\SE4050-Deep-Learning-Assignment\data\train\India\images\India_000891.jpg,India,1,0,0,1,0,['D20'],D20,train,0
C:\Users\ASUS\Desktop\SLIIT\Year 4\Semester 2\Deep Learning\Assignment\SE4050-Deep-Learning-Assignment\data\train\India\images\India_000892.jpg,India,4,0,0,1,0,['D20'],D20,test,1418
C:\Users\ASUS\Desktop\SLIIT\Year 4\Semester 2\Deep Learning\Assignment\SE4050-Deep-Learning-Assignment\data\train\India\images\India_000893.jpg,India,2,0,0,1,1,"['D20', 'D40']",D20,train,1419
C:\Users\ASUS\Desktop\SLIIT\Year 4\Semester 2\Deep Learning\Assignment\SE4050-Deep-Learning-Assignment\data\train\India\images\India_000895.jpg,India,1,0,0,1,0,['D20'],D20,train,1420
C:\Users\ASUS\Desktop\SLIIT\Year 4\Semester 2\Deep Learning\Assignment\SE4050-Deep-Learning-Assignment\data\train\India\images\India_000896.jpg,India,2,0,0,1,0,['D20'],D20,test,1421
C:\Users\ASUS\Desktop\SLIIT\Year 4\Semester 2\Deep Learning\Assignment\SE4050-Deep-Learning-Assignment\data\train\India\images\India_000905.jpg,India,1,1,0,0,0,['D00'],D00,train,1422
C:\Users\ASUS\Desktop\SLIIT\Year 4\Semester 2\Deep Learning\Assignment\SE4050-Deep-Learning-Assignment\data\train\India\images\India_000910.jpg,India,1,0,0,1,0,['D20'],D20,train,1423
C:\Users\ASUS\Desktop\SLIIT\Year 4\Semester 2\Deep Learning\Assignment\SE4050-Deep-Learning-Assignment\data\train\India\images\India_000914.jpg,India,7,0,0,1,1,"['D20', 'D40']",D20,train,1424
C:\Users\ASUS\Desktop\SLIIT\Year 4\Semester 2\Deep Learning\Assignment\SE4050-Deep-Learning-Assignment\data\train\India\images\India_000915.jpg,India,2,0,0,1,1,"['D20', 'D40']",D20,train,1425
C:\Users\ASUS\Desktop\SLIIT\Year 4\Semester 2\Deep Learning\Assignment\SE4050-Deep-Learning-Assignment\data\train\India\images\India_000917.jpg,India,3,0,0,1,0,['D20'],D20,train,1426
C:\Users\ASUS\Desktop\SLIIT\Year 4\Semester 2\Deep Learning\Assignment\SE4050-Deep-Learning-Assignment\data\train\India\images\India_000919.jpg,India,3,0,0,1,0,['D20'],D20,train,1427
C:\Users\ASUS\Desktop\SLIIT\Year 4\Semester 2\Deep Learning\Assignment\SE4050-Deep-Learning-Assignment\data\train\India\images\India_000921.jpg,India,1,0,0,0,1,['D40'],D40,val,1428
C:\Users\ASUS\Desktop\SLIIT\Year 4\Semester 2\Deep Learning\Assignment\SE4050-Deep-Learning-Assignment\data\train\India\images\India_000922.jpg,India,1,0,0,1,0,['D20'],D20,test,1429
C:\Users\ASUS\Desktop\SLIIT\Year 4\Semester 2\Deep Learning\Assignment\SE4050-Deep-Learning-Assignment\data\train\India\images\India_000923.jpg,India,1,0,0,0,1,['D40'],D40,val,1430
C:\Users\ASUS\Desktop\SLIIT\Year 4\Semester 2\Deep Learning\Assignment\SE4050-Deep-Learning-Assignment\data\train\India\images\India_000931.jpg,India,1,0,0,0,1,['D40'],D40,test,1431
C:\Users\ASUS\Desktop\SLIIT\Year 4\Semester 2\Deep Learning\Assignment\SE4050-Deep-Learning-Assignment\data\train\India\images\India_000932.jpg,India,1,0,0,1,0,['D20'],D20,train,1432
C:\Users\ASUS\Desktop\SLIIT\Year 4\Semester 2\Deep Learning\Assignment\SE4050-Deep-Learning-Assignment\data\train\India\images\India_000933.jpg,India,3,0,0,1,0,['D20'],D20,val,1433
C:\Users\ASUS\Desktop\SLIIT\Year 4\Semester 2\Deep Learning\Assignment\SE4050-Deep-Learning-Assignment\data\train\India\images\India_000935.jpg,India,2,0,0,0,1,['D40'],D40,train,1434
C:\Users\ASUS\Desktop\SLIIT\Year 4\Semester 2\Deep Learning\Assignment\SE4050-Deep-Learning-Assignment\data\train\India\images\India_000936.jpg,India,1,0,0,1,0,['D20'],D20,train,1435
C:\Users\ASUS\Desktop\SLIIT\Year 4\Semester 2\Deep Learning\Assignment\SE4050-Deep-Learning-Assignment\data\train\India\images\India_000940.jpg,India,1,0,0,1,0,['D20'],D20,train,27
C:\Users\ASUS\Desktop\SLIIT\Year 4\Semester 2\Deep Learning\Assignment\SE4050-Deep-Learning-Assignment\data\train\India\images\India_000942.jpg,India,1,0,0,0,1,['D40'],D40,val,1436
C:\Users\ASUS\Desktop\SLIIT\Year 4\Semester 2\Deep Learning\Assignment\SE4050-Deep-Learning-Assignment\data\train\India\images\India_000944.jpg,India,4,0,0,1,1,"['D20', 'D40']",D20,test,1437
C:\Users\ASUS\Desktop\SLIIT\Year 4\Semester 2\Deep Learning\Assignment\SE4050-Deep-Learning-Assignment\data\train\India\images\India_000945.jpg,India,4,0,0,0,1,['D40'],D40,test,1438
C:\Users\ASUS\Desktop\SLIIT\Year 4\Semester 2\Deep Learning\Assignment\SE4050-Deep-Learning-Assignment\data\train\India\images\India_000946.jpg,India,2,1,0,0,1,"['D00', 'D40']",D00,val,1439
C:\Users\ASUS\Desktop\SLIIT\Year 4\Semester 2\Deep Learning\Assignment\SE4050-Deep-Learning-Assignment\data\train\India\images\India_000948.jpg,India,1,0,0,1,0,['D20'],D20,val,1440
C:\Users\ASUS\Desktop\SLIIT\Year 4\Semester 2\Deep Learning\Assignment\SE4050-Deep-Learning-Assignment\data\train\India\images\India_000949.jpg,India,2,1,0,1,0,"['D00', 'D20']",D00,val,1441
C:\Users\ASUS\Desktop\SLIIT\Year 4\Semester 2\Deep Learning\Assignment\SE4050-Deep-Learning-Assignment\data\train\India\images\India_000952.jpg,India,1,0,0,1,0,['D20'],D20,train,1442
C:\Users\ASUS\Desktop\SLIIT\Year 4\Semester 2\Deep Learning\Assignment\SE4050-Deep-Learning-Assignment\data\train\India\images\India_000955.jpg,India,2,0,0,1,0,['D20'],D20,train,1443
C:\Users\ASUS\Desktop\SLIIT\Year 4\Semester 2\Deep Learning\Assignment\SE4050-Deep-Learning-Assignment\data\train\India\images\India_000963.jpg,India,5,0,0,0,1,['D40'],D40,test,1444
C:\Users\ASUS\Desktop\SLIIT\Year 4\Semester 2\Deep Learning\Assignment\SE4050-Deep-Learning-Assignment\data\train\India\images\India_000964.jpg,India,3,1,0,0,0,['D00'],D00,val,1445
C:\Users\ASUS\Desktop\SLIIT\Year 4\Semester 2\Deep Learning\Assignment\SE4050-Deep-Learning-Assignment\data\train\India\images\India_000965.jpg,India,1,0,0,1,0,['D20'],D20,train,1446
C:\Users\ASUS\Desktop\SLIIT\Year 4\Semester 2\Deep Learning\Assignment\SE4050-Deep-Learning-Assignment\data\train\India\images\India_000969.jpg,India,2,0,0,0,1,['D40'],D40,train,1447
C:\Users\ASUS\Desktop\SLIIT\Year 4\Semester 2\Deep Learning\Assignment\SE4050-Deep-Learning-Assignment\data\train\India\images\India_000970.jpg,India,3,0,0,1,1,"['D20', 'D40']",D20,train,1448
C:\Users\ASUS\Desktop\SLIIT\Year 4\Semester 2\Deep Learning\Assignment\SE4050-Deep-Learning-Assignment\data\train\India\images\India_000971.jpg,India,1,0,0,1,0,['D20'],D20,val,1449
C:\Users\ASUS\Desktop\SLIIT\Year 4\Semester 2\Deep Learning\Assignment\SE4050-Deep-Learning-Assignment\data\train\India\images\India_000976.jpg,India,1,0,0,1,0,['D20'],D20,train,1450
C:\Users\ASUS\Desktop\SLIIT\Year 4\Semester 2\Deep Learning\Assignment\SE4050-Deep-Learning-Assignment\data\train\India\images\India_000977.jpg,India,1,0,0,0,1,['D40'],D40,test,1451
C:\Users\ASUS\Desktop\SLIIT\Year 4\Semester 2\Deep Learning\Assignment\SE4050-Deep-Learning-Assignment\data\train\India\images\India_000979.jpg,India,2,0,0,0,1,['D40'],D40,test,1452
C:\Users\ASUS\Desktop\SLIIT\Year 4\Semester 2\Deep Learning\Assignment\SE4050-Deep-Learning-Assignment\data\train\India\images\India_000981.jpg,India,2,1,0,0,1,"['D00', 'D40']",D00,train,1453
C:\Users\ASUS\Desktop\SLIIT\Year 4\Semester 2\Deep Learning\Assignment\SE4050-Deep-Learning-Assignment\data\train\India\images\India_000991.jpg,India,2,0,0,1,0,['D20'],D20,train,0
C:\Users\ASUS\Desktop\SLIIT\Year 4\Semester 2\Deep Learning\Assignment\SE4050-Deep-Learning-Assignment\data\train\India\images\India_000993.jpg,India,2,0,0,0,1,['D40'],D40,train,1454
C:\Users\ASUS\Desktop\SLIIT\Year 4\Semester 2\Deep Learning\Assignment\SE4050-Deep-Learning-Assignment\data\train\India\images\India_000994.jpg,India,9,0,0,1,1,"['D20', 'D40']",D20,test,1455
C:\Users\ASUS\Desktop\SLIIT\Year 4\Semester 2\Deep Learning\Assignment\SE4050-Deep-Learning-Assignment\data\train\India\images\India_000996.jpg,India,3,1,0,0,1,"['D00', 'D40']",D00,train,1456
C:\Users\ASUS\Desktop\SLIIT\Year 4\Semester 2\Deep Learning\Assignment\SE4050-Deep-Learning-Assignment\data\train\India\images\India_000997.jpg,India,1,0,0,0,1,['D40'],D40,train,1457
C:\Users\ASUS\Desktop\SLIIT\Year 4\Semester 2\Deep Learning\Assignment\SE4050-Deep-Learning-Assignment\data\train\India\images\India_001000.jpg,India,2,0,0,1,0,['D20'],D20,train,1458
C:\Users\ASUS\Desktop\SLIIT\Year 4\Semester 2\Deep Learning\Assignment\SE4050-Deep-Learning-Assignment\data\train\India\images\India_001001.jpg,India,3,0,0,1,0,['D20'],D20,train,1459
C:\Users\ASUS\Desktop\SLIIT\Year 4\Semester 2\Deep Learning\Assignment\SE4050-Deep-Learning-Assignment\data\train\India\images\India_001002.jpg,India,1,1,0,0,0,['D00'],D00,train,1460
C:\Users\ASUS\Desktop\SLIIT\Year 4\Semester 2\Deep Learning\Assignment\SE4050-Deep-Learning-Assignment\data\train\India\images\India_001003.jpg,India,1,0,0,1,0,['D20'],D20,train,1461
C:\Users\ASUS\Desktop\SLIIT\Year 4\Semester 2\Deep Learning\Assignment\SE4050-Deep-Learning-Assignment\data\train\India\images\India_001004.jpg,India,7,1,0,1,0,"['D00', 'D20']",D00,train,1462
C:\Users\ASUS\Desktop\SLIIT\Year 4\Semester 2\Deep Learning\Assignment\SE4050-Deep-Learning-Assignment\data\train\India\images\India_001005.jpg,India,2,0,0,0,1,['D40'],D40,val,28
C:\Users\ASUS\Desktop\SLIIT\Year 4\Semester 2\Deep Learning\Assignment\SE4050-Deep-Learning-Assignment\data\train\India\images\India_001006.jpg,India,4,0,0,0,1,['D40'],D40,val,1463
C:\Users\ASUS\Desktop\SLIIT\Year 4\Semester 2\Deep Learning\Assignment\SE4050-Deep-Learning-Assignment\data\train\India\images\India_001007.jpg,India,1,0,0,0,1,['D40'],D40,train,1464
C:\Users\ASUS\Desktop\SLIIT\Year 4\Semester 2\Deep Learning\Assignment\SE4050-Deep-Learning-Assignment\data\train\India\images\India_001008.jpg,India,1,0,0,0,1,['D40'],D40,train,1465
C:\Users\ASUS\Desktop\SLIIT\Year 4\Semester 2\Deep Learning\Assignment\SE4050-Deep-Learning-Assignment\data\train\India\images\India_001012.jpg,India,2,0,0,1,1,"['D20', 'D40']",D20,train,1466
C:\Users\ASUS\Desktop\SLIIT\Year 4\Semester 2\Deep Learning\Assignment\SE4050-Deep-Learning-Assignment\data\train\India\images\India_001015.jpg,India,1,0,0,1,0,['D20'],D20,train,1467
C:\Users\ASUS\Desktop\SLIIT\Year 4\Semester 2\Deep Learning\Assignment\SE4050-Deep-Learning-Assignment\data\train\India\images\India_001017.jpg,India,2,0,0,1,0,['D20'],D20,train,1468
C:\Users\ASUS\Desktop\SLIIT\Year 4\Semester 2\Deep Learning\Assignment\SE4050-Deep-Learning-Assignment\data\train\India\images\India_001023.jpg,India,1,0,0,1,0,['D20'],D20,train,1469
C:\Users\ASUS\Desktop\SLIIT\Year 4\Semester 2\Deep Learning\Assignment\SE4050-Deep-Learning-Assignment\data\train\India\images\India_001027.jpg,India,3,1,0,1,0,"['D00', 'D20']",D00,val,1470
C:\Users\ASUS\Desktop\SLIIT\Year 4\Semester 2\Deep Learning\Assignment\SE4050-Deep-Learning-Assignment\data\train\India\images\India_001030.jpg,India,1,0,0,1,0,['D20'],D20,train,1471
C:\Users\ASUS\Desktop\SLIIT\Year 4\Semester 2\Deep Learning\Assignment\SE4050-Deep-Learning-Assignment\data\train\India\images\India_001037.jpg,India,3,0,0,1,1,"['D20', 'D40']",D20,train,1472
C:\Users\ASUS\Desktop\SLIIT\Year 4\Semester 2\Deep Learning\Assignment\SE4050-Deep-Learning-Assignment\data\train\India\images\India_001038.jpg,India,7,1,0,1,1,"['D00', 'D20', 'D40']",D00,test,1473
C:\Users\ASUS\Desktop\SLIIT\Year 4\Semester 2\Deep Learning\Assignment\SE4050-Deep-Learning-Assignment\data\train\India\images\India_001041.jpg,India,1,1,0,0,0,['D00'],D00,train,1474
C:\Users\ASUS\Desktop\SLIIT\Year 4\Semester 2\Deep Learning\Assignment\SE4050-Deep-Learning-Assignment\data\train\India\images\India_001042.jpg,India,2,0,0,1,0,['D20'],D20,train,1475
C:\Users\ASUS\Desktop\SLIIT\Year 4\Semester 2\Deep Learning\Assignment\SE4050-Deep-Learning-Assignment\data\train\India\images\India_001046.jpg,India,2,0,0,1,0,['D20'],D20,train,1476
C:\Users\ASUS\Desktop\SLIIT\Year 4\Semester 2\Deep Learning\Assignment\SE4050-Deep-Learning-Assignment\data\train\India\images\India_001049.jpg,India,2,0,0,0,1,['D40'],D40,train,1477
C:\Users\ASUS\Desktop\SLIIT\Year 4\Semester 2\Deep Learning\Assignment\SE4050-Deep-Learning-Assignment\data\train\India\images\India_001051.jpg,India,7,0,0,0,1,['D40'],D40,train,1478
C:\Users\ASUS\Desktop\SLIIT\Year 4\Semester 2\Deep Learning\Assignment\SE4050-Deep-Learning-Assignment\data\train\India\images\India_001053.jpg,India,2,0,0,1,1,"['D20', 'D40']",D20,train,1479
C:\Users\ASUS\Desktop\SLIIT\Year 4\Semester 2\Deep Learning\Assignment\SE4050-Deep-Learning-Assignment\data\train\India\images\India_001056.jpg,India,3,1,0,0,1,"['D00', 'D40']",D00,train,1480
C:\Users\ASUS\Desktop\SLIIT\Year 4\Semester 2\Deep Learning\Assignment\SE4050-Deep-Learning-Assignment\data\train\India\images\India_001058.jpg,India,1,0,0,0,1,['D40'],D40,test,1481
C:\Users\ASUS\Desktop\SLIIT\Year 4\Semester 2\Deep Learning\Assignment\SE4050-Deep-Learning-Assignment\data\train\India\images\India_001059.jpg,India,1,0,0,1,0,['D20'],D20,train,1482
C:\Users\ASUS\Desktop\SLIIT\Year 4\Semester 2\Deep Learning\Assignment\SE4050-Deep-Learning-Assignment\data\train\India\images\India_001066.jpg,India,1,1,0,0,0,['D00'],D00,train,1483
C:\Users\ASUS\Desktop\SLIIT\Year 4\Semester 2\Deep Learning\Assignment\SE4050-Deep-Learning-Assignment\data\train\India\images\India_001068.jpg,India,2,1,0,1,0,"['D00', 'D20']",D00,train,1484
C:\Users\ASUS\Desktop\SLIIT\Year 4\Semester 2\Deep Learning\Assignment\SE4050-Deep-Learning-Assignment\data\train\India\images\India_001069.jpg,India,3,1,0,0,1,"['D00', 'D40']",D00,train,1485
C:\Users\ASUS\Desktop\SLIIT\Year 4\Semester 2\Deep Learning\Assignment\SE4050-Deep-Learning-Assignment\data\train\India\images\India_001076.jpg,India,2,0,0,1,0,['D20'],D20,train,1486
C:\Users\ASUS\Desktop\SLIIT\Year 4\Semester 2\Deep Learning\Assignment\SE4050-Deep-Learning-Assignment\data\train\India\images\India_001077.jpg,India,1,1,0,0,0,['D00'],D00,val,1487
C:\Users\ASUS\Desktop\SLIIT\Year 4\Semester 2\Deep Learning\Assignment\SE4050-Deep-Learning-Assignment\data\train\India\images\India_001085.jpg,India,2,1,0,1,0,"['D00', 'D20']",D00,train,1488
C:\Users\ASUS\Desktop\SLIIT\Year 4\Semester 2\Deep Learning\Assignment\SE4050-Deep-Learning-Assignment\data\train\India\images\India_001088.jpg,India,1,0,0,0,1,['D40'],D40,test,1489
C:\Users\ASUS\Desktop\SLIIT\Year 4\Semester 2\Deep Learning\Assignment\SE4050-Deep-Learning-Assignment\data\train\India\images\India_001090.jpg,India,1,1,0,0,0,['D00'],D00,val,1490
C:\Users\ASUS\Desktop\SLIIT\Year 4\Semester 2\Deep Learning\Assignment\SE4050-Deep-Learning-Assignment\data\train\India\images\India_001094.jpg,India,2,0,1,1,0,"['D10', 'D20']",D10,test,1491
C:\Users\ASUS\Desktop\SLIIT\Year 4\Semester 2\Deep Learning\Assignment\SE4050-Deep-Learning-Assignment\data\train\India\images\India_001095.jpg,India,1,0,0,1,0,['D20'],D20,train,1492
C:\Users\ASUS\Desktop\SLIIT\Year 4\Semester 2\Deep Learning\Assignment\SE4050-Deep-Learning-Assignment\data\train\India\images\India_001098.jpg,India,1,0,0,1,0,['D20'],D20,train,1493
C:\Users\ASUS\Desktop\SLIIT\Year 4\Semester 2\Deep Learning\Assignment\SE4050-Deep-Learning-Assignment\data\train\India\images\India_001101.jpg,India,2,0,0,1,1,"['D20', 'D40']",D20,test,1494
C:\Users\ASUS\Desktop\SLIIT\Year 4\Semester 2\Deep Learning\Assignment\SE4050-Deep-Learning-Assignment\data\train\India\images\India_001103.jpg,India,2,1,0,0,1,"['D00', 'D40']",D00,train,1495
C:\Users\ASUS\Desktop\SLIIT\Year 4\Semester 2\Deep Learning\Assignment\SE4050-Deep-Learning-Assignment\data\train\India\images\India_001104.jpg,India,1,0,0,1,0,['D20'],D20,val,1496
C:\Users\ASUS\Desktop\SLIIT\Year 4\Semester 2\Deep Learning\Assignment\SE4050-Deep-Learning-Assignment\data\train\India\images\India_001105.jpg,India,1,0,0,0,1,['D40'],D40,train,1497
C:\Users\ASUS\Desktop\SLIIT\Year 4\Semester 2\Deep Learning\Assignment\SE4050-Deep-Learning-Assignment\data\train\India\images\India_001111.jpg,India,1,0,0,1,0,['D20'],D20,train,1498
C:\Users\ASUS\Desktop\SLIIT\Year 4\Semester 2\Deep Learning\Assignment\SE4050-Deep-Learning-Assignment\data\train\India\images\India_001112.jpg,India,3,0,0,0,1,['D40'],D40,train,1499
C:\Users\ASUS\Desktop\SLIIT\Year 4\Semester 2\Deep Learning\Assignment\SE4050-Deep-Learning-Assignment\data\train\India\images\India_001114.jpg,India,3,1,0,0,1,"['D00', 'D40']",D00,train,1500
C:\Users\ASUS\Desktop\SLIIT\Year 4\Semester 2\Deep Learning\Assignment\SE4050-Deep-Learning-Assignment\data\train\India\images\India_001115.jpg,India,1,1,0,0,0,['D00'],D00,train,1501
C:\Users\ASUS\Desktop\SLIIT\Year 4\Semester 2\Deep Learning\Assignment\SE4050-Deep-Learning-Assignment\data\train\India\images\India_001121.jpg,India,2,1,0,0,1,"['D00', 'D40']",D00,train,1502
C:\Users\ASUS\Desktop\SLIIT\Year 4\Semester 2\Deep Learning\Assignment\SE4050-Deep-Learning-Assignment\data\train\India\images\India_001122.jpg,India,4,0,0,1,1,"['D20', 'D40']",D20,val,1503
C:\Users\ASUS\Desktop\SLIIT\Year 4\Semester 2\Deep Learning\Assignment\SE4050-Deep-Learning-Assignment\data\train\India\images\India_001123.jpg,India,1,0,0,1,0,['D20'],D20,test,1504
C:\Users\ASUS\Desktop\SLIIT\Year 4\Semester 2\Deep Learning\Assignment\SE4050-Deep-Learning-Assignment\data\train\India\images\India_001125.jpg,India,2,0,0,0,1,['D40'],D40,train,1505
C:\Users\ASUS\Desktop\SLIIT\Year 4\Semester 2\Deep Learning\Assignment\SE4050-Deep-Learning-Assignment\data\train\India\images\India_001126.jpg,India,4,0,0,1,1,"['D20', 'D40']",D20,train,1506
C:\Users\ASUS\Desktop\SLIIT\Year 4\Semester 2\Deep Learning\Assignment\SE4050-Deep-Learning-Assignment\data\train\India\images\India_001133.jpg,India,2,0,1,0,1,"['D10', 'D40']",D10,train,1507
C:\Users\ASUS\Desktop\SLIIT\Year 4\Semester 2\Deep Learning\Assignment\SE4050-Deep-Learning-Assignment\data\train\India\images\India_001134.jpg,India,2,0,0,0,1,['D40'],D40,train,1508
C:\Users\ASUS\Desktop\SLIIT\Year 4\Semester 2\Deep Learning\Assignment\SE4050-Deep-Learning-Assignment\data\train\India\images\India_001135.jpg,India,2,0,0,0,1,['D40'],D40,val,1509
C:\Users\ASUS\Desktop\SLIIT\Year 4\Semester 2\Deep Learning\Assignment\SE4050-Deep-Learning-Assignment\data\train\India\images\India_001137.jpg,India,4,0,0,0,1,['D40'],D40,train,1510
C:\Users\ASUS\Desktop\SLIIT\Year 4\Semester 2\Deep Learning\Assignment\SE4050-Deep-Learning-Assignment\data\train\India\images\India_001138.jpg,India,1,0,0,1,0,['D20'],D20,test,1511
C:\Users\ASUS\Desktop\SLIIT\Year 4\Semester 2\Deep Learning\Assignment\SE4050-Deep-Learning-Assignment\data\train\India\images\India_001139.jpg,India,1,0,0,1,0,['D20'],D20,train,1512
C:\Users\ASUS\Desktop\SLIIT\Year 4\Semester 2\Deep Learning\Assignment\SE4050-Deep-Learning-Assignment\data\train\India\images\India_001141.jpg,India,4,0,0,1,1,"['D20', 'D40']",D20,train,1513
C:\Users\ASUS\Desktop\SLIIT\Year 4\Semester 2\Deep Learning\Assignment\SE4050-Deep-Learning-Assignment\data\train\India\images\India_001142.jpg,India,2,0,0,1,0,['D20'],D20,test,1514
C:\Users\ASUS\Desktop\SLIIT\Year 4\Semester 2\Deep Learning\Assignment\SE4050-Deep-Learning-Assignment\data\train\India\images\India_001143.jpg,India,1,0,0,1,0,['D20'],D20,train,25
C:\Users\ASUS\Desktop\SLIIT\Year 4\Semester 2\Deep Learning\Assignment\SE4050-Deep-Learning-Assignment\data\train\India\images\India_001145.jpg,India,9,1,0,1,1,"['D00', 'D20', 'D40']",D00,train,1515
C:\Users\ASUS\Desktop\SLIIT\Year 4\Semester 2\Deep Learning\Assignment\SE4050-Deep-Learning-Assignment\data\train\India\images\India_001146.jpg,India,2,1,0,0,0,['D00'],D00,train,1516
C:\Users\ASUS\Desktop\SLIIT\Year 4\Semester 2\Deep Learning\Assignment\SE4050-Deep-Learning-Assignment\data\train\India\images\India_001147.jpg,India,2,1,0,1,0,"['D00', 'D20']",D00,train,1517
C:\Users\ASUS\Desktop\SLIIT\Year 4\Semester 2\Deep Learning\Assignment\SE4050-Deep-Learning-Assignment\data\train\India\images\India_001149.jpg,India,2,0,0,1,0,['D20'],D20,train,1518
C:\Users\ASUS\Desktop\SLIIT\Year 4\Semester 2\Deep Learning\Assignment\SE4050-Deep-Learning-Assignment\data\train\India\images\India_001150.jpg,India,1,1,0,0,0,['D00'],D00,train,1519
C:\Users\ASUS\Desktop\SLIIT\Year 4\Semester 2\Deep Learning\Assignment\SE4050-Deep-Learning-Assignment\data\train\India\images\India_001156.jpg,India,6,0,0,0,1,['D40'],D40,train,1520
C:\Users\ASUS\Desktop\SLIIT\Year 4\Semester 2\Deep Learning\Assignment\SE4050-Deep-Learning-Assignment\data\train\India\images\India_001160.jpg,India,4,1,0,1,0,"['D00', 'D20']",D00,train,1521
C:\Users\ASUS\Desktop\SLIIT\Year 4\Semester 2\Deep Learning\Assignment\SE4050-Deep-Learning-Assignment\data\train\India\images\India_001161.jpg,India,1,1,0,0,0,['D00'],D00,train,1522
C:\Users\ASUS\Desktop\SLIIT\Year 4\Semester 2\Deep Learning\Assignment\SE4050-Deep-Learning-Assignment\data\train\India\images\India_001165.jpg,India,3,1,0,1,0,"['D00', 'D20']",D00,train,1523
C:\Users\ASUS\Desktop\SLIIT\Year 4\Semester 2\Deep Learning\Assignment\SE4050-Deep-Learning-Assignment\data\train\India\images\India_001167.jpg,India,3,0,0,0,1,['D40'],D40,train,1524
C:\Users\ASUS\Desktop\SLIIT\Year 4\Semester 2\Deep Learning\Assignment\SE4050-Deep-Learning-Assignment\data\train\India\images\India_001168.jpg,India,1,0,0,0,1,['D40'],D40,test,1525
C:\Users\ASUS\Desktop\SLIIT\Year 4\Semester 2\Deep Learning\Assignment\SE4050-Deep-Learning-Assignment\data\train\India\images\India_001173.jpg,India,2,0,0,0,1,['D40'],D40,train,1526
C:\Users\ASUS\Desktop\SLIIT\Year 4\Semester 2\Deep Learning\Assignment\SE4050-Deep-Learning-Assignment\data\train\India\images\India_001174.jpg,India,1,0,0,0,1,['D40'],D40,train,1527
C:\Users\ASUS\Desktop\SLIIT\Year 4\Semester 2\Deep Learning\Assignment\SE4050-Deep-Learning-Assignment\data\train\India\images\India_001175.jpg,India,2,0,0,1,0,['D20'],D20,train,1528
C:\Users\ASUS\Desktop\SLIIT\Year 4\Semester 2\Deep Learning\Assignment\SE4050-Deep-Learning-Assignment\data\train\India\images\India_001176.jpg,India,1,0,0,0,1,['D40'],D40,train,1529
C:\Users\ASUS\Desktop\SLIIT\Year 4\Semester 2\Deep Learning\Assignment\SE4050-Deep-Learning-Assignment\data\train\India\images\India_001180.jpg,India,1,0,0,0,1,['D40'],D40,train,1530
C:\Users\ASUS\Desktop\SLIIT\Year 4\Semester 2\Deep Learning\Assignment\SE4050-Deep-Learning-Assignment\data\train\India\images\India_001181.jpg,India,4,1,0,0,1,"['D00', 'D40']",D00,train,1531
C:\Users\ASUS\Desktop\SLIIT\Year 4\Semester 2\Deep Learning\Assignment\SE4050-Deep-Learning-Assignment\data\train\India\images\India_001186.jpg,India,3,1,0,0,1,"['D00', 'D40']",D00,train,1532
C:\Users\ASUS\Desktop\SLIIT\Year 4\Semester 2\Deep Learning\Assignment\SE4050-Deep-Learning-Assignment\data\train\India\images\India_001187.jpg,India,1,0,0,1,0,['D20'],D20,train,0
C:\Users\ASUS\Desktop\SLIIT\Year 4\Semester 2\Deep Learning\Assignment\SE4050-Deep-Learning-Assignment\data\train\India\images\India_001192.jpg,India,2,1,0,1,0,"['D00', 'D20']",D00,train,1533
C:\Users\ASUS\Desktop\SLIIT\Year 4\Semester 2\Deep Learning\Assignment\SE4050-Deep-Learning-Assignment\data\train\India\images\India_001194.jpg,India,1,0,0,0,1,['D40'],D40,train,1534
C:\Users\ASUS\Desktop\SLIIT\Year 4\Semester 2\Deep Learning\Assignment\SE4050-Deep-Learning-Assignment\data\train\India\images\India_001198.jpg,India,1,1,0,0,0,['D00'],D00,train,1535
C:\Users\ASUS\Desktop\SLIIT\Year 4\Semester 2\Deep Learning\Assignment\SE4050-Deep-Learning-Assignment\data\train\India\images\India_001200.jpg,India,2,0,0,1,1,"['D20', 'D40']",D20,train,1536
C:\Users\ASUS\Desktop\SLIIT\Year 4\Semester 2\Deep Learning\Assignment\SE4050-Deep-Learning-Assignment\data\train\India\images\India_001201.jpg,India,2,0,1,0,0,['D10'],D10,test,1537
C:\Users\ASUS\Desktop\SLIIT\Year 4\Semester 2\Deep Learning\Assignment\SE4050-Deep-Learning-Assignment\data\train\India\images\India_001207.jpg,India,3,1,1,0,0,"['D00', 'D10']",D00,test,1538
C:\Users\ASUS\Desktop\SLIIT\Year 4\Semester 2\Deep Learning\Assignment\SE4050-Deep-Learning-Assignment\data\train\India\images\India_001213.jpg,India,2,0,0,1,1,"['D20', 'D40']",D20,train,1539
C:\Users\ASUS\Desktop\SLIIT\Year 4\Semester 2\Deep Learning\Assignment\SE4050-Deep-Learning-Assignment\data\train\India\images\India_001222.jpg,India,3,0,0,0,1,['D40'],D40,train,1540
C:\Users\ASUS\Desktop\SLIIT\Year 4\Semester 2\Deep Learning\Assignment\SE4050-Deep-Learning-Assignment\data\train\India\images\India_001225.jpg,India,3,0,0,0,1,['D40'],D40,train,1541
C:\Users\ASUS\Desktop\SLIIT\Year 4\Semester 2\Deep Learning\Assignment\SE4050-Deep-Learning-Assignment\data\train\India\images\India_001228.jpg,India,2,0,0,1,0,['D20'],D20,val,1542
C:\Users\ASUS\Desktop\SLIIT\Year 4\Semester 2\Deep Learning\Assignment\SE4050-Deep-Learning-Assignment\data\train\India\images\India_001230.jpg,India,4,0,0,0,1,['D40'],D40,test,1543
C:\Users\ASUS\Desktop\SLIIT\Year 4\Semester 2\Deep Learning\Assignment\SE4050-Deep-Learning-Assignment\data\train\India\images\India_001232.jpg,India,2,0,0,1,1,"['D20', 'D40']",D20,train,1544
C:\Users\ASUS\Desktop\SLIIT\Year 4\Semester 2\Deep Learning\Assignment\SE4050-Deep-Learning-Assignment\data\train\India\images\India_001234.jpg,India,4,0,0,0,1,['D40'],D40,train,1545
C:\Users\ASUS\Desktop\SLIIT\Year 4\Semester 2\Deep Learning\Assignment\SE4050-Deep-Learning-Assignment\data\train\India\images\India_001236.jpg,India,5,1,0,1,1,"['D00', 'D20', 'D40']",D00,train,1546
C:\Users\ASUS\Desktop\SLIIT\Year 4\Semester 2\Deep Learning\Assignment\SE4050-Deep-Learning-Assignment\data\train\India\images\India_001239.jpg,India,4,0,0,0,1,['D40'],D40,train,1547
C:\Users\ASUS\Desktop\SLIIT\Year 4\Semester 2\Deep Learning\Assignment\SE4050-Deep-Learning-Assignment\data\train\India\images\India_001241.jpg,India,1,0,0,1,0,['D20'],D20,train,1548
C:\Users\ASUS\Desktop\SLIIT\Year 4\Semester 2\Deep Learning\Assignment\SE4050-Deep-Learning-Assignment\data\train\India\images\India_001242.jpg,India,1,0,0,0,1,['D40'],D40,train,1549
C:\Users\ASUS\Desktop\SLIIT\Year 4\Semester 2\Deep Learning\Assignment\SE4050-Deep-Learning-Assignment\data\train\India\images\India_001244.jpg,India,1,0,0,1,0,['D20'],D20,train,1550
C:\Users\ASUS\Desktop\SLIIT\Year 4\Semester 2\Deep Learning\Assignment\SE4050-Deep-Learning-Assignment\data\train\India\images\India_001246.jpg,India,2,0,0,1,1,"['D20', 'D40']",D20,val,29
C:\Users\ASUS\Desktop\SLIIT\Year 4\Semester 2\Deep Learning\Assignment\SE4050-Deep-Learning-Assignment\data\train\India\images\India_001247.jpg,India,3,0,0,1,1,"['D20', 'D40']",D20,train,2
C:\Users\ASUS\Desktop\SLIIT\Year 4\Semester 2\Deep Learning\Assignment\SE4050-Deep-Learning-Assignment\data\train\India\images\India_001249.jpg,India,1,0,0,1,0,['D20'],D20,train,1551
C:\Users\ASUS\Desktop\SLIIT\Year 4\Semester 2\Deep Learning\Assignment\SE4050-Deep-Learning-Assignment\data\train\India\images\India_001250.jpg,India,1,0,0,0,1,['D40'],D40,train,1552
C:\Users\ASUS\Desktop\SLIIT\Year 4\Semester 2\Deep Learning\Assignment\SE4050-Deep-Learning-Assignment\data\train\India\images\India_001251.jpg,India,5,0,0,0,1,['D40'],D40,train,1553
C:\Users\ASUS\Desktop\SLIIT\Year 4\Semester 2\Deep Learning\Assignment\SE4050-Deep-Learning-Assignment\data\train\India\images\India_001253.jpg,India,1,0,0,1,0,['D20'],D20,train,1554
C:\Users\ASUS\Desktop\SLIIT\Year 4\Semester 2\Deep Learning\Assignment\SE4050-Deep-Learning-Assignment\data\train\India\images\India_001254.jpg,India,2,1,0,0,1,"['D00', 'D40']",D00,train,1555
C:\Users\ASUS\Desktop\SLIIT\Year 4\Semester 2\Deep Learning\Assignment\SE4050-Deep-Learning-Assignment\data\train\India\images\India_001262.jpg,India,2,0,0,1,1,"['D20', 'D40']",D20,train,1556
C:\Users\ASUS\Desktop\SLIIT\Year 4\Semester 2\Deep Learning\Assignment\SE4050-Deep-Learning-Assignment\data\train\India\images\India_001266.jpg,India,4,1,1,0,1,"['D00', 'D10', 'D40']",D00,train,1557
C:\Users\ASUS\Desktop\SLIIT\Year 4\Semester 2\Deep Learning\Assignment\SE4050-Deep-Learning-Assignment\data\train\India\images\India_001267.jpg,India,2,0,0,1,0,['D20'],D20,train,1558
C:\Users\ASUS\Desktop\SLIIT\Year 4\Semester 2\Deep Learning\Assignment\SE4050-Deep-Learning-Assignment\data\train\India\images\India_001271.jpg,India,1,0,0,0,1,['D40'],D40,train,1559
C:\Users\ASUS\Desktop\SLIIT\Year 4\Semester 2\Deep Learning\Assignment\SE4050-Deep-Learning-Assignment\data\train\India\images\India_001275.jpg,India,2,1,0,0,1,"['D00', 'D40']",D00,train,1560
C:\Users\ASUS\Desktop\SLIIT\Year 4\Semester 2\Deep Learning\Assignment\SE4050-Deep-Learning-Assignment\data\train\India\images\India_001276.jpg,India,2,0,0,1,0,['D20'],D20,train,1561
C:\Users\ASUS\Desktop\SLIIT\Year 4\Semester 2\Deep Learning\Assignment\SE4050-Deep-Learning-Assignment\data\train\India\images\India_001278.jpg,India,1,1,0,0,0,['D00'],D00,train,1562
C:\Users\ASUS\Desktop\SLIIT\Year 4\Semester 2\Deep Learning\Assignment\SE4050-Deep-Learning-Assignment\data\train\India\images\India_001279.jpg,India,1,0,0,1,0,['D20'],D20,train,1563
C:\Users\ASUS\Desktop\SLIIT\Year 4\Semester 2\Deep Learning\Assignment\SE4050-Deep-Learning-Assignment\data\train\India\images\India_001284.jpg,India,1,0,0,1,0,['D20'],D20,train,1564
C:\Users\ASUS\Desktop\SLIIT\Year 4\Semester 2\Deep Learning\Assignment\SE4050-Deep-Learning-Assignment\data\train\India\images\India_001287.jpg,India,9,1,0,1,1,"['D00', 'D20', 'D40']",D00,train,15
C:\Users\ASUS\Desktop\SLIIT\Year 4\Semester 2\Deep Learning\Assignment\SE4050-Deep-Learning-Assignment\data\train\India\images\India_001291.jpg,India,1,0,0,1,0,['D20'],D20,train,1565
C:\Users\ASUS\Desktop\SLIIT\Year 4\Semester 2\Deep Learning\Assignment\SE4050-Deep-Learning-Assignment\data\train\India\images\India_001294.jpg,India,3,0,0,0,1,['D40'],D40,train,1566
C:\Users\ASUS\Desktop\SLIIT\Year 4\Semester 2\Deep Learning\Assignment\SE4050-Deep-Learning-Assignment\data\train\India\images\India_001295.jpg,India,4,1,0,0,1,"['D00', 'D40']",D00,train,1567
C:\Users\ASUS\Desktop\SLIIT\Year 4\Semester 2\Deep Learning\Assignment\SE4050-Deep-Learning-Assignment\data\train\India\images\India_001305.jpg,India,2,1,0,0,0,['D00'],D00,val,1568
C:\Users\ASUS\Desktop\SLIIT\Year 4\Semester 2\Deep Learning\Assignment\SE4050-Deep-Learning-Assignment\data\train\India\images\India_001310.jpg,India,1,0,0,1,0,['D20'],D20,train,1569
C:\Users\ASUS\Desktop\SLIIT\Year 4\Semester 2\Deep Learning\Assignment\SE4050-Deep-Learning-Assignment\data\train\India\images\India_001311.jpg,India,1,0,0,1,0,['D20'],D20,train,1570
C:\Users\ASUS\Desktop\SLIIT\Year 4\Semester 2\Deep Learning\Assignment\SE4050-Deep-Learning-Assignment\data\train\India\images\India_001314.jpg,India,5,0,0,1,1,"['D20', 'D40']",D20,train,1571
C:\Users\ASUS\Desktop\SLIIT\Year 4\Semester 2\Deep Learning\Assignment\SE4050-Deep-Learning-Assignment\data\train\India\images\India_001319.jpg,India,3,1,0,0,1,"['D00', 'D40']",D00,train,1572
C:\Users\ASUS\Desktop\SLIIT\Year 4\Semester 2\Deep Learning\Assignment\SE4050-Deep-Learning-Assignment\data\train\India\images\India_001320.jpg,India,1,0,0,0,1,['D40'],D40,train,1573
C:\Users\ASUS\Desktop\SLIIT\Year 4\Semester 2\Deep Learning\Assignment\SE4050-Deep-Learning-Assignment\data\train\India\images\India_001321.jpg,India,2,0,0,1,0,['D20'],D20,test,8
C:\Users\ASUS\Desktop\SLIIT\Year 4\Semester 2\Deep Learning\Assignment\SE4050-Deep-Learning-Assignment\data\train\India\images\India_001322.jpg,India,1,0,0,1,0,['D20'],D20,train,1574
C:\Users\ASUS\Desktop\SLIIT\Year 4\Semester 2\Deep Learning\Assignment\SE4050-Deep-Learning-Assignment\data\train\India\images\India_001336.jpg,India,1,0,0,1,0,['D20'],D20,train,1575
C:\Users\ASUS\Desktop\SLIIT\Year 4\Semester 2\Deep Learning\Assignment\SE4050-Deep-Learning-Assignment\data\train\India\images\India_001337.jpg,India,2,0,0,1,0,['D20'],D20,train,1576
C:\Users\ASUS\Desktop\SLIIT\Year 4\Semester 2\Deep Learning\Assignment\SE4050-Deep-Learning-Assignment\data\train\India\images\India_001338.jpg,India,7,0,0,0,1,['D40'],D40,train,2
C:\Users\ASUS\Desktop\SLIIT\Year 4\Semester 2\Deep Learning\Assignment\SE4050-Deep-Learning-Assignment\data\train\India\images\India_001339.jpg,India,1,1,0,0,0,['D00'],D00,train,1577
C:\Users\ASUS\Desktop\SLIIT\Year 4\Semester 2\Deep Learning\Assignment\SE4050-Deep-Learning-Assignment\data\train\India\images\India_001349.jpg,India,3,1,0,1,1,"['D00', 'D20', 'D40']",D00,val,30
C:\Users\ASUS\Desktop\SLIIT\Year 4\Semester 2\Deep Learning\Assignment\SE4050-Deep-Learning-Assignment\data\train\India\images\India_001350.jpg,India,2,1,0,0,0,['D00'],D00,train,1578
C:\Users\ASUS\Desktop\SLIIT\Year 4\Semester 2\Deep Learning\Assignment\SE4050-Deep-Learning-Assignment\data\train\India\images\India_001357.jpg,India,1,0,0,1,0,['D20'],D20,train,1579
C:\Users\ASUS\Desktop\SLIIT\Year 4\Semester 2\Deep Learning\Assignment\SE4050-Deep-Learning-Assignment\data\train\India\images\India_001362.jpg,India,1,0,0,1,0,['D20'],D20,train,1580
C:\Users\ASUS\Desktop\SLIIT\Year 4\Semester 2\Deep Learning\Assignment\SE4050-Deep-Learning-Assignment\data\train\India\images\India_001366.jpg,India,1,0,0,1,0,['D20'],D20,train,1581
C:\Users\ASUS\Desktop\SLIIT\Year 4\Semester 2\Deep Learning\Assignment\SE4050-Deep-Learning-Assignment\data\train\India\images\India_001367.jpg,India,5,0,0,0,1,['D40'],D40,train,1582
C:\Users\ASUS\Desktop\SLIIT\Year 4\Semester 2\Deep Learning\Assignment\SE4050-Deep-Learning-Assignment\data\train\India\images\India_001368.jpg,India,2,0,0,1,0,['D20'],D20,val,1583
C:\Users\ASUS\Desktop\SLIIT\Year 4\Semester 2\Deep Learning\Assignment\SE4050-Deep-Learning-Assignment\data\train\India\images\India_001381.jpg,India,10,0,0,0,1,['D40'],D40,test,31
C:\Users\ASUS\Desktop\SLIIT\Year 4\Semester 2\Deep Learning\Assignment\SE4050-Deep-Learning-Assignment\data\train\India\images\India_001385.jpg,India,5,1,0,0,1,"['D00', 'D40']",D00,train,1584
C:\Users\ASUS\Desktop\SLIIT\Year 4\Semester 2\Deep Learning\Assignment\SE4050-Deep-Learning-Assignment\data\train\India\images\India_001388.jpg,India,2,0,0,0,1,['D40'],D40,train,1585
C:\Users\ASUS\Desktop\SLIIT\Year 4\Semester 2\Deep Learning\Assignment\SE4050-Deep-Learning-Assignment\data\train\India\images\India_001392.jpg,India,3,1,0,0,1,"['D00', 'D40']",D00,test,1586
C:\Users\ASUS\Desktop\SLIIT\Year 4\Semester 2\Deep Learning\Assignment\SE4050-Deep-Learning-Assignment\data\train\India\images\India_001400.jpg,India,1,0,0,1,0,['D20'],D20,train,1587
C:\Users\ASUS\Desktop\SLIIT\Year 4\Semester 2\Deep Learning\Assignment\SE4050-Deep-Learning-Assignment\data\train\India\images\India_001401.jpg,India,4,0,0,1,1,"['D20', 'D40']",D20,train,1588
C:\Users\ASUS\Desktop\SLIIT\Year 4\Semester 2\Deep Learning\Assignment\SE4050-Deep-Learning-Assignment\data\train\India\images\India_001402.jpg,India,1,0,0,1,0,['D20'],D20,train,1589
C:\Users\ASUS\Desktop\SLIIT\Year 4\Semester 2\Deep Learning\Assignment\SE4050-Deep-Learning-Assignment\data\train\India\images\India_001407.jpg,India,2,0,0,1,1,"['D20', 'D40']",D20,train,1590
C:\Users\ASUS\Desktop\SLIIT\Year 4\Semester 2\Deep Learning\Assignment\SE4050-Deep-Learning-Assignment\data\train\India\images\India_001409.jpg,India,1,0,0,1,0,['D20'],D20,train,1591
C:\Users\ASUS\Desktop\SLIIT\Year 4\Semester 2\Deep Learning\Assignment\SE4050-Deep-Learning-Assignment\data\train\India\images\India_001413.jpg,India,1,1,0,0,0,['D00'],D00,val,1592
C:\Users\ASUS\Desktop\SLIIT\Year 4\Semester 2\Deep Learning\Assignment\SE4050-Deep-Learning-Assignment\data\train\India\images\India_001415.jpg,India,3,1,0,1,0,"['D00', 'D20']",D00,train,1593
C:\Users\ASUS\Desktop\SLIIT\Year 4\Semester 2\Deep Learning\Assignment\SE4050-Deep-Learning-Assignment\data\train\India\images\India_001418.jpg,India,2,0,0,1,1,"['D20', 'D40']",D20,train,1594
C:\Users\ASUS\Desktop\SLIIT\Year 4\Semester 2\Deep Learning\Assignment\SE4050-Deep-Learning-Assignment\data\train\India\images\India_001419.jpg,India,3,1,0,1,1,"['D00', 'D20', 'D40']",D00,train,32
C:\Users\ASUS\Desktop\SLIIT\Year 4\Semester 2\Deep Learning\Assignment\SE4050-Deep-Learning-Assignment\data\train\India\images\India_001420.jpg,India,1,0,0,1,0,['D20'],D20,train,1595
C:\Users\ASUS\Desktop\SLIIT\Year 4\Semester 2\Deep Learning\Assignment\SE4050-Deep-Learning-Assignment\data\train\India\images\India_001421.jpg,India,1,1,0,0,0,['D00'],D00,train,1596
C:\Users\ASUS\Desktop\SLIIT\Year 4\Semester 2\Deep Learning\Assignment\SE4050-Deep-Learning-Assignment\data\train\India\images\India_001422.jpg,India,4,0,0,0,1,['D40'],D40,train,1597
C:\Users\ASUS\Desktop\SLIIT\Year 4\Semester 2\Deep Learning\Assignment\SE4050-Deep-Learning-Assignment\data\train\India\images\India_001424.jpg,India,1,0,0,0,1,['D40'],D40,test,1598
C:\Users\ASUS\Desktop\SLIIT\Year 4\Semester 2\Deep Learning\Assignment\SE4050-Deep-Learning-Assignment\data\train\India\images\India_001432.jpg,India,2,0,0,1,0,['D20'],D20,train,1599
C:\Users\ASUS\Desktop\SLIIT\Year 4\Semester 2\Deep Learning\Assignment\SE4050-Deep-Learning-Assignment\data\train\India\images\India_001439.jpg,India,4,1,0,0,0,['D00'],D00,train,1600
C:\Users\ASUS\Desktop\SLIIT\Year 4\Semester 2\Deep Learning\Assignment\SE4050-Deep-Learning-Assignment\data\train\India\images\India_001441.jpg,India,1,0,0,0,1,['D40'],D40,train,1601
C:\Users\ASUS\Desktop\SLIIT\Year 4\Semester 2\Deep Learning\Assignment\SE4050-Deep-Learning-Assignment\data\train\India\images\India_001443.jpg,India,4,1,0,0,1,"['D00', 'D40']",D00,train,1602
C:\Users\ASUS\Desktop\SLIIT\Year 4\Semester 2\Deep Learning\Assignment\SE4050-Deep-Learning-Assignment\data\train\India\images\India_001446.jpg,India,1,0,0,1,0,['D20'],D20,train,1603
C:\Users\ASUS\Desktop\SLIIT\Year 4\Semester 2\Deep Learning\Assignment\SE4050-Deep-Learning-Assignment\data\train\India\images\India_001449.jpg,India,1,0,0,1,0,['D20'],D20,test,1604
C:\Users\ASUS\Desktop\SLIIT\Year 4\Semester 2\Deep Learning\Assignment\SE4050-Deep-Learning-Assignment\data\train\India\images\India_001450.jpg,India,3,1,0,1,0,"['D00', 'D20']",D00,train,1605
C:\Users\ASUS\Desktop\SLIIT\Year 4\Semester 2\Deep Learning\Assignment\SE4050-Deep-Learning-Assignment\data\train\India\images\India_001453.jpg,India,1,0,0,0,1,['D40'],D40,train,1606
C:\Users\ASUS\Desktop\SLIIT\Year 4\Semester 2\Deep Learning\Assignment\SE4050-Deep-Learning-Assignment\data\train\India\images\India_001456.jpg,India,2,0,0,1,1,"['D20', 'D40']",D20,train,1607
C:\Users\ASUS\Desktop\SLIIT\Year 4\Semester 2\Deep Learning\Assignment\SE4050-Deep-Learning-Assignment\data\train\India\images\India_001458.jpg,India,1,0,0,1,0,['D20'],D20,train,1608
C:\Users\ASUS\Desktop\SLIIT\Year 4\Semester 2\Deep Learning\Assignment\SE4050-Deep-Learning-Assignment\data\train\India\images\India_001465.jpg,India,3,0,0,0,1,['D40'],D40,train,1609
C:\Users\ASUS\Desktop\SLIIT\Year 4\Semester 2\Deep Learning\Assignment\SE4050-Deep-Learning-Assignment\data\train\India\images\India_001466.jpg,India,2,0,0,0,1,['D40'],D40,train,1610
C:\Users\ASUS\Desktop\SLIIT\Year 4\Semester 2\Deep Learning\Assignment\SE4050-Deep-Learning-Assignment\data\train\India\images\India_001475.jpg,India,4,0,0,0,1,['D40'],D40,train,1611
C:\Users\ASUS\Desktop\SLIIT\Year 4\Semester 2\Deep Learning\Assignment\SE4050-Deep-Learning-Assignment\data\train\India\images\India_001478.jpg,India,4,1,0,0,0,['D00'],D00,test,1612
C:\Users\ASUS\Desktop\SLIIT\Year 4\Semester 2\Deep Learning\Assignment\SE4050-Deep-Learning-Assignment\data\train\India\images\India_001480.jpg,India,1,0,0,0,1,['D40'],D40,train,1613
C:\Users\ASUS\Desktop\SLIIT\Year 4\Semester 2\Deep Learning\Assignment\SE4050-Deep-Learning-Assignment\data\train\India\images\India_001481.jpg,India,3,1,0,1,0,"['D00', 'D20']",D00,train,1614
C:\Users\ASUS\Desktop\SLIIT\Year 4\Semester 2\Deep Learning\Assignment\SE4050-Deep-Learning-Assignment\data\train\India\images\India_001485.jpg,India,4,0,0,1,1,"['D20', 'D40']",D20,train,1615
C:\Users\ASUS\Desktop\SLIIT\Year 4\Semester 2\Deep Learning\Assignment\SE4050-Deep-Learning-Assignment\data\train\India\images\India_001489.jpg,India,1,0,0,0,1,['D40'],D40,train,1616
C:\Users\ASUS\Desktop\SLIIT\Year 4\Semester 2\Deep Learning\Assignment\SE4050-Deep-Learning-Assignment\data\train\India\images\India_001491.jpg,India,2,0,0,0,1,['D40'],D40,val,1617
C:\Users\ASUS\Desktop\SLIIT\Year 4\Semester 2\Deep Learning\Assignment\SE4050-Deep-Learning-Assignment\data\train\India\images\India_001493.jpg,India,2,0,0,0,1,['D40'],D40,val,1618
C:\Users\ASUS\Desktop\SLIIT\Year 4\Semester 2\Deep Learning\Assignment\SE4050-Deep-Learning-Assignment\data\train\India\images\India_001494.jpg,India,5,1,0,1,1,"['D00', 'D20', 'D40']",D00,train,1619
C:\Users\ASUS\Desktop\SLIIT\Year 4\Semester 2\Deep Learning\Assignment\SE4050-Deep-Learning-Assignment\data\train\India\images\India_001495.jpg,India,3,1,1,1,0,"['D00', 'D10', 'D20']",D00,val,1620
C:\Users\ASUS\Desktop\SLIIT\Year 4\Semester 2\Deep Learning\Assignment\SE4050-Deep-Learning-Assignment\data\train\India\images\India_001496.jpg,India,3,1,0,0,0,['D00'],D00,train,1621
C:\Users\ASUS\Desktop\SLIIT\Year 4\Semester 2\Deep Learning\Assignment\SE4050-Deep-Learning-Assignment\data\train\India\images\India_001498.jpg,India,1,1,0,0,0,['D00'],D00,train,1622
C:\Users\ASUS\Desktop\SLIIT\Year 4\Semester 2\Deep Learning\Assignment\SE4050-Deep-Learning-Assignment\data\train\India\images\India_001502.jpg,India,1,0,0,1,0,['D20'],D20,train,1623
C:\Users\ASUS\Desktop\SLIIT\Year 4\Semester 2\Deep Learning\Assignment\SE4050-Deep-Learning-Assignment\data\train\India\images\India_001503.jpg,India,4,1,0,1,1,"['D00', 'D20', 'D40']",D00,train,1624
C:\Users\ASUS\Desktop\SLIIT\Year 4\Semester 2\Deep Learning\Assignment\SE4050-Deep-Learning-Assignment\data\train\India\images\India_001507.jpg,India,2,0,0,0,1,['D40'],D40,train,1625
C:\Users\ASUS\Desktop\SLIIT\Year 4\Semester 2\Deep Learning\Assignment\SE4050-Deep-Learning-Assignment\data\train\India\images\India_001516.jpg,India,2,0,0,0,1,['D40'],D40,train,1626
C:\Users\ASUS\Desktop\SLIIT\Year 4\Semester 2\Deep Learning\Assignment\SE4050-Deep-Learning-Assignment\data\train\India\images\India_001517.jpg,India,1,1,0,0,0,['D00'],D00,test,1627
C:\Users\ASUS\Desktop\SLIIT\Year 4\Semester 2\Deep Learning\Assignment\SE4050-Deep-Learning-Assignment\data\train\India\images\India_001524.jpg,India,1,0,0,0,1,['D40'],D40,val,1628
C:\Users\ASUS\Desktop\SLIIT\Year 4\Semester 2\Deep Learning\Assignment\SE4050-Deep-Learning-Assignment\data\train\India\images\India_001526.jpg,India,2,0,0,1,1,"['D20', 'D40']",D20,train,1629
C:\Users\ASUS\Desktop\SLIIT\Year 4\Semester 2\Deep Learning\Assignment\SE4050-Deep-Learning-Assignment\data\train\India\images\India_001527.jpg,India,2,0,0,1,1,"['D20', 'D40']",D20,train,1630
C:\Users\ASUS\Desktop\SLIIT\Year 4\Semester 2\Deep Learning\Assignment\SE4050-Deep-Learning-Assignment\data\train\India\images\India_001528.jpg,India,4,0,0,0,1,['D40'],D40,train,1631
C:\Users\ASUS\Desktop\SLIIT\Year 4\Semester 2\Deep Learning\Assignment\SE4050-Deep-Learning-Assignment\data\train\India\images\India_001531.jpg,India,3,1,0,1,0,"['D00', 'D20']",D00,test,1632
C:\Users\ASUS\Desktop\SLIIT\Year 4\Semester 2\Deep Learning\Assignment\SE4050-Deep-Learning-Assignment\data\train\India\images\India_001534.jpg,India,2,0,0,0,1,['D40'],D40,train,1633
C:\Users\ASUS\Desktop\SLIIT\Year 4\Semester 2\Deep Learning\Assignment\SE4050-Deep-Learning-Assignment\data\train\India\images\India_001537.jpg,India,1,1,0,0,0,['D00'],D00,train,1634
C:\Users\ASUS\Desktop\SLIIT\Year 4\Semester 2\Deep Learning\Assignment\SE4050-Deep-Learning-Assignment\data\train\India\images\India_001541.jpg,India,2,1,0,1,0,"['D00', 'D20']",D00,train,1635
C:\Users\ASUS\Desktop\SLIIT\Year 4\Semester 2\Deep Learning\Assignment\SE4050-Deep-Learning-Assignment\data\train\India\images\India_001550.jpg,India,9,1,0,0,1,"['D00', 'D40']",D00,train,1636
C:\Users\ASUS\Desktop\SLIIT\Year 4\Semester 2\Deep Learning\Assignment\SE4050-Deep-Learning-Assignment\data\train\India\images\India_001551.jpg,India,3,0,0,1,1,"['D20', 'D40']",D20,test,1637
C:\Users\ASUS\Desktop\SLIIT\Year 4\Semester 2\Deep Learning\Assignment\SE4050-Deep-Learning-Assignment\data\train\India\images\India_001552.jpg,India,6,0,0,1,1,"['D20', 'D40']",D20,val,1
C:\Users\ASUS\Desktop\SLIIT\Year 4\Semester 2\Deep Learning\Assignment\SE4050-Deep-Learning-Assignment\data\train\India\images\India_001553.jpg,India,1,0,0,0,1,['D40'],D40,train,1638
C:\Users\ASUS\Desktop\SLIIT\Year 4\Semester 2\Deep Learning\Assignment\SE4050-Deep-Learning-Assignment\data\train\India\images\India_001558.jpg,India,1,1,0,0,0,['D00'],D00,train,1639
C:\Users\ASUS\Desktop\SLIIT\Year 4\Semester 2\Deep Learning\Assignment\SE4050-Deep-Learning-Assignment\data\train\India\images\India_001560.jpg,India,1,0,0,1,0,['D20'],D20,val,17
C:\Users\ASUS\Desktop\SLIIT\Year 4\Semester 2\Deep Learning\Assignment\SE4050-Deep-Learning-Assignment\data\train\India\images\India_001561.jpg,India,3,0,0,1,1,"['D20', 'D40']",D20,train,1640
C:\Users\ASUS\Desktop\SLIIT\Year 4\Semester 2\Deep Learning\Assignment\SE4050-Deep-Learning-Assignment\data\train\India\images\India_001563.jpg,India,1,0,0,1,0,['D20'],D20,train,1641
C:\Users\ASUS\Desktop\SLIIT\Year 4\Semester 2\Deep Learning\Assignment\SE4050-Deep-Learning-Assignment\data\train\India\images\India_001566.jpg,India,6,1,1,1,1,"['D00', 'D10', 'D20', 'D40']",D00,train,1642
C:\Users\ASUS\Desktop\SLIIT\Year 4\Semester 2\Deep Learning\Assignment\SE4050-Deep-Learning-Assignment\data\train\India\images\India_001567.jpg,India,1,0,0,1,0,['D20'],D20,val,1643
C:\Users\ASUS\Desktop\SLIIT\Year 4\Semester 2\Deep Learning\Assignment\SE4050-Deep-Learning-Assignment\data\train\India\images\India_001574.jpg,India,1,0,0,1,0,['D20'],D20,train,1644
C:\Users\ASUS\Desktop\SLIIT\Year 4\Semester 2\Deep Learning\Assignment\SE4050-Deep-Learning-Assignment\data\train\India\images\India_001575.jpg,India,1,0,0,0,1,['D40'],D40,val,1645
C:\Users\ASUS\Desktop\SLIIT\Year 4\Semester 2\Deep Learning\Assignment\SE4050-Deep-Learning-Assignment\data\train\India\images\India_001578.jpg,India,1,0,0,0,1,['D40'],D40,train,1646
C:\Users\ASUS\Desktop\SLIIT\Year 4\Semester 2\Deep Learning\Assignment\SE4050-Deep-Learning-Assignment\data\train\India\images\India_001580.jpg,India,1,0,0,0,1,['D40'],D40,val,1647
C:\Users\ASUS\Desktop\SLIIT\Year 4\Semester 2\Deep Learning\Assignment\SE4050-Deep-Learning-Assignment\data\train\India\images\India_001585.jpg,India,3,0,0,1,1,"['D20', 'D40']",D20,train,1648
C:\Users\ASUS\Desktop\SLIIT\Year 4\Semester 2\Deep Learning\Assignment\SE4050-Deep-Learning-Assignment\data\train\India\images\India_001588.jpg,India,7,1,0,0,1,"['D00', 'D40']",D00,train,1649
C:\Users\ASUS\Desktop\SLIIT\Year 4\Semester 2\Deep Learning\Assignment\SE4050-Deep-Learning-Assignment\data\train\India\images\India_001590.jpg,India,2,1,0,1,0,"['D00', 'D20']",D00,test,1650
C:\Users\ASUS\Desktop\SLIIT\Year 4\Semester 2\Deep Learning\Assignment\SE4050-Deep-Learning-Assignment\data\train\India\images\India_001594.jpg,India,1,0,0,1,0,['D20'],D20,val,1651
C:\Users\ASUS\Desktop\SLIIT\Year 4\Semester 2\Deep Learning\Assignment\SE4050-Deep-Learning-Assignment\data\train\India\images\India_001596.jpg,India,9,1,0,1,1,"['D00', 'D20', 'D40']",D00,train,1652
C:\Users\ASUS\Desktop\SLIIT\Year 4\Semester 2\Deep Learning\Assignment\SE4050-Deep-Learning-Assignment\data\train\India\images\India_001599.jpg,India,2,0,0,1,0,['D20'],D20,train,1653
C:\Users\ASUS\Desktop\SLIIT\Year 4\Semester 2\Deep Learning\Assignment\SE4050-Deep-Learning-Assignment\data\train\India\images\India_001604.jpg,India,5,1,0,1,1,"['D00', 'D20', 'D40']",D00,train,1654
C:\Users\ASUS\Desktop\SLIIT\Year 4\Semester 2\Deep Learning\Assignment\SE4050-Deep-Learning-Assignment\data\train\India\images\India_001605.jpg,India,2,1,0,0,1,"['D00', 'D40']",D00,val,1655
C:\Users\ASUS\Desktop\SLIIT\Year 4\Semester 2\Deep Learning\Assignment\SE4050-Deep-Learning-Assignment\data\train\India\images\India_001611.jpg,India,1,0,0,1,0,['D20'],D20,train,0
C:\Users\ASUS\Desktop\SLIIT\Year 4\Semester 2\Deep Learning\Assignment\SE4050-Deep-Learning-Assignment\data\train\India\images\India_001620.jpg,India,2,0,0,0,1,['D40'],D40,train,1656
C:\Users\ASUS\Desktop\SLIIT\Year 4\Semester 2\Deep Learning\Assignment\SE4050-Deep-Learning-Assignment\data\train\India\images\India_001623.jpg,India,2,0,0,1,0,['D20'],D20,train,1657
C:\Users\ASUS\Desktop\SLIIT\Year 4\Semester 2\Deep Learning\Assignment\SE4050-Deep-Learning-Assignment\data\train\India\images\India_001625.jpg,India,2,0,0,0,1,['D40'],D40,train,1658
C:\Users\ASUS\Desktop\SLIIT\Year 4\Semester 2\Deep Learning\Assignment\SE4050-Deep-Learning-Assignment\data\train\India\images\India_001626.jpg,India,1,0,0,1,0,['D20'],D20,train,1659
C:\Users\ASUS\Desktop\SLIIT\Year 4\Semester 2\Deep Learning\Assignment\SE4050-Deep-Learning-Assignment\data\train\India\images\India_001627.jpg,India,2,1,0,0,0,['D00'],D00,test,1660
C:\Users\ASUS\Desktop\SLIIT\Year 4\Semester 2\Deep Learning\Assignment\SE4050-Deep-Learning-Assignment\data\train\India\images\India_001630.jpg,India,2,1,0,1,0,"['D00', 'D20']",D00,train,0
C:\Users\ASUS\Desktop\SLIIT\Year 4\Semester 2\Deep Learning\Assignment\SE4050-Deep-Learning-Assignment\data\train\India\images\India_001635.jpg,India,1,0,0,1,0,['D20'],D20,train,1661
C:\Users\ASUS\Desktop\SLIIT\Year 4\Semester 2\Deep Learning\Assignment\SE4050-Deep-Learning-Assignment\data\train\India\images\India_001636.jpg,India,1,1,0,0,0,['D00'],D00,val,1662
C:\Users\ASUS\Desktop\SLIIT\Year 4\Semester 2\Deep Learning\Assignment\SE4050-Deep-Learning-Assignment\data\train\India\images\India_001640.jpg,India,3,0,0,0,1,['D40'],D40,train,1663
C:\Users\ASUS\Desktop\SLIIT\Year 4\Semester 2\Deep Learning\Assignment\SE4050-Deep-Learning-Assignment\data\train\India\images\India_001648.jpg,India,3,0,0,1,1,"['D20', 'D40']",D20,train,1664
C:\Users\ASUS\Desktop\SLIIT\Year 4\Semester 2\Deep Learning\Assignment\SE4050-Deep-Learning-Assignment\data\train\India\images\India_001649.jpg,India,2,0,0,0,1,['D40'],D40,train,1665
C:\Users\ASUS\Desktop\SLIIT\Year 4\Semester 2\Deep Learning\Assignment\SE4050-Deep-Learning-Assignment\data\train\India\images\India_001655.jpg,India,2,0,0,1,0,['D20'],D20,test,1666
C:\Users\ASUS\Desktop\SLIIT\Year 4\Semester 2\Deep Learning\Assignment\SE4050-Deep-Learning-Assignment\data\train\India\images\India_001657.jpg,India,2,1,0,1,0,"['D00', 'D20']",D00,train,1667
C:\Users\ASUS\Desktop\SLIIT\Year 4\Semester 2\Deep Learning\Assignment\SE4050-Deep-Learning-Assignment\data\train\India\images\India_001659.jpg,India,2,1,0,1,0,"['D00', 'D20']",D00,test,1668
C:\Users\ASUS\Desktop\SLIIT\Year 4\Semester 2\Deep Learning\Assignment\SE4050-Deep-Learning-Assignment\data\train\India\images\India_001660.jpg,India,1,0,0,1,0,['D20'],D20,train,1669
C:\Users\ASUS\Desktop\SLIIT\Year 4\Semester 2\Deep Learning\Assignment\SE4050-Deep-Learning-Assignment\data\train\India\images\India_001666.jpg,India,1,0,0,1,0,['D20'],D20,val,1670
C:\Users\ASUS\Desktop\SLIIT\Year 4\Semester 2\Deep Learning\Assignment\SE4050-Deep-Learning-Assignment\data\train\India\images\India_001668.jpg,India,1,0,0,1,0,['D20'],D20,train,1671
C:\Users\ASUS\Desktop\SLIIT\Year 4\Semester 2\Deep Learning\Assignment\SE4050-Deep-Learning-Assignment\data\train\India\images\India_001669.jpg,India,1,0,0,1,0,['D20'],D20,train,1672
C:\Users\ASUS\Desktop\SLIIT\Year 4\Semester 2\Deep Learning\Assignment\SE4050-Deep-Learning-Assignment\data\train\India\images\India_001673.jpg,India,2,0,0,1,1,"['D20', 'D40']",D20,train,1673
C:\Users\ASUS\Desktop\SLIIT\Year 4\Semester 2\Deep Learning\Assignment\SE4050-Deep-Learning-Assignment\data\train\India\images\India_001679.jpg,India,3,0,0,1,0,['D20'],D20,train,1674
C:\Users\ASUS\Desktop\SLIIT\Year 4\Semester 2\Deep Learning\Assignment\SE4050-Deep-Learning-Assignment\data\train\India\images\India_001680.jpg,India,2,0,0,1,1,"['D20', 'D40']",D20,train,1675
C:\Users\ASUS\Desktop\SLIIT\Year 4\Semester 2\Deep Learning\Assignment\SE4050-Deep-Learning-Assignment\data\train\India\images\India_001682.jpg,India,1,0,0,1,0,['D20'],D20,train,1676
C:\Users\ASUS\Desktop\SLIIT\Year 4\Semester 2\Deep Learning\Assignment\SE4050-Deep-Learning-Assignment\data\train\India\images\India_001684.jpg,India,2,0,0,0,1,['D40'],D40,train,1677
C:\Users\ASUS\Desktop\SLIIT\Year 4\Semester 2\Deep Learning\Assignment\SE4050-Deep-Learning-Assignment\data\train\India\images\India_001687.jpg,India,6,0,0,1,1,"['D20', 'D40']",D20,train,1678
C:\Users\ASUS\Desktop\SLIIT\Year 4\Semester 2\Deep Learning\Assignment\SE4050-Deep-Learning-Assignment\data\train\India\images\India_001689.jpg,India,2,0,0,0,1,['D40'],D40,train,33
C:\Users\ASUS\Desktop\SLIIT\Year 4\Semester 2\Deep Learning\Assignment\SE4050-Deep-Learning-Assignment\data\train\India\images\India_001690.jpg,India,1,0,0,0,1,['D40'],D40,train,1679
C:\Users\ASUS\Desktop\SLIIT\Year 4\Semester 2\Deep Learning\Assignment\SE4050-Deep-Learning-Assignment\data\train\India\images\India_001692.jpg,India,3,0,0,1,1,"['D20', 'D40']",D20,train,1680
C:\Users\ASUS\Desktop\SLIIT\Year 4\Semester 2\Deep Learning\Assignment\SE4050-Deep-Learning-Assignment\data\train\India\images\India_001693.jpg,India,2,1,0,1,0,"['D00', 'D20']",D00,train,1681
C:\Users\ASUS\Desktop\SLIIT\Year 4\Semester 2\Deep Learning\Assignment\SE4050-Deep-Learning-Assignment\data\train\India\images\India_001695.jpg,India,4,0,0,1,1,"['D20', 'D40']",D20,train,1682
C:\Users\ASUS\Desktop\SLIIT\Year 4\Semester 2\Deep Learning\Assignment\SE4050-Deep-Learning-Assignment\data\train\India\images\India_001697.jpg,India,2,0,0,1,1,"['D20', 'D40']",D20,train,1683
C:\Users\ASUS\Desktop\SLIIT\Year 4\Semester 2\Deep Learning\Assignment\SE4050-Deep-Learning-Assignment\data\train\India\images\India_001702.jpg,India,2,0,0,1,0,['D20'],D20,test,1684
C:\Users\ASUS\Desktop\SLIIT\Year 4\Semester 2\Deep Learning\Assignment\SE4050-Deep-Learning-Assignment\data\train\India\images\India_001704.jpg,India,6,0,0,0,1,['D40'],D40,val,1685
C:\Users\ASUS\Desktop\SLIIT\Year 4\Semester 2\Deep Learning\Assignment\SE4050-Deep-Learning-Assignment\data\train\India\images\India_001708.jpg,India,2,0,0,0,1,['D40'],D40,val,1686
C:\Users\ASUS\Desktop\SLIIT\Year 4\Semester 2\Deep Learning\Assignment\SE4050-Deep-Learning-Assignment\data\train\India\images\India_001709.jpg,India,2,0,0,1,0,['D20'],D20,train,1687
C:\Users\ASUS\Desktop\SLIIT\Year 4\Semester 2\Deep Learning\Assignment\SE4050-Deep-Learning-Assignment\data\train\India\images\India_001715.jpg,India,2,0,0,1,0,['D20'],D20,train,1688
C:\Users\ASUS\Desktop\SLIIT\Year 4\Semester 2\Deep Learning\Assignment\SE4050-Deep-Learning-Assignment\data\train\India\images\India_001716.jpg,India,1,1,0,0,0,['D00'],D00,val,1689
C:\Users\ASUS\Desktop\SLIIT\Year 4\Semester 2\Deep Learning\Assignment\SE4050-Deep-Learning-Assignment\data\train\India\images\India_001717.jpg,India,2,0,0,0,1,['D40'],D40,train,24
C:\Users\ASUS\Desktop\SLIIT\Year 4\Semester 2\Deep Learning\Assignment\SE4050-Deep-Learning-Assignment\data\train\India\images\India_001722.jpg,India,10,1,0,1,1,"['D00', 'D20', 'D40']",D00,train,1690
C:\Users\ASUS\Desktop\SLIIT\Year 4\Semester 2\Deep Learning\Assignment\SE4050-Deep-Learning-Assignment\data\train\India\images\India_001723.jpg,India,1,1,0,0,0,['D00'],D00,train,1691
C:\Users\ASUS\Desktop\SLIIT\Year 4\Semester 2\Deep Learning\Assignment\SE4050-Deep-Learning-Assignment\data\train\India\images\India_001733.jpg,India,1,0,0,1,0,['D20'],D20,train,1692
C:\Users\ASUS\Desktop\SLIIT\Year 4\Semester 2\Deep Learning\Assignment\SE4050-Deep-Learning-Assignment\data\train\India\images\India_001734.jpg,India,1,0,0,1,0,['D20'],D20,train,1693
C:\Users\ASUS\Desktop\SLIIT\Year 4\Semester 2\Deep Learning\Assignment\SE4050-Deep-Learning-Assignment\data\train\India\images\India_001736.jpg,India,6,1,0,1,1,"['D00', 'D20', 'D40']",D00,test,1694
C:\Users\ASUS\Desktop\SLIIT\Year 4\Semester 2\Deep Learning\Assignment\SE4050-Deep-Learning-Assignment\data\train\India\images\India_001737.jpg,India,3,1,0,0,1,"['D00', 'D40']",D00,train,1695
C:\Users\ASUS\Desktop\SLIIT\Year 4\Semester 2\Deep Learning\Assignment\SE4050-Deep-Learning-Assignment\data\train\India\images\India_001739.jpg,India,1,1,0,0,0,['D00'],D00,val,1
C:\Users\ASUS\Desktop\SLIIT\Year 4\Semester 2\Deep Learning\Assignment\SE4050-Deep-Learning-Assignment\data\train\India\images\India_001744.jpg,India,4,0,0,0,1,['D40'],D40,train,1696
C:\Users\ASUS\Desktop\SLIIT\Year 4\Semester 2\Deep Learning\Assignment\SE4050-Deep-Learning-Assignment\data\train\India\images\India_001746.jpg,India,1,1,0,0,0,['D00'],D00,train,1697
C:\Users\ASUS\Desktop\SLIIT\Year 4\Semester 2\Deep Learning\Assignment\SE4050-Deep-Learning-Assignment\data\train\India\images\India_001747.jpg,India,1,1,0,0,0,['D00'],D00,val,1698
C:\Users\ASUS\Desktop\SLIIT\Year 4\Semester 2\Deep Learning\Assignment\SE4050-Deep-Learning-Assignment\data\train\India\images\India_001751.jpg,India,2,1,0,1,0,"['D00', 'D20']",D00,train,1699
C:\Users\ASUS\Desktop\SLIIT\Year 4\Semester 2\Deep Learning\Assignment\SE4050-Deep-Learning-Assignment\data\train\India\images\India_001755.jpg,India,3,1,0,0,0,['D00'],D00,train,1700
C:\Users\ASUS\Desktop\SLIIT\Year 4\Semester 2\Deep Learning\Assignment\SE4050-Deep-Learning-Assignment\data\train\India\images\India_001757.jpg,India,2,0,0,1,1,"['D20', 'D40']",D20,test,1701
C:\Users\ASUS\Desktop\SLIIT\Year 4\Semester 2\Deep Learning\Assignment\SE4050-Deep-Learning-Assignment\data\train\India\images\India_001759.jpg,India,1,0,0,0,1,['D40'],D40,test,1702
C:\Users\ASUS\Desktop\SLIIT\Year 4\Semester 2\Deep Learning\Assignment\SE4050-Deep-Learning-Assignment\data\train\India\images\India_001765.jpg,India,2,0,0,1,0,['D20'],D20,train,1703
C:\Users\ASUS\Desktop\SLIIT\Year 4\Semester 2\Deep Learning\Assignment\SE4050-Deep-Learning-Assignment\data\train\India\images\India_001767.jpg,India,1,0,0,0,1,['D40'],D40,test,1704
C:\Users\ASUS\Desktop\SLIIT\Year 4\Semester 2\Deep Learning\Assignment\SE4050-Deep-Learning-Assignment\data\train\India\images\India_001773.jpg,India,2,0,0,1,0,['D20'],D20,train,1705
C:\Users\ASUS\Desktop\SLIIT\Year 4\Semester 2\Deep Learning\Assignment\SE4050-Deep-Learning-Assignment\data\train\India\images\India_001776.jpg,India,1,0,0,1,0,['D20'],D20,val,1706
C:\Users\ASUS\Desktop\SLIIT\Year 4\Semester 2\Deep Learning\Assignment\SE4050-Deep-Learning-Assignment\data\train\India\images\India_001779.jpg,India,4,1,0,0,1,"['D00', 'D40']",D00,val,1707
C:\Users\ASUS\Desktop\SLIIT\Year 4\Semester 2\Deep Learning\Assignment\SE4050-Deep-Learning-Assignment\data\train\India\images\India_001782.jpg,India,1,0,1,0,0,['D10'],D10,train,1708
C:\Users\ASUS\Desktop\SLIIT\Year 4\Semester 2\Deep Learning\Assignment\SE4050-Deep-Learning-Assignment\data\train\India\images\India_001783.jpg,India,3,0,0,0,1,['D40'],D40,train,1709
C:\Users\ASUS\Desktop\SLIIT\Year 4\Semester 2\Deep Learning\Assignment\SE4050-Deep-Learning-Assignment\data\train\India\images\India_001786.jpg,India,1,0,0,0,1,['D40'],D40,train,1710
C:\Users\ASUS\Desktop\SLIIT\Year 4\Semester 2\Deep Learning\Assignment\SE4050-Deep-Learning-Assignment\data\train\India\images\India_001787.jpg,India,2,0,0,1,1,"['D20', 'D40']",D20,test,1711
C:\Users\ASUS\Desktop\SLIIT\Year 4\Semester 2\Deep Learning\Assignment\SE4050-Deep-Learning-Assignment\data\train\India\images\India_001789.jpg,India,1,0,0,1,0,['D20'],D20,val,1712
C:\Users\ASUS\Desktop\SLIIT\Year 4\Semester 2\Deep Learning\Assignment\SE4050-Deep-Learning-Assignment\data\train\India\images\India_001798.jpg,India,1,0,0,0,1,['D40'],D40,train,1713
C:\Users\ASUS\Desktop\SLIIT\Year 4\Semester 2\Deep Learning\Assignment\SE4050-Deep-Learning-Assignment\data\train\India\images\India_001803.jpg,India,1,1,0,0,0,['D00'],D00,val,1714
C:\Users\ASUS\Desktop\SLIIT\Year 4\Semester 2\Deep Learning\Assignment\SE4050-Deep-Learning-Assignment\data\train\India\images\India_001808.jpg,India,3,1,0,0,1,"['D00', 'D40']",D00,test,34
C:\Users\ASUS\Desktop\SLIIT\Year 4\Semester 2\Deep Learning\Assignment\SE4050-Deep-Learning-Assignment\data\train\India\images\India_001809.jpg,India,1,0,0,0,1,['D40'],D40,train,5
C:\Users\ASUS\Desktop\SLIIT\Year 4\Semester 2\Deep Learning\Assignment\SE4050-Deep-Learning-Assignment\data\train\India\images\India_001812.jpg,India,5,0,0,1,1,"['D20', 'D40']",D20,train,1715
C:\Users\ASUS\Desktop\SLIIT\Year 4\Semester 2\Deep Learning\Assignment\SE4050-Deep-Learning-Assignment\data\train\India\images\India_001815.jpg,India,1,0,0,0,1,['D40'],D40,val,1716
C:\Users\ASUS\Desktop\SLIIT\Year 4\Semester 2\Deep Learning\Assignment\SE4050-Deep-Learning-Assignment\data\train\India\images\India_001817.jpg,India,4,0,0,0,1,['D40'],D40,train,1717
C:\Users\ASUS\Desktop\SLIIT\Year 4\Semester 2\Deep Learning\Assignment\SE4050-Deep-Learning-Assignment\data\train\India\images\India_001820.jpg,India,4,0,0,0,1,['D40'],D40,test,1718
C:\Users\ASUS\Desktop\SLIIT\Year 4\Semester 2\Deep Learning\Assignment\SE4050-Deep-Learning-Assignment\data\train\India\images\India_001821.jpg,India,4,0,0,1,1,"['D20', 'D40']",D20,test,1719
C:\Users\ASUS\Desktop\SLIIT\Year 4\Semester 2\Deep Learning\Assignment\SE4050-Deep-Learning-Assignment\data\train\India\images\India_001827.jpg,India,2,1,0,0,0,['D00'],D00,train,1720
C:\Users\ASUS\Desktop\SLIIT\Year 4\Semester 2\Deep Learning\Assignment\SE4050-Deep-Learning-Assignment\data\train\India\images\India_001831.jpg,India,2,0,0,0,1,['D40'],D40,train,1721
C:\Users\ASUS\Desktop\SLIIT\Year 4\Semester 2\Deep Learning\Assignment\SE4050-Deep-Learning-Assignment\data\train\India\images\India_001832.jpg,India,2,0,0,1,0,['D20'],D20,train,1722
C:\Users\ASUS\Desktop\SLIIT\Year 4\Semester 2\Deep Learning\Assignment\SE4050-Deep-Learning-Assignment\data\train\India\images\India_001836.jpg,India,3,1,0,1,0,"['D00', 'D20']",D00,val,1723
C:\Users\ASUS\Desktop\SLIIT\Year 4\Semester 2\Deep Learning\Assignment\SE4050-Deep-Learning-Assignment\data\train\India\images\India_001837.jpg,India,2,1,0,1,0,"['D00', 'D20']",D00,train,1724
C:\Users\ASUS\Desktop\SLIIT\Year 4\Semester 2\Deep Learning\Assignment\SE4050-Deep-Learning-Assignment\data\train\India\images\India_001842.jpg,India,4,1,0,0,1,"['D00', 'D40']",D00,train,1725
C:\Users\ASUS\Desktop\SLIIT\Year 4\Semester 2\Deep Learning\Assignment\SE4050-Deep-Learning-Assignment\data\train\India\images\India_001844.jpg,India,3,1,0,1,0,"['D00', 'D20']",D00,train,0
C:\Users\ASUS\Desktop\SLIIT\Year 4\Semester 2\Deep Learning\Assignment\SE4050-Deep-Learning-Assignment\data\train\India\images\India_001852.jpg,India,10,0,0,0,1,['D40'],D40,train,1726
C:\Users\ASUS\Desktop\SLIIT\Year 4\Semester 2\Deep Learning\Assignment\SE4050-Deep-Learning-Assignment\data\train\India\images\India_001853.jpg,India,1,1,0,0,0,['D00'],D00,val,17
C:\Users\ASUS\Desktop\SLIIT\Year 4\Semester 2\Deep Learning\Assignment\SE4050-Deep-Learning-Assignment\data\train\India\images\India_001854.jpg,India,4,0,0,0,1,['D40'],D40,train,1727
C:\Users\ASUS\Desktop\SLIIT\Year 4\Semester 2\Deep Learning\Assignment\SE4050-Deep-Learning-Assignment\data\train\India\images\India_001856.jpg,India,1,1,0,0,0,['D00'],D00,train,1728
C:\Users\ASUS\Desktop\SLIIT\Year 4\Semester 2\Deep Learning\Assignment\SE4050-Deep-Learning-Assignment\data\train\India\images\India_001863.jpg,India,1,1,0,0,0,['D00'],D00,train,1729
C:\Users\ASUS\Desktop\SLIIT\Year 4\Semester 2\Deep Learning\Assignment\SE4050-Deep-Learning-Assignment\data\train\India\images\India_001865.jpg,India,5,1,0,1,1,"['D00', 'D20', 'D40']",D00,train,1730
C:\Users\ASUS\Desktop\SLIIT\Year 4\Semester 2\Deep Learning\Assignment\SE4050-Deep-Learning-Assignment\data\train\India\images\India_001866.jpg,India,2,0,0,0,1,['D40'],D40,test,1731
C:\Users\ASUS\Desktop\SLIIT\Year 4\Semester 2\Deep Learning\Assignment\SE4050-Deep-Learning-Assignment\data\train\India\images\India_001872.jpg,India,1,0,0,0,1,['D40'],D40,train,1732
C:\Users\ASUS\Desktop\SLIIT\Year 4\Semester 2\Deep Learning\Assignment\SE4050-Deep-Learning-Assignment\data\train\India\images\India_001877.jpg,India,3,0,0,1,1,"['D20', 'D40']",D20,train,1733
C:\Users\ASUS\Desktop\SLIIT\Year 4\Semester 2\Deep Learning\Assignment\SE4050-Deep-Learning-Assignment\data\train\India\images\India_001881.jpg,India,2,0,0,1,0,['D20'],D20,train,0
C:\Users\ASUS\Desktop\SLIIT\Year 4\Semester 2\Deep Learning\Assignment\SE4050-Deep-Learning-Assignment\data\train\India\images\India_001884.jpg,India,1,0,0,1,0,['D20'],D20,train,1734
C:\Users\ASUS\Desktop\SLIIT\Year 4\Semester 2\Deep Learning\Assignment\SE4050-Deep-Learning-Assignment\data\train\India\images\India_001887.jpg,India,2,0,0,1,1,"['D20', 'D40']",D20,train,1735
C:\Users\ASUS\Desktop\SLIIT\Year 4\Semester 2\Deep Learning\Assignment\SE4050-Deep-Learning-Assignment\data\train\India\images\India_001888.jpg,India,7,1,0,1,1,"['D00', 'D20', 'D40']",D00,train,1736
C:\Users\ASUS\Desktop\SLIIT\Year 4\Semester 2\Deep Learning\Assignment\SE4050-Deep-Learning-Assignment\data\train\India\images\India_001890.jpg,India,4,0,0,1,1,"['D20', 'D40']",D20,train,1737
C:\Users\ASUS\Desktop\SLIIT\Year 4\Semester 2\Deep Learning\Assignment\SE4050-Deep-Learning-Assignment\data\train\India\images\India_001900.jpg,India,2,1,0,0,1,"['D00', 'D40']",D00,test,1738
C:\Users\ASUS\Desktop\SLIIT\Year 4\Semester 2\Deep Learning\Assignment\SE4050-Deep-Learning-Assignment\data\train\India\images\India_001902.jpg,India,5,0,0,0,1,['D40'],D40,train,1739
C:\Users\ASUS\Desktop\SLIIT\Year 4\Semester 2\Deep Learning\Assignment\SE4050-Deep-Learning-Assignment\data\train\India\images\India_001903.jpg,India,1,0,0,0,1,['D40'],D40,train,35
C:\Users\ASUS\Desktop\SLIIT\Year 4\Semester 2\Deep Learning\Assignment\SE4050-Deep-Learning-Assignment\data\train\India\images\India_001904.jpg,India,2,0,0,0,1,['D40'],D40,train,1740
C:\Users\ASUS\Desktop\SLIIT\Year 4\Semester 2\Deep Learning\Assignment\SE4050-Deep-Learning-Assignment\data\train\India\images\India_001906.jpg,India,3,1,0,0,1,"['D00', 'D40']",D00,train,1741
C:\Users\ASUS\Desktop\SLIIT\Year 4\Semester 2\Deep Learning\Assignment\SE4050-Deep-Learning-Assignment\data\train\India\images\India_001907.jpg,India,2,0,0,1,1,"['D20', 'D40']",D20,train,1742
C:\Users\ASUS\Desktop\SLIIT\Year 4\Semester 2\Deep Learning\Assignment\SE4050-Deep-Learning-Assignment\data\train\India\images\India_001908.jpg,India,1,0,0,0,1,['D40'],D40,test,1743
C:\Users\ASUS\Desktop\SLIIT\Year 4\Semester 2\Deep Learning\Assignment\SE4050-Deep-Learning-Assignment\data\train\India\images\India_001913.jpg,India,2,1,0,1,0,"['D00', 'D20']",D00,val,1744
C:\Users\ASUS\Desktop\SLIIT\Year 4\Semester 2\Deep Learning\Assignment\SE4050-Deep-Learning-Assignment\data\train\India\images\India_001914.jpg,India,1,1,0,0,0,['D00'],D00,train,1745
C:\Users\ASUS\Desktop\SLIIT\Year 4\Semester 2\Deep Learning\Assignment\SE4050-Deep-Learning-Assignment\data\train\India\images\India_001923.jpg,India,1,0,0,0,1,['D40'],D40,train,1746
C:\Users\ASUS\Desktop\SLIIT\Year 4\Semester 2\Deep Learning\Assignment\SE4050-Deep-Learning-Assignment\data\train\India\images\India_001925.jpg,India,2,0,0,0,1,['D40'],D40,val,1747
C:\Users\ASUS\Desktop\SLIIT\Year 4\Semester 2\Deep Learning\Assignment\SE4050-Deep-Learning-Assignment\data\train\India\images\India_001932.jpg,India,4,0,0,1,1,"['D20', 'D40']",D20,train,1748
C:\Users\ASUS\Desktop\SLIIT\Year 4\Semester 2\Deep Learning\Assignment\SE4050-Deep-Learning-Assignment\data\train\India\images\India_001935.jpg,India,2,0,1,1,0,"['D10', 'D20']",D10,train,1749
C:\Users\ASUS\Desktop\SLIIT\Year 4\Semester 2\Deep Learning\Assignment\SE4050-Deep-Learning-Assignment\data\train\India\images\India_001939.jpg,India,2,0,0,0,1,['D40'],D40,train,1750
C:\Users\ASUS\Desktop\SLIIT\Year 4\Semester 2\Deep Learning\Assignment\SE4050-Deep-Learning-Assignment\data\train\India\images\India_001949.jpg,India,3,1,0,1,0,"['D00', 'D20']",D00,train,1751
C:\Users\ASUS\Desktop\SLIIT\Year 4\Semester 2\Deep Learning\Assignment\SE4050-Deep-Learning-Assignment\data\train\India\images\India_001954.jpg,India,1,0,0,1,0,['D20'],D20,train,1752
C:\Users\ASUS\Desktop\SLIIT\Year 4\Semester 2\Deep Learning\Assignment\SE4050-Deep-Learning-Assignment\data\train\India\images\India_001957.jpg,India,1,0,0,1,0,['D20'],D20,train,1753
C:\Users\ASUS\Desktop\SLIIT\Year 4\Semester 2\Deep Learning\Assignment\SE4050-Deep-Learning-Assignment\data\train\India\images\India_001958.jpg,India,1,0,0,1,0,['D20'],D20,train,1754
C:\Users\ASUS\Desktop\SLIIT\Year 4\Semester 2\Deep Learning\Assignment\SE4050-Deep-Learning-Assignment\data\train\India\images\India_001963.jpg,India,1,1,0,0,0,['D00'],D00,train,1755
C:\Users\ASUS\Desktop\SLIIT\Year 4\Semester 2\Deep Learning\Assignment\SE4050-Deep-Learning-Assignment\data\train\India\images\India_001966.jpg,India,2,1,0,1,0,"['D00', 'D20']",D00,train,7
C:\Users\ASUS\Desktop\SLIIT\Year 4\Semester 2\Deep Learning\Assignment\SE4050-Deep-Learning-Assignment\data\train\India\images\India_001967.jpg,India,2,0,0,1,1,"['D20', 'D40']",D20,train,1756
C:\Users\ASUS\Desktop\SLIIT\Year 4\Semester 2\Deep Learning\Assignment\SE4050-Deep-Learning-Assignment\data\train\India\images\India_001969.jpg,India,3,1,0,0,1,"['D00', 'D40']",D00,train,1757
C:\Users\ASUS\Desktop\SLIIT\Year 4\Semester 2\Deep Learning\Assignment\SE4050-Deep-Learning-Assignment\data\train\India\images\India_001970.jpg,India,1,1,0,0,0,['D00'],D00,val,1758
C:\Users\ASUS\Desktop\SLIIT\Year 4\Semester 2\Deep Learning\Assignment\SE4050-Deep-Learning-Assignment\data\train\India\images\India_001974.jpg,India,1,1,0,0,0,['D00'],D00,train,1759
C:\Users\ASUS\Desktop\SLIIT\Year 4\Semester 2\Deep Learning\Assignment\SE4050-Deep-Learning-Assignment\data\train\India\images\India_001977.jpg,India,3,0,0,1,1,"['D20', 'D40']",D20,val,1760
C:\Users\ASUS\Desktop\SLIIT\Year 4\Semester 2\Deep Learning\Assignment\SE4050-Deep-Learning-Assignment\data\train\India\images\India_001982.jpg,India,1,0,0,1,0,['D20'],D20,train,1761
C:\Users\ASUS\Desktop\SLIIT\Year 4\Semester 2\Deep Learning\Assignment\SE4050-Deep-Learning-Assignment\data\train\India\images\India_001983.jpg,India,2,0,0,0,1,['D40'],D40,train,1762
C:\Users\ASUS\Desktop\SLIIT\Year 4\Semester 2\Deep Learning\Assignment\SE4050-Deep-Learning-Assignment\data\train\India\images\India_001984.jpg,India,2,0,0,1,1,"['D20', 'D40']",D20,test,1763
C:\Users\ASUS\Desktop\SLIIT\Year 4\Semester 2\Deep Learning\Assignment\SE4050-Deep-Learning-Assignment\data\train\India\images\India_001988.jpg,India,1,0,0,1,0,['D20'],D20,train,1764
C:\Users\ASUS\Desktop\SLIIT\Year 4\Semester 2\Deep Learning\Assignment\SE4050-Deep-Learning-Assignment\data\train\India\images\India_001989.jpg,India,1,0,0,0,1,['D40'],D40,train,1765
C:\Users\ASUS\Desktop\SLIIT\Year 4\Semester 2\Deep Learning\Assignment\SE4050-Deep-Learning-Assignment\data\train\India\images\India_001996.jpg,India,2,0,0,0,1,['D40'],D40,train,1766
C:\Users\ASUS\Desktop\SLIIT\Year 4\Semester 2\Deep Learning\Assignment\SE4050-Deep-Learning-Assignment\data\train\India\images\India_002007.jpg,India,3,1,0,0,1,"['D00', 'D40']",D00,train,1767
C:\Users\ASUS\Desktop\SLIIT\Year 4\Semester 2\Deep Learning\Assignment\SE4050-Deep-Learning-Assignment\data\train\India\images\India_002009.jpg,India,2,1,0,1,0,"['D00', 'D20']",D00,train,1768
C:\Users\ASUS\Desktop\SLIIT\Year 4\Semester 2\Deep Learning\Assignment\SE4050-Deep-Learning-Assignment\data\train\India\images\India_002010.jpg,India,2,0,0,1,1,"['D20', 'D40']",D20,train,1769
C:\Users\ASUS\Desktop\SLIIT\Year 4\Semester 2\Deep Learning\Assignment\SE4050-Deep-Learning-Assignment\data\train\India\images\India_002011.jpg,India,2,0,0,1,0,['D20'],D20,test,1770
C:\Users\ASUS\Desktop\SLIIT\Year 4\Semester 2\Deep Learning\Assignment\SE4050-Deep-Learning-Assignment\data\train\India\images\India_002013.jpg,India,1,0,0,1,0,['D20'],D20,test,1771
C:\Users\ASUS\Desktop\SLIIT\Year 4\Semester 2\Deep Learning\Assignment\SE4050-Deep-Learning-Assignment\data\train\India\images\India_002014.jpg,India,3,1,0,0,0,['D00'],D00,train,1772
C:\Users\ASUS\Desktop\SLIIT\Year 4\Semester 2\Deep Learning\Assignment\SE4050-Deep-Learning-Assignment\data\train\India\images\India_002017.jpg,India,2,0,0,1,0,['D20'],D20,train,1773
C:\Users\ASUS\Desktop\SLIIT\Year 4\Semester 2\Deep Learning\Assignment\SE4050-Deep-Learning-Assignment\data\train\India\images\India_002020.jpg,India,8,0,0,0,1,['D40'],D40,test,1774
C:\Users\ASUS\Desktop\SLIIT\Year 4\Semester 2\Deep Learning\Assignment\SE4050-Deep-Learning-Assignment\data\train\India\images\India_002022.jpg,India,1,0,0,1,0,['D20'],D20,train,1775
C:\Users\ASUS\Desktop\SLIIT\Year 4\Semester 2\Deep Learning\Assignment\SE4050-Deep-Learning-Assignment\data\train\India\images\India_002023.jpg,India,3,0,0,1,1,"['D20', 'D40']",D20,train,1776
C:\Users\ASUS\Desktop\SLIIT\Year 4\Semester 2\Deep Learning\Assignment\SE4050-Deep-Learning-Assignment\data\train\India\images\India_002024.jpg,India,1,0,0,1,0,['D20'],D20,train,1777
C:\Users\ASUS\Desktop\SLIIT\Year 4\Semester 2\Deep Learning\Assignment\SE4050-Deep-Learning-Assignment\data\train\India\images\India_002025.jpg,India,1,0,0,1,0,['D20'],D20,train,1778
C:\Users\ASUS\Desktop\SLIIT\Year 4\Semester 2\Deep Learning\Assignment\SE4050-Deep-Learning-Assignment\data\train\India\images\India_002026.jpg,India,1,0,0,1,0,['D20'],D20,val,1779
C:\Users\ASUS\Desktop\SLIIT\Year 4\Semester 2\Deep Learning\Assignment\SE4050-Deep-Learning-Assignment\data\train\India\images\India_002030.jpg,India,1,0,0,1,0,['D20'],D20,train,1780
C:\Users\ASUS\Desktop\SLIIT\Year 4\Semester 2\Deep Learning\Assignment\SE4050-Deep-Learning-Assignment\data\train\India\images\India_002031.jpg,India,3,0,0,1,0,['D20'],D20,test,1781
C:\Users\ASUS\Desktop\SLIIT\Year 4\Semester 2\Deep Learning\Assignment\SE4050-Deep-Learning-Assignment\data\train\India\images\India_002034.jpg,India,1,1,0,0,0,['D00'],D00,train,1782
C:\Users\ASUS\Desktop\SLIIT\Year 4\Semester 2\Deep Learning\Assignment\SE4050-Deep-Learning-Assignment\data\train\India\images\India_002046.jpg,India,2,0,0,1,0,['D20'],D20,test,1783
C:\Users\ASUS\Desktop\SLIIT\Year 4\Semester 2\Deep Learning\Assignment\SE4050-Deep-Learning-Assignment\data\train\India\images\India_002047.jpg,India,2,0,0,1,1,"['D20', 'D40']",D20,val,1784
C:\Users\ASUS\Desktop\SLIIT\Year 4\Semester 2\Deep Learning\Assignment\SE4050-Deep-Learning-Assignment\data\train\India\images\India_002048.jpg,India,1,0,0,0,1,['D40'],D40,train,5
C:\Users\ASUS\Desktop\SLIIT\Year 4\Semester 2\Deep Learning\Assignment\SE4050-Deep-Learning-Assignment\data\train\India\images\India_002049.jpg,India,2,0,0,1,1,"['D20', 'D40']",D20,train,1785
C:\Users\ASUS\Desktop\SLIIT\Year 4\Semester 2\Deep Learning\Assignment\SE4050-Deep-Learning-Assignment\data\train\India\images\India_002051.jpg,India,3,1,0,1,0,"['D00', 'D20']",D00,train,1786
C:\Users\ASUS\Desktop\SLIIT\Year 4\Semester 2\Deep Learning\Assignment\SE4050-Deep-Learning-Assignment\data\train\India\images\India_002052.jpg,India,1,0,0,0,1,['D40'],D40,train,1787
C:\Users\ASUS\Desktop\SLIIT\Year 4\Semester 2\Deep Learning\Assignment\SE4050-Deep-Learning-Assignment\data\train\India\images\India_002061.jpg,India,5,1,0,0,0,['D00'],D00,train,1788
C:\Users\ASUS\Desktop\SLIIT\Year 4\Semester 2\Deep Learning\Assignment\SE4050-Deep-Learning-Assignment\data\train\India\images\India_002063.jpg,India,1,0,0,0,1,['D40'],D40,train,1789
C:\Users\ASUS\Desktop\SLIIT\Year 4\Semester 2\Deep Learning\Assignment\SE4050-Deep-Learning-Assignment\data\train\India\images\India_002064.jpg,India,4,0,0,0,1,['D40'],D40,train,1790
C:\Users\ASUS\Desktop\SLIIT\Year 4\Semester 2\Deep Learning\Assignment\SE4050-Deep-Learning-Assignment\data\train\India\images\India_002065.jpg,India,2,0,0,1,0,['D20'],D20,train,1791
C:\Users\ASUS\Desktop\SLIIT\Year 4\Semester 2\Deep Learning\Assignment\SE4050-Deep-Learning-Assignment\data\train\India\images\India_002066.jpg,India,1,0,0,0,1,['D40'],D40,test,1792
C:\Users\ASUS\Desktop\SLIIT\Year 4\Semester 2\Deep Learning\Assignment\SE4050-Deep-Learning-Assignment\data\train\India\images\India_002067.jpg,India,2,0,0,1,0,['D20'],D20,train,1793
C:\Users\ASUS\Desktop\SLIIT\Year 4\Semester 2\Deep Learning\Assignment\SE4050-Deep-Learning-Assignment\data\train\India\images\India_002068.jpg,India,2,0,0,1,0,['D20'],D20,train,1794
C:\Users\ASUS\Desktop\SLIIT\Year 4\Semester 2\Deep Learning\Assignment\SE4050-Deep-Learning-Assignment\data\train\India\images\India_002069.jpg,India,3,0,0,1,1,"['D20', 'D40']",D20,train,1795
C:\Users\ASUS\Desktop\SLIIT\Year 4\Semester 2\Deep Learning\Assignment\SE4050-Deep-Learning-Assignment\data\train\India\images\India_002070.jpg,India,3,0,0,1,1,"['D20', 'D40']",D20,train,1796
C:\Users\ASUS\Desktop\SLIIT\Year 4\Semester 2\Deep Learning\Assignment\SE4050-Deep-Learning-Assignment\data\train\India\images\India_002074.jpg,India,2,0,0,0,1,['D40'],D40,train,1797
C:\Users\ASUS\Desktop\SLIIT\Year 4\Semester 2\Deep Learning\Assignment\SE4050-Deep-Learning-Assignment\data\train\India\images\India_002079.jpg,India,2,1,0,0,1,"['D00', 'D40']",D00,val,1798
C:\Users\ASUS\Desktop\SLIIT\Year 4\Semester 2\Deep Learning\Assignment\SE4050-Deep-Learning-Assignment\data\train\India\images\India_002082.jpg,India,3,0,0,1,1,"['D20', 'D40']",D20,test,1799
C:\Users\ASUS\Desktop\SLIIT\Year 4\Semester 2\Deep Learning\Assignment\SE4050-Deep-Learning-Assignment\data\train\India\images\India_002084.jpg,India,2,1,0,0,0,['D00'],D00,train,1800
C:\Users\ASUS\Desktop\SLIIT\Year 4\Semester 2\Deep Learning\Assignment\SE4050-Deep-Learning-Assignment\data\train\India\images\India_002085.jpg,India,1,0,0,0,1,['D40'],D40,val,1801
C:\Users\ASUS\Desktop\SLIIT\Year 4\Semester 2\Deep Learning\Assignment\SE4050-Deep-Learning-Assignment\data\train\India\images\India_002087.jpg,India,5,1,0,0,1,"['D00', 'D40']",D00,train,1802
C:\Users\ASUS\Desktop\SLIIT\Year 4\Semester 2\Deep Learning\Assignment\SE4050-Deep-Learning-Assignment\data\train\India\images\India_002089.jpg,India,3,0,0,1,1,"['D20', 'D40']",D20,train,1803
C:\Users\ASUS\Desktop\SLIIT\Year 4\Semester 2\Deep Learning\Assignment\SE4050-Deep-Learning-Assignment\data\train\India\images\India_002095.jpg,India,2,0,0,1,1,"['D20', 'D40']",D20,val,1804
C:\Users\ASUS\Desktop\SLIIT\Year 4\Semester 2\Deep Learning\Assignment\SE4050-Deep-Learning-Assignment\data\train\India\images\India_002098.jpg,India,3,0,0,0,1,['D40'],D40,train,1805
C:\Users\ASUS\Desktop\SLIIT\Year 4\Semester 2\Deep Learning\Assignment\SE4050-Deep-Learning-Assignment\data\train\India\images\India_002099.jpg,India,2,0,0,1,0,['D20'],D20,train,1806
C:\Users\ASUS\Desktop\SLIIT\Year 4\Semester 2\Deep Learning\Assignment\SE4050-Deep-Learning-Assignment\data\train\India\images\India_002100.jpg,India,1,0,0,1,0,['D20'],D20,train,1807
C:\Users\ASUS\Desktop\SLIIT\Year 4\Semester 2\Deep Learning\Assignment\SE4050-Deep-Learning-Assignment\data\train\India\images\India_002101.jpg,India,1,0,0,1,0,['D20'],D20,train,1808
C:\Users\ASUS\Desktop\SLIIT\Year 4\Semester 2\Deep Learning\Assignment\SE4050-Deep-Learning-Assignment\data\train\India\images\India_002105.jpg,India,2,0,0,1,0,['D20'],D20,train,1809
C:\Users\ASUS\Desktop\SLIIT\Year 4\Semester 2\Deep Learning\Assignment\SE4050-Deep-Learning-Assignment\data\train\India\images\India_002106.jpg,India,4,0,0,1,1,"['D20', 'D40']",D20,train,1810
C:\Users\ASUS\Desktop\SLIIT\Year 4\Semester 2\Deep Learning\Assignment\SE4050-Deep-Learning-Assignment\data\train\India\images\India_002107.jpg,India,2,1,0,1,0,"['D00', 'D20']",D00,train,1811
C:\Users\ASUS\Desktop\SLIIT\Year 4\Semester 2\Deep Learning\Assignment\SE4050-Deep-Learning-Assignment\data\train\India\images\India_002111.jpg,India,1,1,0,0,0,['D00'],D00,test,1812
C:\Users\ASUS\Desktop\SLIIT\Year 4\Semester 2\Deep Learning\Assignment\SE4050-Deep-Learning-Assignment\data\train\India\images\India_002112.jpg,India,3,0,0,0,1,['D40'],D40,test,1813
C:\Users\ASUS\Desktop\SLIIT\Year 4\Semester 2\Deep Learning\Assignment\SE4050-Deep-Learning-Assignment\data\train\India\images\India_002113.jpg,India,3,0,0,1,0,['D20'],D20,train,1814
C:\Users\ASUS\Desktop\SLIIT\Year 4\Semester 2\Deep Learning\Assignment\SE4050-Deep-Learning-Assignment\data\train\India\images\India_002114.jpg,India,3,1,0,1,1,"['D00', 'D20', 'D40']",D00,train,1815
C:\Users\ASUS\Desktop\SLIIT\Year 4\Semester 2\Deep Learning\Assignment\SE4050-Deep-Learning-Assignment\data\train\India\images\India_002118.jpg,India,1,0,0,0,1,['D40'],D40,train,1816
C:\Users\ASUS\Desktop\SLIIT\Year 4\Semester 2\Deep Learning\Assignment\SE4050-Deep-Learning-Assignment\data\train\India\images\India_002119.jpg,India,2,1,0,0,1,"['D00', 'D40']",D00,train,1817
C:\Users\ASUS\Desktop\SLIIT\Year 4\Semester 2\Deep Learning\Assignment\SE4050-Deep-Learning-Assignment\data\train\India\images\India_002121.jpg,India,3,1,0,0,1,"['D00', 'D40']",D00,val,1818
C:\Users\ASUS\Desktop\SLIIT\Year 4\Semester 2\Deep Learning\Assignment\SE4050-Deep-Learning-Assignment\data\train\India\images\India_002122.jpg,India,2,0,0,0,1,['D40'],D40,val,1819
C:\Users\ASUS\Desktop\SLIIT\Year 4\Semester 2\Deep Learning\Assignment\SE4050-Deep-Learning-Assignment\data\train\India\images\India_002124.jpg,India,5,0,0,0,1,['D40'],D40,train,1820
C:\Users\ASUS\Desktop\SLIIT\Year 4\Semester 2\Deep Learning\Assignment\SE4050-Deep-Learning-Assignment\data\train\India\images\India_002125.jpg,India,1,0,0,1,0,['D20'],D20,train,1821
C:\Users\ASUS\Desktop\SLIIT\Year 4\Semester 2\Deep Learning\Assignment\SE4050-Deep-Learning-Assignment\data\train\India\images\India_002129.jpg,India,1,1,0,0,0,['D00'],D00,train,1822
C:\Users\ASUS\Desktop\SLIIT\Year 4\Semester 2\Deep Learning\Assignment\SE4050-Deep-Learning-Assignment\data\train\India\images\India_002132.jpg,India,1,1,0,0,0,['D00'],D00,val,1823
C:\Users\ASUS\Desktop\SLIIT\Year 4\Semester 2\Deep Learning\Assignment\SE4050-Deep-Learning-Assignment\data\train\India\images\India_002133.jpg,India,1,0,0,0,1,['D40'],D40,train,1824
C:\Users\ASUS\Desktop\SLIIT\Year 4\Semester 2\Deep Learning\Assignment\SE4050-Deep-Learning-Assignment\data\train\India\images\India_002135.jpg,India,1,0,0,0,1,['D40'],D40,train,1825
C:\Users\ASUS\Desktop\SLIIT\Year 4\Semester 2\Deep Learning\Assignment\SE4050-Deep-Learning-Assignment\data\train\India\images\India_002137.jpg,India,3,1,0,1,1,"['D00', 'D20', 'D40']",D00,test,1826
C:\Users\ASUS\Desktop\SLIIT\Year 4\Semester 2\Deep Learning\Assignment\SE4050-Deep-Learning-Assignment\data\train\India\images\India_002143.jpg,India,1,1,0,0,0,['D00'],D00,train,1827
C:\Users\ASUS\Desktop\SLIIT\Year 4\Semester 2\Deep Learning\Assignment\SE4050-Deep-Learning-Assignment\data\train\India\images\India_002148.jpg,India,1,0,0,0,1,['D40'],D40,train,1828
C:\Users\ASUS\Desktop\SLIIT\Year 4\Semester 2\Deep Learning\Assignment\SE4050-Deep-Learning-Assignment\data\train\India\images\India_002150.jpg,India,1,1,0,0,0,['D00'],D00,train,1829
C:\Users\ASUS\Desktop\SLIIT\Year 4\Semester 2\Deep Learning\Assignment\SE4050-Deep-Learning-Assignment\data\train\India\images\India_002154.jpg,India,1,0,0,0,1,['D40'],D40,val,1830
C:\Users\ASUS\Desktop\SLIIT\Year 4\Semester 2\Deep Learning\Assignment\SE4050-Deep-Learning-Assignment\data\train\India\images\India_002167.jpg,India,2,1,0,0,0,['D00'],D00,train,1831
C:\Users\ASUS\Desktop\SLIIT\Year 4\Semester 2\Deep Learning\Assignment\SE4050-Deep-Learning-Assignment\data\train\India\images\India_002172.jpg,India,1,0,0,1,0,['D20'],D20,train,1832
C:\Users\ASUS\Desktop\SLIIT\Year 4\Semester 2\Deep Learning\Assignment\SE4050-Deep-Learning-Assignment\data\train\India\images\India_002173.jpg,India,3,1,0,1,0,"['D00', 'D20']",D00,val,1833
C:\Users\ASUS\Desktop\SLIIT\Year 4\Semester 2\Deep Learning\Assignment\SE4050-Deep-Learning-Assignment\data\train\India\images\India_002175.jpg,India,2,1,0,0,0,['D00'],D00,test,1834
C:\Users\ASUS\Desktop\SLIIT\Year 4\Semester 2\Deep Learning\Assignment\SE4050-Deep-Learning-Assignment\data\train\India\images\India_002179.jpg,India,1,0,0,1,0,['D20'],D20,train,1835
C:\Users\ASUS\Desktop\SLIIT\Year 4\Semester 2\Deep Learning\Assignment\SE4050-Deep-Learning-Assignment\data\train\India\images\India_002180.jpg,India,2,0,1,0,0,['D10'],D10,train,1836
C:\Users\ASUS\Desktop\SLIIT\Year 4\Semester 2\Deep Learning\Assignment\SE4050-Deep-Learning-Assignment\data\train\India\images\India_002184.jpg,India,2,1,0,0,0,['D00'],D00,train,1837
C:\Users\ASUS\Desktop\SLIIT\Year 4\Semester 2\Deep Learning\Assignment\SE4050-Deep-Learning-Assignment\data\train\India\images\India_002187.jpg,India,1,0,0,1,0,['D20'],D20,train,1838
C:\Users\ASUS\Desktop\SLIIT\Year 4\Semester 2\Deep Learning\Assignment\SE4050-Deep-Learning-Assignment\data\train\India\images\India_002191.jpg,India,2,1,0,0,0,['D00'],D00,train,1839
C:\Users\ASUS\Desktop\SLIIT\Year 4\Semester 2\Deep Learning\Assignment\SE4050-Deep-Learning-Assignment\data\train\India\images\India_002192.jpg,India,1,0,0,1,0,['D20'],D20,train,1840
C:\Users\ASUS\Desktop\SLIIT\Year 4\Semester 2\Deep Learning\Assignment\SE4050-Deep-Learning-Assignment\data\train\India\images\India_002194.jpg,India,2,0,0,1,0,['D20'],D20,train,1841
C:\Users\ASUS\Desktop\SLIIT\Year 4\Semester 2\Deep Learning\Assignment\SE4050-Deep-Learning-Assignment\data\train\India\images\India_002200.jpg,India,1,0,0,0,1,['D40'],D40,train,36
C:\Users\ASUS\Desktop\SLIIT\Year 4\Semester 2\Deep Learning\Assignment\SE4050-Deep-Learning-Assignment\data\train\India\images\India_002201.jpg,India,5,1,0,1,1,"['D00', 'D20', 'D40']",D00,train,1842
C:\Users\ASUS\Desktop\SLIIT\Year 4\Semester 2\Deep Learning\Assignment\SE4050-Deep-Learning-Assignment\data\train\India\images\India_002206.jpg,India,1,0,0,0,1,['D40'],D40,val,1843
C:\Users\ASUS\Desktop\SLIIT\Year 4\Semester 2\Deep Learning\Assignment\SE4050-Deep-Learning-Assignment\data\train\India\images\India_002207.jpg,India,2,0,0,1,1,"['D20', 'D40']",D20,test,1844
C:\Users\ASUS\Desktop\SLIIT\Year 4\Semester 2\Deep Learning\Assignment\SE4050-Deep-Learning-Assignment\data\train\India\images\India_002209.jpg,India,1,0,0,1,0,['D20'],D20,train,1845
C:\Users\ASUS\Desktop\SLIIT\Year 4\Semester 2\Deep Learning\Assignment\SE4050-Deep-Learning-Assignment\data\train\India\images\India_002215.jpg,India,1,0,0,1,0,['D20'],D20,train,1846
C:\Users\ASUS\Desktop\SLIIT\Year 4\Semester 2\Deep Learning\Assignment\SE4050-Deep-Learning-Assignment\data\train\India\images\India_002216.jpg,India,1,0,0,1,0,['D20'],D20,test,1847
C:\Users\ASUS\Desktop\SLIIT\Year 4\Semester 2\Deep Learning\Assignment\SE4050-Deep-Learning-Assignment\data\train\India\images\India_002219.jpg,India,1,0,0,1,0,['D20'],D20,train,1848
C:\Users\ASUS\Desktop\SLIIT\Year 4\Semester 2\Deep Learning\Assignment\SE4050-Deep-Learning-Assignment\data\train\India\images\India_002222.jpg,India,5,1,0,0,1,"['D00', 'D40']",D00,train,1849
C:\Users\ASUS\Desktop\SLIIT\Year 4\Semester 2\Deep Learning\Assignment\SE4050-Deep-Learning-Assignment\data\train\India\images\India_002227.jpg,India,3,0,0,0,1,['D40'],D40,test,1850
C:\Users\ASUS\Desktop\SLIIT\Year 4\Semester 2\Deep Learning\Assignment\SE4050-Deep-Learning-Assignment\data\train\India\images\India_002230.jpg,India,3,1,0,1,0,"['D00', 'D20']",D00,train,1851
C:\Users\ASUS\Desktop\SLIIT\Year 4\Semester 2\Deep Learning\Assignment\SE4050-Deep-Learning-Assignment\data\train\India\images\India_002233.jpg,India,1,0,0,1,0,['D20'],D20,train,1852
C:\Users\ASUS\Desktop\SLIIT\Year 4\Semester 2\Deep Learning\Assignment\SE4050-Deep-Learning-Assignment\data\train\India\images\India_002238.jpg,India,1,1,0,0,0,['D00'],D00,train,1853
C:\Users\ASUS\Desktop\SLIIT\Year 4\Semester 2\Deep Learning\Assignment\SE4050-Deep-Learning-Assignment\data\train\India\images\India_002242.jpg,India,2,0,0,1,0,['D20'],D20,train,1854
C:\Users\ASUS\Desktop\SLIIT\Year 4\Semester 2\Deep Learning\Assignment\SE4050-Deep-Learning-Assignment\data\train\India\images\India_002247.jpg,India,2,0,0,1,1,"['D20', 'D40']",D20,test,1855
C:\Users\ASUS\Desktop\SLIIT\Year 4\Semester 2\Deep Learning\Assignment\SE4050-Deep-Learning-Assignment\data\train\India\images\India_002248.jpg,India,3,0,0,0,1,['D40'],D40,train,1856
C:\Users\ASUS\Desktop\SLIIT\Year 4\Semester 2\Deep Learning\Assignment\SE4050-Deep-Learning-Assignment\data\train\India\images\India_002249.jpg,India,5,1,0,1,1,"['D00', 'D20', 'D40']",D00,train,1857
C:\Users\ASUS\Desktop\SLIIT\Year 4\Semester 2\Deep Learning\Assignment\SE4050-Deep-Learning-Assignment\data\train\India\images\India_002250.jpg,India,3,0,0,0,1,['D40'],D40,train,1858
C:\Users\ASUS\Desktop\SLIIT\Year 4\Semester 2\Deep Learning\Assignment\SE4050-Deep-Learning-Assignment\data\train\India\images\India_002253.jpg,India,2,0,0,0,1,['D40'],D40,train,1859
C:\Users\ASUS\Desktop\SLIIT\Year 4\Semester 2\Deep Learning\Assignment\SE4050-Deep-Learning-Assignment\data\train\India\images\India_002256.jpg,India,3,1,0,1,0,"['D00', 'D20']",D00,val,1860
C:\Users\ASUS\Desktop\SLIIT\Year 4\Semester 2\Deep Learning\Assignment\SE4050-Deep-Learning-Assignment\data\train\India\images\India_002262.jpg,India,1,0,0,1,0,['D20'],D20,train,1861
C:\Users\ASUS\Desktop\SLIIT\Year 4\Semester 2\Deep Learning\Assignment\SE4050-Deep-Learning-Assignment\data\train\India\images\India_002279.jpg,India,1,0,1,0,0,['D10'],D10,test,1862
C:\Users\ASUS\Desktop\SLIIT\Year 4\Semester 2\Deep Learning\Assignment\SE4050-Deep-Learning-Assignment\data\train\India\images\India_002281.jpg,India,1,0,0,1,0,['D20'],D20,train,1863
C:\Users\ASUS\Desktop\SLIIT\Year 4\Semester 2\Deep Learning\Assignment\SE4050-Deep-Learning-Assignment\data\train\India\images\India_002284.jpg,India,2,0,0,1,0,['D20'],D20,test,1864
C:\Users\ASUS\Desktop\SLIIT\Year 4\Semester 2\Deep Learning\Assignment\SE4050-Deep-Learning-Assignment\data\train\India\images\India_002286.jpg,India,2,0,0,1,0,['D20'],D20,train,1865
C:\Users\ASUS\Desktop\SLIIT\Year 4\Semester 2\Deep Learning\Assignment\SE4050-Deep-Learning-Assignment\data\train\India\images\India_002290.jpg,India,1,0,0,1,0,['D20'],D20,test,1866
C:\Users\ASUS\Desktop\SLIIT\Year 4\Semester 2\Deep Learning\Assignment\SE4050-Deep-Learning-Assignment\data\train\India\images\India_002293.jpg,India,2,0,0,0,1,['D40'],D40,train,37
C:\Users\ASUS\Desktop\SLIIT\Year 4\Semester 2\Deep Learning\Assignment\SE4050-Deep-Learning-Assignment\data\train\India\images\India_002297.jpg,India,1,1,0,0,0,['D00'],D00,train,38
C:\Users\ASUS\Desktop\SLIIT\Year 4\Semester 2\Deep Learning\Assignment\SE4050-Deep-Learning-Assignment\data\train\India\images\India_002299.jpg,India,1,1,0,0,0,['D00'],D00,train,1867
C:\Users\ASUS\Desktop\SLIIT\Year 4\Semester 2\Deep Learning\Assignment\SE4050-Deep-Learning-Assignment\data\train\India\images\India_002301.jpg,India,6,1,0,1,0,"['D00', 'D20']",D00,val,1868
C:\Users\ASUS\Desktop\SLIIT\Year 4\Semester 2\Deep Learning\Assignment\SE4050-Deep-Learning-Assignment\data\train\India\images\India_002304.jpg,India,1,1,0,0,0,['D00'],D00,val,1869
C:\Users\ASUS\Desktop\SLIIT\Year 4\Semester 2\Deep Learning\Assignment\SE4050-Deep-Learning-Assignment\data\train\India\images\India_002305.jpg,India,3,0,0,0,1,['D40'],D40,test,1870
C:\Users\ASUS\Desktop\SLIIT\Year 4\Semester 2\Deep Learning\Assignment\SE4050-Deep-Learning-Assignment\data\train\India\images\India_002307.jpg,India,2,0,0,1,0,['D20'],D20,train,1871
C:\Users\ASUS\Desktop\SLIIT\Year 4\Semester 2\Deep Learning\Assignment\SE4050-Deep-Learning-Assignment\data\train\India\images\India_002318.jpg,India,3,0,0,0,1,['D40'],D40,train,39
C:\Users\ASUS\Desktop\SLIIT\Year 4\Semester 2\Deep Learning\Assignment\SE4050-Deep-Learning-Assignment\data\train\India\images\India_002319.jpg,India,2,1,0,0,1,"['D00', 'D40']",D00,train,1872
C:\Users\ASUS\Desktop\SLIIT\Year 4\Semester 2\Deep Learning\Assignment\SE4050-Deep-Learning-Assignment\data\train\India\images\India_002320.jpg,India,2,1,0,0,0,['D00'],D00,val,1873
C:\Users\ASUS\Desktop\SLIIT\Year 4\Semester 2\Deep Learning\Assignment\SE4050-Deep-Learning-Assignment\data\train\India\images\India_002321.jpg,India,2,0,0,1,0,['D20'],D20,val,1874
C:\Users\ASUS\Desktop\SLIIT\Year 4\Semester 2\Deep Learning\Assignment\SE4050-Deep-Learning-Assignment\data\train\India\images\India_002330.jpg,India,2,1,0,1,0,"['D00', 'D20']",D00,test,1875
C:\Users\ASUS\Desktop\SLIIT\Year 4\Semester 2\Deep Learning\Assignment\SE4050-Deep-Learning-Assignment\data\train\India\images\India_002331.jpg,India,2,0,0,0,1,['D40'],D40,train,1876
C:\Users\ASUS\Desktop\SLIIT\Year 4\Semester 2\Deep Learning\Assignment\SE4050-Deep-Learning-Assignment\data\train\India\images\India_002337.jpg,India,1,0,0,1,0,['D20'],D20,train,1877
C:\Users\ASUS\Desktop\SLIIT\Year 4\Semester 2\Deep Learning\Assignment\SE4050-Deep-Learning-Assignment\data\train\India\images\India_002340.jpg,India,1,0,0,0,1,['D40'],D40,train,1878
C:\Users\ASUS\Desktop\SLIIT\Year 4\Semester 2\Deep Learning\Assignment\SE4050-Deep-Learning-Assignment\data\train\India\images\India_002341.jpg,India,4,0,0,1,1,"['D20', 'D40']",D20,val,1879
C:\Users\ASUS\Desktop\SLIIT\Year 4\Semester 2\Deep Learning\Assignment\SE4050-Deep-Learning-Assignment\data\train\India\images\India_002342.jpg,India,2,0,0,0,1,['D40'],D40,train,1880
C:\Users\ASUS\Desktop\SLIIT\Year 4\Semester 2\Deep Learning\Assignment\SE4050-Deep-Learning-Assignment\data\train\India\images\India_002344.jpg,India,1,0,0,1,0,['D20'],D20,train,1881
C:\Users\ASUS\Desktop\SLIIT\Year 4\Semester 2\Deep Learning\Assignment\SE4050-Deep-Learning-Assignment\data\train\India\images\India_002345.jpg,India,1,0,0,0,1,['D40'],D40,train,1882
C:\Users\ASUS\Desktop\SLIIT\Year 4\Semester 2\Deep Learning\Assignment\SE4050-Deep-Learning-Assignment\data\train\India\images\India_002348.jpg,India,2,1,0,1,0,"['D00', 'D20']",D00,train,1883
C:\Users\ASUS\Desktop\SLIIT\Year 4\Semester 2\Deep Learning\Assignment\SE4050-Deep-Learning-Assignment\data\train\India\images\India_002349.jpg,India,3,1,0,1,0,"['D00', 'D20']",D00,train,1884
C:\Users\ASUS\Desktop\SLIIT\Year 4\Semester 2\Deep Learning\Assignment\SE4050-Deep-Learning-Assignment\data\train\India\images\India_002352.jpg,India,2,1,0,1,0,"['D00', 'D20']",D00,train,1885
C:\Users\ASUS\Desktop\SLIIT\Year 4\Semester 2\Deep Learning\Assignment\SE4050-Deep-Learning-Assignment\data\train\India\images\India_002363.jpg,India,3,1,0,0,1,"['D00', 'D40']",D00,train,1886
C:\Users\ASUS\Desktop\SLIIT\Year 4\Semester 2\Deep Learning\Assignment\SE4050-Deep-Learning-Assignment\data\train\India\images\India_002364.jpg,India,1,0,0,1,0,['D20'],D20,train,1887
C:\Users\ASUS\Desktop\SLIIT\Year 4\Semester 2\Deep Learning\Assignment\SE4050-Deep-Learning-Assignment\data\train\India\images\India_002366.jpg,India,2,1,0,1,0,"['D00', 'D20']",D00,train,9
C:\Users\ASUS\Desktop\SLIIT\Year 4\Semester 2\Deep Learning\Assignment\SE4050-Deep-Learning-Assignment\data\train\India\images\India_002368.jpg,India,1,0,0,1,0,['D20'],D20,train,1888
C:\Users\ASUS\Desktop\SLIIT\Year 4\Semester 2\Deep Learning\Assignment\SE4050-Deep-Learning-Assignment\data\train\India\images\India_002371.jpg,India,1,0,0,0,1,['D40'],D40,train,1889
C:\Users\ASUS\Desktop\SLIIT\Year 4\Semester 2\Deep Learning\Assignment\SE4050-Deep-Learning-Assignment\data\train\India\images\India_002372.jpg,India,1,1,0,0,0,['D00'],D00,train,1890
C:\Users\ASUS\Desktop\SLIIT\Year 4\Semester 2\Deep Learning\Assignment\SE4050-Deep-Learning-Assignment\data\train\India\images\India_002376.jpg,India,4,0,0,0,1,['D40'],D40,test,1891
C:\Users\ASUS\Desktop\SLIIT\Year 4\Semester 2\Deep Learning\Assignment\SE4050-Deep-Learning-Assignment\data\train\India\images\India_002378.jpg,India,2,0,0,1,0,['D20'],D20,val,1892
C:\Users\ASUS\Desktop\SLIIT\Year 4\Semester 2\Deep Learning\Assignment\SE4050-Deep-Learning-Assignment\data\train\India\images\India_002379.jpg,India,3,1,0,1,0,"['D00', 'D20']",D00,train,1893
C:\Users\ASUS\Desktop\SLIIT\Year 4\Semester 2\Deep Learning\Assignment\SE4050-Deep-Learning-Assignment\data\train\India\images\India_002385.jpg,India,2,1,0,0,1,"['D00', 'D40']",D00,val,1894
C:\Users\ASUS\Desktop\SLIIT\Year 4\Semester 2\Deep Learning\Assignment\SE4050-Deep-Learning-Assignment\data\train\India\images\India_002386.jpg,India,2,0,0,1,0,['D20'],D20,train,1895
C:\Users\ASUS\Desktop\SLIIT\Year 4\Semester 2\Deep Learning\Assignment\SE4050-Deep-Learning-Assignment\data\train\India\images\India_002390.jpg,India,2,0,0,0,1,['D40'],D40,train,1896
C:\Users\ASUS\Desktop\SLIIT\Year 4\Semester 2\Deep Learning\Assignment\SE4050-Deep-Learning-Assignment\data\train\India\images\India_002395.jpg,India,3,0,0,0,1,['D40'],D40,train,1897
C:\Users\ASUS\Desktop\SLIIT\Year 4\Semester 2\Deep Learning\Assignment\SE4050-Deep-Learning-Assignment\data\train\India\images\India_002398.jpg,India,2,1,0,1,0,"['D00', 'D20']",D00,val,1898
C:\Users\ASUS\Desktop\SLIIT\Year 4\Semester 2\Deep Learning\Assignment\SE4050-Deep-Learning-Assignment\data\train\India\images\India_002400.jpg,India,2,1,0,0,0,['D00'],D00,test,1899
C:\Users\ASUS\Desktop\SLIIT\Year 4\Semester 2\Deep Learning\Assignment\SE4050-Deep-Learning-Assignment\data\train\India\images\India_002404.jpg,India,8,1,1,1,1,"['D00', 'D10', 'D20', 'D40']",D00,train,1900
C:\Users\ASUS\Desktop\SLIIT\Year 4\Semester 2\Deep Learning\Assignment\SE4050-Deep-Learning-Assignment\data\train\India\images\India_002405.jpg,India,2,0,0,1,1,"['D20', 'D40']",D20,train,1901
C:\Users\ASUS\Desktop\SLIIT\Year 4\Semester 2\Deep Learning\Assignment\SE4050-Deep-Learning-Assignment\data\train\India\images\India_002410.jpg,India,1,0,0,0,1,['D40'],D40,train,1902
C:\Users\ASUS\Desktop\SLIIT\Year 4\Semester 2\Deep Learning\Assignment\SE4050-Deep-Learning-Assignment\data\train\India\images\India_002411.jpg,India,2,0,0,1,1,"['D20', 'D40']",D20,test,1903
C:\Users\ASUS\Desktop\SLIIT\Year 4\Semester 2\Deep Learning\Assignment\SE4050-Deep-Learning-Assignment\data\train\India\images\India_002419.jpg,India,6,1,0,0,1,"['D00', 'D40']",D00,train,1904
C:\Users\ASUS\Desktop\SLIIT\Year 4\Semester 2\Deep Learning\Assignment\SE4050-Deep-Learning-Assignment\data\train\India\images\India_002426.jpg,India,3,0,0,0,1,['D40'],D40,train,1905
C:\Users\ASUS\Desktop\SLIIT\Year 4\Semester 2\Deep Learning\Assignment\SE4050-Deep-Learning-Assignment\data\train\India\images\India_002428.jpg,India,3,1,0,1,1,"['D00', 'D20', 'D40']",D00,val,1906
C:\Users\ASUS\Desktop\SLIIT\Year 4\Semester 2\Deep Learning\Assignment\SE4050-Deep-Learning-Assignment\data\train\India\images\India_002429.jpg,India,2,0,0,0,1,['D40'],D40,train,1907
C:\Users\ASUS\Desktop\SLIIT\Year 4\Semester 2\Deep Learning\Assignment\SE4050-Deep-Learning-Assignment\data\train\India\images\India_002437.jpg,India,2,1,0,1,0,"['D00', 'D20']",D00,train,1908
C:\Users\ASUS\Desktop\SLIIT\Year 4\Semester 2\Deep Learning\Assignment\SE4050-Deep-Learning-Assignment\data\train\India\images\India_002447.jpg,India,2,1,0,0,1,"['D00', 'D40']",D00,train,1909
C:\Users\ASUS\Desktop\SLIIT\Year 4\Semester 2\Deep Learning\Assignment\SE4050-Deep-Learning-Assignment\data\train\India\images\India_002449.jpg,India,2,0,0,1,0,['D20'],D20,val,1910
C:\Users\ASUS\Desktop\SLIIT\Year 4\Semester 2\Deep Learning\Assignment\SE4050-Deep-Learning-Assignment\data\train\India\images\India_002450.jpg,India,3,1,0,1,0,"['D00', 'D20']",D00,train,1911
C:\Users\ASUS\Desktop\SLIIT\Year 4\Semester 2\Deep Learning\Assignment\SE4050-Deep-Learning-Assignment\data\train\India\images\India_002455.jpg,India,3,0,0,1,0,['D20'],D20,train,1912
C:\Users\ASUS\Desktop\SLIIT\Year 4\Semester 2\Deep Learning\Assignment\SE4050-Deep-Learning-Assignment\data\train\India\images\India_002459.jpg,India,1,0,0,0,1,['D40'],D40,train,1913
C:\Users\ASUS\Desktop\SLIIT\Year 4\Semester 2\Deep Learning\Assignment\SE4050-Deep-Learning-Assignment\data\train\India\images\India_002464.jpg,India,3,0,0,1,0,['D20'],D20,train,1914
C:\Users\ASUS\Desktop\SLIIT\Year 4\Semester 2\Deep Learning\Assignment\SE4050-Deep-Learning-Assignment\data\train\India\images\India_002466.jpg,India,1,1,0,0,0,['D00'],D00,train,1915
C:\Users\ASUS\Desktop\SLIIT\Year 4\Semester 2\Deep Learning\Assignment\SE4050-Deep-Learning-Assignment\data\train\India\images\India_002470.jpg,India,2,1,0,0,0,['D00'],D00,train,1916
C:\Users\ASUS\Desktop\SLIIT\Year 4\Semester 2\Deep Learning\Assignment\SE4050-Deep-Learning-Assignment\data\train\India\images\India_002480.jpg,India,2,1,0,1,0,"['D00', 'D20']",D00,train,1917
C:\Users\ASUS\Desktop\SLIIT\Year 4\Semester 2\Deep Learning\Assignment\SE4050-Deep-Learning-Assignment\data\train\India\images\India_002487.jpg,India,6,1,0,1,1,"['D00', 'D20', 'D40']",D00,test,4
C:\Users\ASUS\Desktop\SLIIT\Year 4\Semester 2\Deep Learning\Assignment\SE4050-Deep-Learning-Assignment\data\train\India\images\India_002494.jpg,India,1,0,0,1,0,['D20'],D20,train,1918
C:\Users\ASUS\Desktop\SLIIT\Year 4\Semester 2\Deep Learning\Assignment\SE4050-Deep-Learning-Assignment\data\train\India\images\India_002496.jpg,India,3,0,0,1,1,"['D20', 'D40']",D20,val,1919
C:\Users\ASUS\Desktop\SLIIT\Year 4\Semester 2\Deep Learning\Assignment\SE4050-Deep-Learning-Assignment\data\train\India\images\India_002497.jpg,India,2,0,0,1,1,"['D20', 'D40']",D20,train,1920
C:\Users\ASUS\Desktop\SLIIT\Year 4\Semester 2\Deep Learning\Assignment\SE4050-Deep-Learning-Assignment\data\train\India\images\India_002498.jpg,India,4,0,0,0,1,['D40'],D40,test,1921
C:\Users\ASUS\Desktop\SLIIT\Year 4\Semester 2\Deep Learning\Assignment\SE4050-Deep-Learning-Assignment\data\train\India\images\India_002499.jpg,India,4,0,0,1,1,"['D20', 'D40']",D20,train,40
C:\Users\ASUS\Desktop\SLIIT\Year 4\Semester 2\Deep Learning\Assignment\SE4050-Deep-Learning-Assignment\data\train\India\images\India_002503.jpg,India,4,1,1,0,0,"['D00', 'D10']",D00,train,1922
C:\Users\ASUS\Desktop\SLIIT\Year 4\Semester 2\Deep Learning\Assignment\SE4050-Deep-Learning-Assignment\data\train\India\images\India_002508.jpg,India,1,1,0,0,0,['D00'],D00,train,1923
C:\Users\ASUS\Desktop\SLIIT\Year 4\Semester 2\Deep Learning\Assignment\SE4050-Deep-Learning-Assignment\data\train\India\images\India_002509.jpg,India,5,1,0,1,1,"['D00', 'D20', 'D40']",D00,train,1924
C:\Users\ASUS\Desktop\SLIIT\Year 4\Semester 2\Deep Learning\Assignment\SE4050-Deep-Learning-Assignment\data\train\India\images\India_002512.jpg,India,1,0,0,1,0,['D20'],D20,train,1925
C:\Users\ASUS\Desktop\SLIIT\Year 4\Semester 2\Deep Learning\Assignment\SE4050-Deep-Learning-Assignment\data\train\India\images\India_002516.jpg,India,1,0,0,0,1,['D40'],D40,train,1926
C:\Users\ASUS\Desktop\SLIIT\Year 4\Semester 2\Deep Learning\Assignment\SE4050-Deep-Learning-Assignment\data\train\India\images\India_002522.jpg,India,3,1,0,1,0,"['D00', 'D20']",D00,train,1927
C:\Users\ASUS\Desktop\SLIIT\Year 4\Semester 2\Deep Learning\Assignment\SE4050-Deep-Learning-Assignment\data\train\India\images\India_002523.jpg,India,3,0,0,0,1,['D40'],D40,train,1928
C:\Users\ASUS\Desktop\SLIIT\Year 4\Semester 2\Deep Learning\Assignment\SE4050-Deep-Learning-Assignment\data\train\India\images\India_002544.jpg,India,1,0,0,1,0,['D20'],D20,val,1929
C:\Users\ASUS\Desktop\SLIIT\Year 4\Semester 2\Deep Learning\Assignment\SE4050-Deep-Learning-Assignment\data\train\India\images\India_002549.jpg,India,2,0,0,0,1,['D40'],D40,train,2
C:\Users\ASUS\Desktop\SLIIT\Year 4\Semester 2\Deep Learning\Assignment\SE4050-Deep-Learning-Assignment\data\train\India\images\India_002550.jpg,India,3,0,0,1,1,"['D20', 'D40']",D20,test,1930
C:\Users\ASUS\Desktop\SLIIT\Year 4\Semester 2\Deep Learning\Assignment\SE4050-Deep-Learning-Assignment\data\train\India\images\India_002551.jpg,India,2,1,0,1,0,"['D00', 'D20']",D00,train,1931
C:\Users\ASUS\Desktop\SLIIT\Year 4\Semester 2\Deep Learning\Assignment\SE4050-Deep-Learning-Assignment\data\train\India\images\India_002553.jpg,India,2,0,0,1,1,"['D20', 'D40']",D20,train,1932
C:\Users\ASUS\Desktop\SLIIT\Year 4\Semester 2\Deep Learning\Assignment\SE4050-Deep-Learning-Assignment\data\train\India\images\India_002556.jpg,India,2,1,1,0,0,"['D00', 'D10']",D00,val,16
C:\Users\ASUS\Desktop\SLIIT\Year 4\Semester 2\Deep Learning\Assignment\SE4050-Deep-Learning-Assignment\data\train\India\images\India_002557.jpg,India,3,1,0,0,0,['D00'],D00,test,1933
C:\Users\ASUS\Desktop\SLIIT\Year 4\Semester 2\Deep Learning\Assignment\SE4050-Deep-Learning-Assignment\data\train\India\images\India_002558.jpg,India,2,0,0,1,0,['D20'],D20,test,3
C:\Users\ASUS\Desktop\SLIIT\Year 4\Semester 2\Deep Learning\Assignment\SE4050-Deep-Learning-Assignment\data\train\India\images\India_002562.jpg,India,5,0,0,0,1,['D40'],D40,train,1934
C:\Users\ASUS\Desktop\SLIIT\Year 4\Semester 2\Deep Learning\Assignment\SE4050-Deep-Learning-Assignment\data\train\India\images\India_002563.jpg,India,2,0,0,0,1,['D40'],D40,test,1935
C:\Users\ASUS\Desktop\SLIIT\Year 4\Semester 2\Deep Learning\Assignment\SE4050-Deep-Learning-Assignment\data\train\India\images\India_002565.jpg,India,1,0,0,1,0,['D20'],D20,val,1936
C:\Users\ASUS\Desktop\SLIIT\Year 4\Semester 2\Deep Learning\Assignment\SE4050-Deep-Learning-Assignment\data\train\India\images\India_002566.jpg,India,2,1,0,1,0,"['D00', 'D20']",D00,train,0
C:\Users\ASUS\Desktop\SLIIT\Year 4\Semester 2\Deep Learning\Assignment\SE4050-Deep-Learning-Assignment\data\train\India\images\India_002567.jpg,India,1,0,0,0,1,['D40'],D40,train,1937
C:\Users\ASUS\Desktop\SLIIT\Year 4\Semester 2\Deep Learning\Assignment\SE4050-Deep-Learning-Assignment\data\train\India\images\India_002570.jpg,India,1,0,0,0,1,['D40'],D40,train,1938
C:\Users\ASUS\Desktop\SLIIT\Year 4\Semester 2\Deep Learning\Assignment\SE4050-Deep-Learning-Assignment\data\train\India\images\India_002573.jpg,India,2,0,0,0,1,['D40'],D40,train,1939
C:\Users\ASUS\Desktop\SLIIT\Year 4\Semester 2\Deep Learning\Assignment\SE4050-Deep-Learning-Assignment\data\train\India\images\India_002576.jpg,India,4,1,0,1,0,"['D00', 'D20']",D00,train,1940
C:\Users\ASUS\Desktop\SLIIT\Year 4\Semester 2\Deep Learning\Assignment\SE4050-Deep-Learning-Assignment\data\train\India\images\India_002582.jpg,India,1,0,0,1,0,['D20'],D20,train,1941
C:\Users\ASUS\Desktop\SLIIT\Year 4\Semester 2\Deep Learning\Assignment\SE4050-Deep-Learning-Assignment\data\train\India\images\India_002585.jpg,India,1,0,0,0,1,['D40'],D40,train,1942
C:\Users\ASUS\Desktop\SLIIT\Year 4\Semester 2\Deep Learning\Assignment\SE4050-Deep-Learning-Assignment\data\train\India\images\India_002591.jpg,India,1,0,0,0,1,['D40'],D40,train,1943
C:\Users\ASUS\Desktop\SLIIT\Year 4\Semester 2\Deep Learning\Assignment\SE4050-Deep-Learning-Assignment\data\train\India\images\India_002592.jpg,India,1,0,0,1,0,['D20'],D20,val,1944
C:\Users\ASUS\Desktop\SLIIT\Year 4\Semester 2\Deep Learning\Assignment\SE4050-Deep-Learning-Assignment\data\train\India\images\India_002593.jpg,India,1,0,0,0,1,['D40'],D40,val,1945
C:\Users\ASUS\Desktop\SLIIT\Year 4\Semester 2\Deep Learning\Assignment\SE4050-Deep-Learning-Assignment\data\train\India\images\India_002594.jpg,India,3,0,0,1,1,"['D20', 'D40']",D20,train,1946
C:\Users\ASUS\Desktop\SLIIT\Year 4\Semester 2\Deep Learning\Assignment\SE4050-Deep-Learning-Assignment\data\train\India\images\India_002605.jpg,India,1,0,0,1,0,['D20'],D20,train,1947
C:\Users\ASUS\Desktop\SLIIT\Year 4\Semester 2\Deep Learning\Assignment\SE4050-Deep-Learning-Assignment\data\train\India\images\India_002608.jpg,India,4,0,0,0,1,['D40'],D40,val,1948
C:\Users\ASUS\Desktop\SLIIT\Year 4\Semester 2\Deep Learning\Assignment\SE4050-Deep-Learning-Assignment\data\train\India\images\India_002611.jpg,India,3,1,0,1,0,"['D00', 'D20']",D00,train,1949
C:\Users\ASUS\Desktop\SLIIT\Year 4\Semester 2\Deep Learning\Assignment\SE4050-Deep-Learning-Assignment\data\train\India\images\India_002614.jpg,India,2,1,0,1,0,"['D00', 'D20']",D00,train,1950
C:\Users\ASUS\Desktop\SLIIT\Year 4\Semester 2\Deep Learning\Assignment\SE4050-Deep-Learning-Assignment\data\train\India\images\India_002616.jpg,India,2,1,0,1,0,"['D00', 'D20']",D00,train,1951
C:\Users\ASUS\Desktop\SLIIT\Year 4\Semester 2\Deep Learning\Assignment\SE4050-Deep-Learning-Assignment\data\train\India\images\India_002618.jpg,India,2,1,0,0,0,['D00'],D00,train,1952
C:\Users\ASUS\Desktop\SLIIT\Year 4\Semester 2\Deep Learning\Assignment\SE4050-Deep-Learning-Assignment\data\train\India\images\India_002629.jpg,India,1,1,0,0,0,['D00'],D00,train,1953
C:\Users\ASUS\Desktop\SLIIT\Year 4\Semester 2\Deep Learning\Assignment\SE4050-Deep-Learning-Assignment\data\train\India\images\India_002642.jpg,India,3,1,0,0,1,"['D00', 'D40']",D00,train,1954
C:\Users\ASUS\Desktop\SLIIT\Year 4\Semester 2\Deep Learning\Assignment\SE4050-Deep-Learning-Assignment\data\train\India\images\India_002644.jpg,India,2,1,0,1,0,"['D00', 'D20']",D00,train,1955
C:\Users\ASUS\Desktop\SLIIT\Year 4\Semester 2\Deep Learning\Assignment\SE4050-Deep-Learning-Assignment\data\train\India\images\India_002646.jpg,India,5,1,1,1,0,"['D00', 'D10', 'D20']",D00,train,1956
C:\Users\ASUS\Desktop\SLIIT\Year 4\Semester 2\Deep Learning\Assignment\SE4050-Deep-Learning-Assignment\data\train\India\images\India_002652.jpg,India,2,1,0,1,0,"['D00', 'D20']",D00,train,1957
C:\Users\ASUS\Desktop\SLIIT\Year 4\Semester 2\Deep Learning\Assignment\SE4050-Deep-Learning-Assignment\data\train\India\images\India_002656.jpg,India,1,1,0,0,0,['D00'],D00,test,1958
C:\Users\ASUS\Desktop\SLIIT\Year 4\Semester 2\Deep Learning\Assignment\SE4050-Deep-Learning-Assignment\data\train\India\images\India_002658.jpg,India,1,0,0,0,1,['D40'],D40,train,1959
C:\Users\ASUS\Desktop\SLIIT\Year 4\Semester 2\Deep Learning\Assignment\SE4050-Deep-Learning-Assignment\data\train\India\images\India_002664.jpg,India,1,0,0,0,1,['D40'],D40,train,41
C:\Users\ASUS\Desktop\SLIIT\Year 4\Semester 2\Deep Learning\Assignment\SE4050-Deep-Learning-Assignment\data\train\India\images\India_002665.jpg,India,1,0,0,0,1,['D40'],D40,val,1960
C:\Users\ASUS\Desktop\SLIIT\Year 4\Semester 2\Deep Learning\Assignment\SE4050-Deep-Learning-Assignment\data\train\India\images\India_002666.jpg,India,2,0,0,1,0,['D20'],D20,train,0
C:\Users\ASUS\Desktop\SLIIT\Year 4\Semester 2\Deep Learning\Assignment\SE4050-Deep-Learning-Assignment\data\train\India\images\India_002667.jpg,India,1,0,0,0,1,['D40'],D40,test,1961
C:\Users\ASUS\Desktop\SLIIT\Year 4\Semester 2\Deep Learning\Assignment\SE4050-Deep-Learning-Assignment\data\train\India\images\India_002668.jpg,India,2,1,0,1,0,"['D00', 'D20']",D00,train,0
C:\Users\ASUS\Desktop\SLIIT\Year 4\Semester 2\Deep Learning\Assignment\SE4050-Deep-Learning-Assignment\data\train\India\images\India_002673.jpg,India,1,0,0,0,1,['D40'],D40,test,1962
C:\Users\ASUS\Desktop\SLIIT\Year 4\Semester 2\Deep Learning\Assignment\SE4050-Deep-Learning-Assignment\data\train\India\images\India_002678.jpg,India,2,1,0,0,1,"['D00', 'D40']",D00,train,1963
C:\Users\ASUS\Desktop\SLIIT\Year 4\Semester 2\Deep Learning\Assignment\SE4050-Deep-Learning-Assignment\data\train\India\images\India_002679.jpg,India,2,0,0,0,1,['D40'],D40,val,1964
C:\Users\ASUS\Desktop\SLIIT\Year 4\Semester 2\Deep Learning\Assignment\SE4050-Deep-Learning-Assignment\data\train\India\images\India_002681.jpg,India,3,1,0,0,1,"['D00', 'D40']",D00,train,1965
C:\Users\ASUS\Desktop\SLIIT\Year 4\Semester 2\Deep Learning\Assignment\SE4050-Deep-Learning-Assignment\data\train\India\images\India_002685.jpg,India,1,0,0,0,1,['D40'],D40,test,1966
C:\Users\ASUS\Desktop\SLIIT\Year 4\Semester 2\Deep Learning\Assignment\SE4050-Deep-Learning-Assignment\data\train\India\images\India_002689.jpg,India,1,0,0,1,0,['D20'],D20,train,1967
C:\Users\ASUS\Desktop\SLIIT\Year 4\Semester 2\Deep Learning\Assignment\SE4050-Deep-Learning-Assignment\data\train\India\images\India_002696.jpg,India,6,1,0,1,1,"['D00', 'D20', 'D40']",D00,train,2
C:\Users\ASUS\Desktop\SLIIT\Year 4\Semester 2\Deep Learning\Assignment\SE4050-Deep-Learning-Assignment\data\train\India\images\India_002700.jpg,India,2,1,0,1,0,"['D00', 'D20']",D00,test,1968
C:\Users\ASUS\Desktop\SLIIT\Year 4\Semester 2\Deep Learning\Assignment\SE4050-Deep-Learning-Assignment\data\train\India\images\India_002702.jpg,India,2,0,0,1,1,"['D20', 'D40']",D20,train,1969
C:\Users\ASUS\Desktop\SLIIT\Year 4\Semester 2\Deep Learning\Assignment\SE4050-Deep-Learning-Assignment\data\train\India\images\India_002703.jpg,India,1,1,0,0,0,['D00'],D00,train,1970
C:\Users\ASUS\Desktop\SLIIT\Year 4\Semester 2\Deep Learning\Assignment\SE4050-Deep-Learning-Assignment\data\train\India\images\India_002705.jpg,India,1,1,0,0,0,['D00'],D00,train,1971
C:\Users\ASUS\Desktop\SLIIT\Year 4\Semester 2\Deep Learning\Assignment\SE4050-Deep-Learning-Assignment\data\train\India\images\India_002708.jpg,India,3,1,0,0,1,"['D00', 'D40']",D00,train,1972
C:\Users\ASUS\Desktop\SLIIT\Year 4\Semester 2\Deep Learning\Assignment\SE4050-Deep-Learning-Assignment\data\train\India\images\India_002710.jpg,India,3,1,0,0,0,['D00'],D00,train,10
C:\Users\ASUS\Desktop\SLIIT\Year 4\Semester 2\Deep Learning\Assignment\SE4050-Deep-Learning-Assignment\data\train\India\images\India_002713.jpg,India,2,0,0,1,1,"['D20', 'D40']",D20,val,1973
C:\Users\ASUS\Desktop\SLIIT\Year 4\Semester 2\Deep Learning\Assignment\SE4050-Deep-Learning-Assignment\data\train\India\images\India_002714.jpg,India,3,1,0,1,1,"['D00', 'D20', 'D40']",D00,train,1974
C:\Users\ASUS\Desktop\SLIIT\Year 4\Semester 2\Deep Learning\Assignment\SE4050-Deep-Learning-Assignment\data\train\India\images\India_002716.jpg,India,1,1,0,0,0,['D00'],D00,val,1975
C:\Users\ASUS\Desktop\SLIIT\Year 4\Semester 2\Deep Learning\Assignment\SE4050-Deep-Learning-Assignment\data\train\India\images\India_002717.jpg,India,3,1,0,1,0,"['D00', 'D20']",D00,test,1976
C:\Users\ASUS\Desktop\SLIIT\Year 4\Semester 2\Deep Learning\Assignment\SE4050-Deep-Learning-Assignment\data\train\India\images\India_002723.jpg,India,1,1,0,0,0,['D00'],D00,train,1977
C:\Users\ASUS\Desktop\SLIIT\Year 4\Semester 2\Deep Learning\Assignment\SE4050-Deep-Learning-Assignment\data\train\India\images\India_002725.jpg,India,2,1,0,0,0,['D00'],D00,val,1978
C:\Users\ASUS\Desktop\SLIIT\Year 4\Semester 2\Deep Learning\Assignment\SE4050-Deep-Learning-Assignment\data\train\India\images\India_002726.jpg,India,2,1,0,0,0,['D00'],D00,train,1979
C:\Users\ASUS\Desktop\SLIIT\Year 4\Semester 2\Deep Learning\Assignment\SE4050-Deep-Learning-Assignment\data\train\India\images\India_002729.jpg,India,1,0,0,1,0,['D20'],D20,test,1980
C:\Users\ASUS\Desktop\SLIIT\Year 4\Semester 2\Deep Learning\Assignment\SE4050-Deep-Learning-Assignment\data\train\India\images\India_002730.jpg,India,1,0,0,1,0,['D20'],D20,val,1981
C:\Users\ASUS\Desktop\SLIIT\Year 4\Semester 2\Deep Learning\Assignment\SE4050-Deep-Learning-Assignment\data\train\India\images\India_002735.jpg,India,1,0,0,0,1,['D40'],D40,test,1982
C:\Users\ASUS\Desktop\SLIIT\Year 4\Semester 2\Deep Learning\Assignment\SE4050-Deep-Learning-Assignment\data\train\India\images\India_002737.jpg,India,1,1,0,0,0,['D00'],D00,train,1983
C:\Users\ASUS\Desktop\SLIIT\Year 4\Semester 2\Deep Learning\Assignment\SE4050-Deep-Learning-Assignment\data\train\India\images\India_002739.jpg,India,1,1,0,0,0,['D00'],D00,train,1984
C:\Users\ASUS\Desktop\SLIIT\Year 4\Semester 2\Deep Learning\Assignment\SE4050-Deep-Learning-Assignment\data\train\India\images\India_002745.jpg,India,4,1,0,1,1,"['D00', 'D20', 'D40']",D00,test,1985
C:\Users\ASUS\Desktop\SLIIT\Year 4\Semester 2\Deep Learning\Assignment\SE4050-Deep-Learning-Assignment\data\train\India\images\India_002749.jpg,India,2,0,0,1,0,['D20'],D20,test,1986
C:\Users\ASUS\Desktop\SLIIT\Year 4\Semester 2\Deep Learning\Assignment\SE4050-Deep-Learning-Assignment\data\train\India\images\India_002757.jpg,India,4,1,0,0,1,"['D00', 'D40']",D00,train,1987
C:\Users\ASUS\Desktop\SLIIT\Year 4\Semester 2\Deep Learning\Assignment\SE4050-Deep-Learning-Assignment\data\train\India\images\India_002759.jpg,India,1,0,0,0,1,['D40'],D40,test,1988
C:\Users\ASUS\Desktop\SLIIT\Year 4\Semester 2\Deep Learning\Assignment\SE4050-Deep-Learning-Assignment\data\train\India\images\India_002771.jpg,India,1,0,0,0,1,['D40'],D40,train,1989
C:\Users\ASUS\Desktop\SLIIT\Year 4\Semester 2\Deep Learning\Assignment\SE4050-Deep-Learning-Assignment\data\train\India\images\India_002772.jpg,India,5,1,0,0,1,"['D00', 'D40']",D00,train,1990
C:\Users\ASUS\Desktop\SLIIT\Year 4\Semester 2\Deep Learning\Assignment\SE4050-Deep-Learning-Assignment\data\train\India\images\India_002775.jpg,India,4,1,0,0,1,"['D00', 'D40']",D00,train,1991
C:\Users\ASUS\Desktop\SLIIT\Year 4\Semester 2\Deep Learning\Assignment\SE4050-Deep-Learning-Assignment\data\train\India\images\India_002777.jpg,India,2,0,0,1,1,"['D20', 'D40']",D20,train,1992
C:\Users\ASUS\Desktop\SLIIT\Year 4\Semester 2\Deep Learning\Assignment\SE4050-Deep-Learning-Assignment\data\train\India\images\India_002784.jpg,India,7,1,0,1,1,"['D00', 'D20', 'D40']",D00,val,1993
C:\Users\ASUS\Desktop\SLIIT\Year 4\Semester 2\Deep Learning\Assignment\SE4050-Deep-Learning-Assignment\data\train\India\images\India_002787.jpg,India,2,0,0,1,0,['D20'],D20,train,0
C:\Users\ASUS\Desktop\SLIIT\Year 4\Semester 2\Deep Learning\Assignment\SE4050-Deep-Learning-Assignment\data\train\India\images\India_002790.jpg,India,2,0,0,0,1,['D40'],D40,train,1994
C:\Users\ASUS\Desktop\SLIIT\Year 4\Semester 2\Deep Learning\Assignment\SE4050-Deep-Learning-Assignment\data\train\India\images\India_002793.jpg,India,13,1,0,1,1,"['D00', 'D20', 'D40']",D00,train,1995
C:\Users\ASUS\Desktop\SLIIT\Year 4\Semester 2\Deep Learning\Assignment\SE4050-Deep-Learning-Assignment\data\train\India\images\India_002795.jpg,India,4,0,0,1,1,"['D20', 'D40']",D20,train,1996
C:\Users\ASUS\Desktop\SLIIT\Year 4\Semester 2\Deep Learning\Assignment\SE4050-Deep-Learning-Assignment\data\train\India\images\India_002804.jpg,India,3,1,0,1,1,"['D00', 'D20', 'D40']",D00,train,42
C:\Users\ASUS\Desktop\SLIIT\Year 4\Semester 2\Deep Learning\Assignment\SE4050-Deep-Learning-Assignment\data\train\India\images\India_002810.jpg,India,1,0,0,0,1,['D40'],D40,train,1997
C:\Users\ASUS\Desktop\SLIIT\Year 4\Semester 2\Deep Learning\Assignment\SE4050-Deep-Learning-Assignment\data\train\India\images\India_002815.jpg,India,1,0,0,1,0,['D20'],D20,val,1998
C:\Users\ASUS\Desktop\SLIIT\Year 4\Semester 2\Deep Learning\Assignment\SE4050-Deep-Learning-Assignment\data\train\India\images\India_002818.jpg,India,2,1,0,0,1,"['D00', 'D40']",D00,test,1999
C:\Users\ASUS\Desktop\SLIIT\Year 4\Semester 2\Deep Learning\Assignment\SE4050-Deep-Learning-Assignment\data\train\India\images\India_002821.jpg,India,3,1,0,1,0,"['D00', 'D20']",D00,train,2000
C:\Users\ASUS\Desktop\SLIIT\Year 4\Semester 2\Deep Learning\Assignment\SE4050-Deep-Learning-Assignment\data\train\India\images\India_002832.jpg,India,2,0,0,0,1,['D40'],D40,train,2001
C:\Users\ASUS\Desktop\SLIIT\Year 4\Semester 2\Deep Learning\Assignment\SE4050-Deep-Learning-Assignment\data\train\India\images\India_002839.jpg,India,1,0,0,1,0,['D20'],D20,test,2002
C:\Users\ASUS\Desktop\SLIIT\Year 4\Semester 2\Deep Learning\Assignment\SE4050-Deep-Learning-Assignment\data\train\India\images\India_002843.jpg,India,2,0,0,1,1,"['D20', 'D40']",D20,val,2003
C:\Users\ASUS\Desktop\SLIIT\Year 4\Semester 2\Deep Learning\Assignment\SE4050-Deep-Learning-Assignment\data\train\India\images\India_002846.jpg,India,1,0,0,0,1,['D40'],D40,train,2004
C:\Users\ASUS\Desktop\SLIIT\Year 4\Semester 2\Deep Learning\Assignment\SE4050-Deep-Learning-Assignment\data\train\India\images\India_002847.jpg,India,2,1,0,0,0,['D00'],D00,train,2005
C:\Users\ASUS\Desktop\SLIIT\Year 4\Semester 2\Deep Learning\Assignment\SE4050-Deep-Learning-Assignment\data\train\India\images\India_002849.jpg,India,2,0,0,1,0,['D20'],D20,train,2006
C:\Users\ASUS\Desktop\SLIIT\Year 4\Semester 2\Deep Learning\Assignment\SE4050-Deep-Learning-Assignment\data\train\India\images\India_002854.jpg,India,1,0,0,0,1,['D40'],D40,train,43
C:\Users\ASUS\Desktop\SLIIT\Year 4\Semester 2\Deep Learning\Assignment\SE4050-Deep-Learning-Assignment\data\train\India\images\India_002858.jpg,India,3,1,0,1,0,"['D00', 'D20']",D00,train,2007
C:\Users\ASUS\Desktop\SLIIT\Year 4\Semester 2\Deep Learning\Assignment\SE4050-Deep-Learning-Assignment\data\train\India\images\India_002860.jpg,India,3,0,0,0,1,['D40'],D40,train,2008
C:\Users\ASUS\Desktop\SLIIT\Year 4\Semester 2\Deep Learning\Assignment\SE4050-Deep-Learning-Assignment\data\train\India\images\India_002871.jpg,India,3,0,0,0,1,['D40'],D40,train,2009
C:\Users\ASUS\Desktop\SLIIT\Year 4\Semester 2\Deep Learning\Assignment\SE4050-Deep-Learning-Assignment\data\train\India\images\India_002873.jpg,India,2,1,0,1,0,"['D00', 'D20']",D00,train,2010
C:\Users\ASUS\Desktop\SLIIT\Year 4\Semester 2\Deep Learning\Assignment\SE4050-Deep-Learning-Assignment\data\train\India\images\India_002875.jpg,India,2,0,0,1,1,"['D20', 'D40']",D20,train,2011
C:\Users\ASUS\Desktop\SLIIT\Year 4\Semester 2\Deep Learning\Assignment\SE4050-Deep-Learning-Assignment\data\train\India\images\India_002877.jpg,India,5,1,0,0,1,"['D00', 'D40']",D00,train,2012
C:\Users\ASUS\Desktop\SLIIT\Year 4\Semester 2\Deep Learning\Assignment\SE4050-Deep-Learning-Assignment\data\train\India\images\India_002880.jpg,India,3,1,0,0,1,"['D00', 'D40']",D00,val,2013
C:\Users\ASUS\Desktop\SLIIT\Year 4\Semester 2\Deep Learning\Assignment\SE4050-Deep-Learning-Assignment\data\train\India\images\India_002881.jpg,India,1,0,0,0,1,['D40'],D40,val,1
C:\Users\ASUS\Desktop\SLIIT\Year 4\Semester 2\Deep Learning\Assignment\SE4050-Deep-Learning-Assignment\data\train\India\images\India_002884.jpg,India,3,0,0,1,0,['D20'],D20,test,2014
C:\Users\ASUS\Desktop\SLIIT\Year 4\Semester 2\Deep Learning\Assignment\SE4050-Deep-Learning-Assignment\data\train\India\images\India_002889.jpg,India,1,0,0,0,1,['D40'],D40,train,2015
C:\Users\ASUS\Desktop\SLIIT\Year 4\Semester 2\Deep Learning\Assignment\SE4050-Deep-Learning-Assignment\data\train\India\images\India_002892.jpg,India,2,0,0,1,0,['D20'],D20,train,2016
C:\Users\ASUS\Desktop\SLIIT\Year 4\Semester 2\Deep Learning\Assignment\SE4050-Deep-Learning-Assignment\data\train\India\images\India_002894.jpg,India,2,0,0,0,1,['D40'],D40,train,2017
C:\Users\ASUS\Desktop\SLIIT\Year 4\Semester 2\Deep Learning\Assignment\SE4050-Deep-Learning-Assignment\data\train\India\images\India_002895.jpg,India,3,1,0,1,0,"['D00', 'D20']",D00,train,2018
C:\Users\ASUS\Desktop\SLIIT\Year 4\Semester 2\Deep Learning\Assignment\SE4050-Deep-Learning-Assignment\data\train\India\images\India_002900.jpg,India,2,0,0,1,0,['D20'],D20,val,2019
C:\Users\ASUS\Desktop\SLIIT\Year 4\Semester 2\Deep Learning\Assignment\SE4050-Deep-Learning-Assignment\data\train\India\images\India_002901.jpg,India,1,0,0,0,1,['D40'],D40,train,2020
C:\Users\ASUS\Desktop\SLIIT\Year 4\Semester 2\Deep Learning\Assignment\SE4050-Deep-Learning-Assignment\data\train\India\images\India_002903.jpg,India,3,1,0,0,1,"['D00', 'D40']",D00,val,2021
C:\Users\ASUS\Desktop\SLIIT\Year 4\Semester 2\Deep Learning\Assignment\SE4050-Deep-Learning-Assignment\data\train\India\images\India_002905.jpg,India,1,1,0,0,0,['D00'],D00,train,2022
C:\Users\ASUS\Desktop\SLIIT\Year 4\Semester 2\Deep Learning\Assignment\SE4050-Deep-Learning-Assignment\data\train\India\images\India_002914.jpg,India,2,0,0,0,1,['D40'],D40,train,2023
C:\Users\ASUS\Desktop\SLIIT\Year 4\Semester 2\Deep Learning\Assignment\SE4050-Deep-Learning-Assignment\data\train\India\images\India_002921.jpg,India,1,0,0,0,1,['D40'],D40,train,2024
C:\Users\ASUS\Desktop\SLIIT\Year 4\Semester 2\Deep Learning\Assignment\SE4050-Deep-Learning-Assignment\data\train\India\images\India_002924.jpg,India,5,1,0,0,1,"['D00', 'D40']",D00,train,2025
C:\Users\ASUS\Desktop\SLIIT\Year 4\Semester 2\Deep Learning\Assignment\SE4050-Deep-Learning-Assignment\data\train\India\images\India_002925.jpg,India,3,1,0,0,1,"['D00', 'D40']",D00,train,2026
C:\Users\ASUS\Desktop\SLIIT\Year 4\Semester 2\Deep Learning\Assignment\SE4050-Deep-Learning-Assignment\data\train\India\images\India_002932.jpg,India,2,1,0,0,0,['D00'],D00,test,2027
C:\Users\ASUS\Desktop\SLIIT\Year 4\Semester 2\Deep Learning\Assignment\SE4050-Deep-Learning-Assignment\data\train\India\images\India_002934.jpg,India,2,0,0,1,0,['D20'],D20,test,2028
C:\Users\ASUS\Desktop\SLIIT\Year 4\Semester 2\Deep Learning\Assignment\SE4050-Deep-Learning-Assignment\data\train\India\images\India_002936.jpg,India,2,0,0,1,0,['D20'],D20,train,2029
C:\Users\ASUS\Desktop\SLIIT\Year 4\Semester 2\Deep Learning\Assignment\SE4050-Deep-Learning-Assignment\data\train\India\images\India_002939.jpg,India,4,1,0,0,1,"['D00', 'D40']",D00,train,2030
C:\Users\ASUS\Desktop\SLIIT\Year 4\Semester 2\Deep Learning\Assignment\SE4050-Deep-Learning-Assignment\data\train\India\images\India_002945.jpg,India,5,0,0,0,1,['D40'],D40,val,2031
C:\Users\ASUS\Desktop\SLIIT\Year 4\Semester 2\Deep Learning\Assignment\SE4050-Deep-Learning-Assignment\data\train\India\images\India_002946.jpg,India,3,0,0,1,1,"['D20', 'D40']",D20,test,2032
C:\Users\ASUS\Desktop\SLIIT\Year 4\Semester 2\Deep Learning\Assignment\SE4050-Deep-Learning-Assignment\data\train\India\images\India_002948.jpg,India,1,0,0,0,1,['D40'],D40,train,2033
C:\Users\ASUS\Desktop\SLIIT\Year 4\Semester 2\Deep Learning\Assignment\SE4050-Deep-Learning-Assignment\data\train\India\images\India_002949.jpg,India,1,0,0,1,0,['D20'],D20,val,2034
C:\Users\ASUS\Desktop\SLIIT\Year 4\Semester 2\Deep Learning\Assignment\SE4050-Deep-Learning-Assignment\data\train\India\images\India_002954.jpg,India,4,1,0,1,1,"['D00', 'D20', 'D40']",D00,train,2035
C:\Users\ASUS\Desktop\SLIIT\Year 4\Semester 2\Deep Learning\Assignment\SE4050-Deep-Learning-Assignment\data\train\India\images\India_002956.jpg,India,1,0,0,0,1,['D40'],D40,train,2036
C:\Users\ASUS\Desktop\SLIIT\Year 4\Semester 2\Deep Learning\Assignment\SE4050-Deep-Learning-Assignment\data\train\India\images\India_002960.jpg,India,4,1,0,0,1,"['D00', 'D40']",D00,test,2037
C:\Users\ASUS\Desktop\SLIIT\Year 4\Semester 2\Deep Learning\Assignment\SE4050-Deep-Learning-Assignment\data\train\India\images\India_002961.jpg,India,2,1,0,0,0,['D00'],D00,train,2038
C:\Users\ASUS\Desktop\SLIIT\Year 4\Semester 2\Deep Learning\Assignment\SE4050-Deep-Learning-Assignment\data\train\India\images\India_002965.jpg,India,1,0,0,1,0,['D20'],D20,train,2039
C:\Users\ASUS\Desktop\SLIIT\Year 4\Semester 2\Deep Learning\Assignment\SE4050-Deep-Learning-Assignment\data\train\India\images\India_002967.jpg,India,2,0,0,1,0,['D20'],D20,val,2040
C:\Users\ASUS\Desktop\SLIIT\Year 4\Semester 2\Deep Learning\Assignment\SE4050-Deep-Learning-Assignment\data\train\India\images\India_002968.jpg,India,3,1,0,1,1,"['D00', 'D20', 'D40']",D00,train,2041
C:\Users\ASUS\Desktop\SLIIT\Year 4\Semester 2\Deep Learning\Assignment\SE4050-Deep-Learning-Assignment\data\train\India\images\India_002970.jpg,India,2,1,0,1,0,"['D00', 'D20']",D00,train,2042
C:\Users\ASUS\Desktop\SLIIT\Year 4\Semester 2\Deep Learning\Assignment\SE4050-Deep-Learning-Assignment\data\train\India\images\India_002972.jpg,India,7,1,0,0,1,"['D00', 'D40']",D00,train,2043
C:\Users\ASUS\Desktop\SLIIT\Year 4\Semester 2\Deep Learning\Assignment\SE4050-Deep-Learning-Assignment\data\train\India\images\India_002973.jpg,India,3,0,0,1,1,"['D20', 'D40']",D20,train,2044
C:\Users\ASUS\Desktop\SLIIT\Year 4\Semester 2\Deep Learning\Assignment\SE4050-Deep-Learning-Assignment\data\train\India\images\India_002976.jpg,India,1,0,0,0,1,['D40'],D40,train,2045
C:\Users\ASUS\Desktop\SLIIT\Year 4\Semester 2\Deep Learning\Assignment\SE4050-Deep-Learning-Assignment\data\train\India\images\India_002978.jpg,India,2,1,0,0,1,"['D00', 'D40']",D00,train,2046
C:\Users\ASUS\Desktop\SLIIT\Year 4\Semester 2\Deep Learning\Assignment\SE4050-Deep-Learning-Assignment\data\train\India\images\India_002981.jpg,India,2,1,0,1,0,"['D00', 'D20']",D00,test,2047
C:\Users\ASUS\Desktop\SLIIT\Year 4\Semester 2\Deep Learning\Assignment\SE4050-Deep-Learning-Assignment\data\train\India\images\India_002984.jpg,India,4,1,0,1,0,"['D00', 'D20']",D00,train,2048
C:\Users\ASUS\Desktop\SLIIT\Year 4\Semester 2\Deep Learning\Assignment\SE4050-Deep-Learning-Assignment\data\train\India\images\India_002985.jpg,India,1,1,0,0,0,['D00'],D00,train,2049
C:\Users\ASUS\Desktop\SLIIT\Year 4\Semester 2\Deep Learning\Assignment\SE4050-Deep-Learning-Assignment\data\train\India\images\India_002991.jpg,India,2,0,0,1,0,['D20'],D20,train,2050
C:\Users\ASUS\Desktop\SLIIT\Year 4\Semester 2\Deep Learning\Assignment\SE4050-Deep-Learning-Assignment\data\train\India\images\India_002994.jpg,India,1,0,0,0,1,['D40'],D40,train,2051
C:\Users\ASUS\Desktop\SLIIT\Year 4\Semester 2\Deep Learning\Assignment\SE4050-Deep-Learning-Assignment\data\train\India\images\India_002995.jpg,India,5,1,0,1,1,"['D00', 'D20', 'D40']",D00,train,2052
C:\Users\ASUS\Desktop\SLIIT\Year 4\Semester 2\Deep Learning\Assignment\SE4050-Deep-Learning-Assignment\data\train\India\images\India_003002.jpg,India,1,0,0,1,0,['D20'],D20,train,2053
C:\Users\ASUS\Desktop\SLIIT\Year 4\Semester 2\Deep Learning\Assignment\SE4050-Deep-Learning-Assignment\data\train\India\images\India_003006.jpg,India,2,0,0,1,1,"['D20', 'D40']",D20,train,2054
C:\Users\ASUS\Desktop\SLIIT\Year 4\Semester 2\Deep Learning\Assignment\SE4050-Deep-Learning-Assignment\data\train\India\images\India_003007.jpg,India,2,0,0,1,0,['D20'],D20,train,2055
C:\Users\ASUS\Desktop\SLIIT\Year 4\Semester 2\Deep Learning\Assignment\SE4050-Deep-Learning-Assignment\data\train\India\images\India_003011.jpg,India,2,0,0,1,1,"['D20', 'D40']",D20,train,2056
C:\Users\ASUS\Desktop\SLIIT\Year 4\Semester 2\Deep Learning\Assignment\SE4050-Deep-Learning-Assignment\data\train\India\images\India_003013.jpg,India,8,0,0,0,1,['D40'],D40,train,2057
C:\Users\ASUS\Desktop\SLIIT\Year 4\Semester 2\Deep Learning\Assignment\SE4050-Deep-Learning-Assignment\data\train\India\images\India_003014.jpg,India,1,0,0,1,0,['D20'],D20,train,2058
C:\Users\ASUS\Desktop\SLIIT\Year 4\Semester 2\Deep Learning\Assignment\SE4050-Deep-Learning-Assignment\data\train\India\images\India_003016.jpg,India,1,0,0,1,0,['D20'],D20,train,2059
C:\Users\ASUS\Desktop\SLIIT\Year 4\Semester 2\Deep Learning\Assignment\SE4050-Deep-Learning-Assignment\data\train\India\images\India_003017.jpg,India,1,0,0,0,1,['D40'],D40,val,2060
C:\Users\ASUS\Desktop\SLIIT\Year 4\Semester 2\Deep Learning\Assignment\SE4050-Deep-Learning-Assignment\data\train\India\images\India_003018.jpg,India,4,1,0,1,1,"['D00', 'D20', 'D40']",D00,val,30
C:\Users\ASUS\Desktop\SLIIT\Year 4\Semester 2\Deep Learning\Assignment\SE4050-Deep-Learning-Assignment\data\train\India\images\India_003028.jpg,India,3,0,0,0,1,['D40'],D40,train,2061
C:\Users\ASUS\Desktop\SLIIT\Year 4\Semester 2\Deep Learning\Assignment\SE4050-Deep-Learning-Assignment\data\train\India\images\India_003029.jpg,India,1,0,0,0,1,['D40'],D40,train,2062
C:\Users\ASUS\Desktop\SLIIT\Year 4\Semester 2\Deep Learning\Assignment\SE4050-Deep-Learning-Assignment\data\train\India\images\India_003033.jpg,India,2,1,0,0,1,"['D00', 'D40']",D00,train,2063
C:\Users\ASUS\Desktop\SLIIT\Year 4\Semester 2\Deep Learning\Assignment\SE4050-Deep-Learning-Assignment\data\train\India\images\India_003034.jpg,India,2,0,0,1,0,['D20'],D20,train,2064
C:\Users\ASUS\Desktop\SLIIT\Year 4\Semester 2\Deep Learning\Assignment\SE4050-Deep-Learning-Assignment\data\train\India\images\India_003036.jpg,India,1,1,0,0,0,['D00'],D00,val,2065
C:\Users\ASUS\Desktop\SLIIT\Year 4\Semester 2\Deep Learning\Assignment\SE4050-Deep-Learning-Assignment\data\train\India\images\India_003039.jpg,India,1,0,0,1,0,['D20'],D20,train,2066
C:\Users\ASUS\Desktop\SLIIT\Year 4\Semester 2\Deep Learning\Assignment\SE4050-Deep-Learning-Assignment\data\train\India\images\India_003042.jpg,India,2,0,0,1,1,"['D20', 'D40']",D20,train,2067
C:\Users\ASUS\Desktop\SLIIT\Year 4\Semester 2\Deep Learning\Assignment\SE4050-Deep-Learning-Assignment\data\train\India\images\India_003045.jpg,India,2,1,0,1,0,"['D00', 'D20']",D00,test,2068
C:\Users\ASUS\Desktop\SLIIT\Year 4\Semester 2\Deep Learning\Assignment\SE4050-Deep-Learning-Assignment\data\train\India\images\India_003048.jpg,India,1,0,0,0,1,['D40'],D40,train,2069
C:\Users\ASUS\Desktop\SLIIT\Year 4\Semester 2\Deep Learning\Assignment\SE4050-Deep-Learning-Assignment\data\train\India\images\India_003049.jpg,India,3,0,0,1,0,['D20'],D20,train,2070
C:\Users\ASUS\Desktop\SLIIT\Year 4\Semester 2\Deep Learning\Assignment\SE4050-Deep-Learning-Assignment\data\train\India\images\India_003051.jpg,India,2,0,0,0,1,['D40'],D40,train,2071
C:\Users\ASUS\Desktop\SLIIT\Year 4\Semester 2\Deep Learning\Assignment\SE4050-Deep-Learning-Assignment\data\train\India\images\India_003052.jpg,India,1,0,0,1,0,['D20'],D20,val,2072
C:\Users\ASUS\Desktop\SLIIT\Year 4\Semester 2\Deep Learning\Assignment\SE4050-Deep-Learning-Assignment\data\train\India\images\India_003054.jpg,India,2,0,0,1,0,['D20'],D20,val,2073
C:\Users\ASUS\Desktop\SLIIT\Year 4\Semester 2\Deep Learning\Assignment\SE4050-Deep-Learning-Assignment\data\train\India\images\India_003055.jpg,India,2,1,0,1,0,"['D00', 'D20']",D00,train,2074
C:\Users\ASUS\Desktop\SLIIT\Year 4\Semester 2\Deep Learning\Assignment\SE4050-Deep-Learning-Assignment\data\train\India\images\India_003056.jpg,India,6,0,0,0,1,['D40'],D40,train,2075
C:\Users\ASUS\Desktop\SLIIT\Year 4\Semester 2\Deep Learning\Assignment\SE4050-Deep-Learning-Assignment\data\train\India\images\India_003057.jpg,India,2,0,0,0,1,['D40'],D40,train,2076
C:\Users\ASUS\Desktop\SLIIT\Year 4\Semester 2\Deep Learning\Assignment\SE4050-Deep-Learning-Assignment\data\train\India\images\India_003062.jpg,India,2,1,0,1,0,"['D00', 'D20']",D00,val,2077
C:\Users\ASUS\Desktop\SLIIT\Year 4\Semester 2\Deep Learning\Assignment\SE4050-Deep-Learning-Assignment\data\train\India\images\India_003063.jpg,India,1,0,0,0,1,['D40'],D40,train,2078
C:\Users\ASUS\Desktop\SLIIT\Year 4\Semester 2\Deep Learning\Assignment\SE4050-Deep-Learning-Assignment\data\train\India\images\India_003065.jpg,India,3,0,0,0,1,['D40'],D40,train,2079
C:\Users\ASUS\Desktop\SLIIT\Year 4\Semester 2\Deep Learning\Assignment\SE4050-Deep-Learning-Assignment\data\train\India\images\India_003071.jpg,India,2,1,0,0,0,['D00'],D00,train,2080
C:\Users\ASUS\Desktop\SLIIT\Year 4\Semester 2\Deep Learning\Assignment\SE4050-Deep-Learning-Assignment\data\train\India\images\India_003075.jpg,India,2,0,0,1,0,['D20'],D20,train,2081
C:\Users\ASUS\Desktop\SLIIT\Year 4\Semester 2\Deep Learning\Assignment\SE4050-Deep-Learning-Assignment\data\train\India\images\India_003079.jpg,India,2,0,0,0,1,['D40'],D40,train,2082
C:\Users\ASUS\Desktop\SLIIT\Year 4\Semester 2\Deep Learning\Assignment\SE4050-Deep-Learning-Assignment\data\train\India\images\India_003081.jpg,India,3,1,0,0,0,['D00'],D00,train,2083
C:\Users\ASUS\Desktop\SLIIT\Year 4\Semester 2\Deep Learning\Assignment\SE4050-Deep-Learning-Assignment\data\train\India\images\India_003083.jpg,India,5,1,0,1,1,"['D00', 'D20', 'D40']",D00,train,2
C:\Users\ASUS\Desktop\SLIIT\Year 4\Semester 2\Deep Learning\Assignment\SE4050-Deep-Learning-Assignment\data\train\India\images\India_003085.jpg,India,3,1,0,0,1,"['D00', 'D40']",D00,train,2084
C:\Users\ASUS\Desktop\SLIIT\Year 4\Semester 2\Deep Learning\Assignment\SE4050-Deep-Learning-Assignment\data\train\India\images\India_003086.jpg,India,2,1,1,0,0,"['D00', 'D10']",D00,train,2085
C:\Users\ASUS\Desktop\SLIIT\Year 4\Semester 2\Deep Learning\Assignment\SE4050-Deep-Learning-Assignment\data\train\India\images\India_003087.jpg,India,3,0,0,1,1,"['D20', 'D40']",D20,test,2086
C:\Users\ASUS\Desktop\SLIIT\Year 4\Semester 2\Deep Learning\Assignment\SE4050-Deep-Learning-Assignment\data\train\India\images\India_003090.jpg,India,2,0,0,1,0,['D20'],D20,train,2087
C:\Users\ASUS\Desktop\SLIIT\Year 4\Semester 2\Deep Learning\Assignment\SE4050-Deep-Learning-Assignment\data\train\India\images\India_003093.jpg,India,5,1,0,1,0,"['D00', 'D20']",D00,train,2088
C:\Users\ASUS\Desktop\SLIIT\Year 4\Semester 2\Deep Learning\Assignment\SE4050-Deep-Learning-Assignment\data\train\India\images\India_003096.jpg,India,1,0,0,0,1,['D40'],D40,val,2089
C:\Users\ASUS\Desktop\SLIIT\Year 4\Semester 2\Deep Learning\Assignment\SE4050-Deep-Learning-Assignment\data\train\India\images\India_003100.jpg,India,5,1,0,0,1,"['D00', 'D40']",D00,train,2090
C:\Users\ASUS\Desktop\SLIIT\Year 4\Semester 2\Deep Learning\Assignment\SE4050-Deep-Learning-Assignment\data\train\India\images\India_003102.jpg,India,9,1,0,1,1,"['D00', 'D20', 'D40']",D00,train,2091
C:\Users\ASUS\Desktop\SLIIT\Year 4\Semester 2\Deep Learning\Assignment\SE4050-Deep-Learning-Assignment\data\train\India\images\India_003103.jpg,India,5,0,0,0,1,['D40'],D40,test,31
C:\Users\ASUS\Desktop\SLIIT\Year 4\Semester 2\Deep Learning\Assignment\SE4050-Deep-Learning-Assignment\data\train\India\images\India_003110.jpg,India,4,1,0,1,1,"['D00', 'D20', 'D40']",D00,train,2092
C:\Users\ASUS\Desktop\SLIIT\Year 4\Semester 2\Deep Learning\Assignment\SE4050-Deep-Learning-Assignment\data\train\India\images\India_003111.jpg,India,2,0,0,1,0,['D20'],D20,test,2093
C:\Users\ASUS\Desktop\SLIIT\Year 4\Semester 2\Deep Learning\Assignment\SE4050-Deep-Learning-Assignment\data\train\India\images\India_003115.jpg,India,2,1,0,0,0,['D00'],D00,train,2094
C:\Users\ASUS\Desktop\SLIIT\Year 4\Semester 2\Deep Learning\Assignment\SE4050-Deep-Learning-Assignment\data\train\India\images\India_003116.jpg,India,2,1,1,0,0,"['D00', 'D10']",D00,test,2095
C:\Users\ASUS\Desktop\SLIIT\Year 4\Semester 2\Deep Learning\Assignment\SE4050-Deep-Learning-Assignment\data\train\India\images\India_003118.jpg,India,2,0,0,0,1,['D40'],D40,train,2096
C:\Users\ASUS\Desktop\SLIIT\Year 4\Semester 2\Deep Learning\Assignment\SE4050-Deep-Learning-Assignment\data\train\India\images\India_003119.jpg,India,1,0,0,1,0,['D20'],D20,train,2097
C:\Users\ASUS\Desktop\SLIIT\Year 4\Semester 2\Deep Learning\Assignment\SE4050-Deep-Learning-Assignment\data\train\India\images\India_003120.jpg,India,3,0,0,0,1,['D40'],D40,train,2098
C:\Users\ASUS\Desktop\SLIIT\Year 4\Semester 2\Deep Learning\Assignment\SE4050-Deep-Learning-Assignment\data\train\India\images\India_003121.jpg,India,1,0,0,0,1,['D40'],D40,train,2099
C:\Users\ASUS\Desktop\SLIIT\Year 4\Semester 2\Deep Learning\Assignment\SE4050-Deep-Learning-Assignment\data\train\India\images\India_003125.jpg,India,3,1,0,1,1,"['D00', 'D20', 'D40']",D00,train,2100
C:\Users\ASUS\Desktop\SLIIT\Year 4\Semester 2\Deep Learning\Assignment\SE4050-Deep-Learning-Assignment\data\train\India\images\India_003126.jpg,India,3,1,0,0,1,"['D00', 'D40']",D00,train,2101
C:\Users\ASUS\Desktop\SLIIT\Year 4\Semester 2\Deep Learning\Assignment\SE4050-Deep-Learning-Assignment\data\train\India\images\India_003138.jpg,India,1,0,0,1,0,['D20'],D20,train,2102
C:\Users\ASUS\Desktop\SLIIT\Year 4\Semester 2\Deep Learning\Assignment\SE4050-Deep-Learning-Assignment\data\train\India\images\India_003143.jpg,India,2,0,0,0,1,['D40'],D40,train,41
C:\Users\ASUS\Desktop\SLIIT\Year 4\Semester 2\Deep Learning\Assignment\SE4050-Deep-Learning-Assignment\data\train\India\images\India_003148.jpg,India,1,1,0,0,0,['D00'],D00,train,2103
C:\Users\ASUS\Desktop\SLIIT\Year 4\Semester 2\Deep Learning\Assignment\SE4050-Deep-Learning-Assignment\data\train\India\images\India_003150.jpg,India,3,1,0,0,1,"['D00', 'D40']",D00,train,2104
C:\Users\ASUS\Desktop\SLIIT\Year 4\Semester 2\Deep Learning\Assignment\SE4050-Deep-Learning-Assignment\data\train\India\images\India_003151.jpg,India,3,0,0,0,1,['D40'],D40,test,2105
C:\Users\ASUS\Desktop\SLIIT\Year 4\Semester 2\Deep Learning\Assignment\SE4050-Deep-Learning-Assignment\data\train\India\images\India_003152.jpg,India,3,1,0,0,1,"['D00', 'D40']",D00,train,2106
C:\Users\ASUS\Desktop\SLIIT\Year 4\Semester 2\Deep Learning\Assignment\SE4050-Deep-Learning-Assignment\data\train\India\images\India_003153.jpg,India,4,1,0,1,0,"['D00', 'D20']",D00,train,2107
C:\Users\ASUS\Desktop\SLIIT\Year 4\Semester 2\Deep Learning\Assignment\SE4050-Deep-Learning-Assignment\data\train\India\images\India_003155.jpg,India,2,1,0,0,0,['D00'],D00,train,2108
C:\Users\ASUS\Desktop\SLIIT\Year 4\Semester 2\Deep Learning\Assignment\SE4050-Deep-Learning-Assignment\data\train\India\images\India_003156.jpg,India,1,1,0,0,0,['D00'],D00,train,2109
C:\Users\ASUS\Desktop\SLIIT\Year 4\Semester 2\Deep Learning\Assignment\SE4050-Deep-Learning-Assignment\data\train\India\images\India_003161.jpg,India,3,0,0,0,1,['D40'],D40,val,2110
C:\Users\ASUS\Desktop\SLIIT\Year 4\Semester 2\Deep Learning\Assignment\SE4050-Deep-Learning-Assignment\data\train\India\images\India_003163.jpg,India,2,0,0,1,0,['D20'],D20,train,2111
C:\Users\ASUS\Desktop\SLIIT\Year 4\Semester 2\Deep Learning\Assignment\SE4050-Deep-Learning-Assignment\data\train\India\images\India_003164.jpg,India,2,0,0,1,0,['D20'],D20,val,2112
C:\Users\ASUS\Desktop\SLIIT\Year 4\Semester 2\Deep Learning\Assignment\SE4050-Deep-Learning-Assignment\data\train\India\images\India_003168.jpg,India,3,0,0,1,1,"['D20', 'D40']",D20,train,44
C:\Users\ASUS\Desktop\SLIIT\Year 4\Semester 2\Deep Learning\Assignment\SE4050-Deep-Learning-Assignment\data\train\India\images\India_003171.jpg,India,2,1,0,0,1,"['D00', 'D40']",D00,train,2113
C:\Users\ASUS\Desktop\SLIIT\Year 4\Semester 2\Deep Learning\Assignment\SE4050-Deep-Learning-Assignment\data\train\India\images\India_003172.jpg,India,1,0,0,0,1,['D40'],D40,val,2114
C:\Users\ASUS\Desktop\SLIIT\Year 4\Semester 2\Deep Learning\Assignment\SE4050-Deep-Learning-Assignment\data\train\India\images\India_003177.jpg,India,4,0,0,0,1,['D40'],D40,val,2115
C:\Users\ASUS\Desktop\SLIIT\Year 4\Semester 2\Deep Learning\Assignment\SE4050-Deep-Learning-Assignment\data\train\India\images\India_003178.jpg,India,1,1,0,0,0,['D00'],D00,val,1
C:\Users\ASUS\Desktop\SLIIT\Year 4\Semester 2\Deep Learning\Assignment\SE4050-Deep-Learning-Assignment\data\train\India\images\India_003181.jpg,India,2,0,0,1,0,['D20'],D20,train,2116
C:\Users\ASUS\Desktop\SLIIT\Year 4\Semester 2\Deep Learning\Assignment\SE4050-Deep-Learning-Assignment\data\train\India\images\India_003185.jpg,India,2,0,0,1,0,['D20'],D20,train,2117
C:\Users\ASUS\Desktop\SLIIT\Year 4\Semester 2\Deep Learning\Assignment\SE4050-Deep-Learning-Assignment\data\train\India\images\India_003186.jpg,India,2,0,0,0,1,['D40'],D40,val,2118
C:\Users\ASUS\Desktop\SLIIT\Year 4\Semester 2\Deep Learning\Assignment\SE4050-Deep-Learning-Assignment\data\train\India\images\India_003191.jpg,India,1,0,0,0,1,['D40'],D40,train,2119
C:\Users\ASUS\Desktop\SLIIT\Year 4\Semester 2\Deep Learning\Assignment\SE4050-Deep-Learning-Assignment\data\train\India\images\India_003201.jpg,India,2,1,0,0,1,"['D00', 'D40']",D00,test,18
C:\Users\ASUS\Desktop\SLIIT\Year 4\Semester 2\Deep Learning\Assignment\SE4050-Deep-Learning-Assignment\data\train\India\images\India_003203.jpg,India,2,1,0,1,0,"['D00', 'D20']",D00,train,2120
C:\Users\ASUS\Desktop\SLIIT\Year 4\Semester 2\Deep Learning\Assignment\SE4050-Deep-Learning-Assignment\data\train\India\images\India_003205.jpg,India,1,0,0,1,0,['D20'],D20,train,2121
C:\Users\ASUS\Desktop\SLIIT\Year 4\Semester 2\Deep Learning\Assignment\SE4050-Deep-Learning-Assignment\data\train\India\images\India_003214.jpg,India,2,1,0,0,1,"['D00', 'D40']",D00,train,2122
C:\Users\ASUS\Desktop\SLIIT\Year 4\Semester 2\Deep Learning\Assignment\SE4050-Deep-Learning-Assignment\data\train\India\images\India_003215.jpg,India,1,1,0,0,0,['D00'],D00,train,2123
C:\Users\ASUS\Desktop\SLIIT\Year 4\Semester 2\Deep Learning\Assignment\SE4050-Deep-Learning-Assignment\data\train\India\images\India_003217.jpg,India,2,0,0,1,1,"['D20', 'D40']",D20,train,2124
C:\Users\ASUS\Desktop\SLIIT\Year 4\Semester 2\Deep Learning\Assignment\SE4050-Deep-Learning-Assignment\data\train\India\images\India_003228.jpg,India,3,1,0,0,1,"['D00', 'D40']",D00,val,45
C:\Users\ASUS\Desktop\SLIIT\Year 4\Semester 2\Deep Learning\Assignment\SE4050-Deep-Learning-Assignment\data\train\India\images\India_003231.jpg,India,4,0,0,0,1,['D40'],D40,train,2125
C:\Users\ASUS\Desktop\SLIIT\Year 4\Semester 2\Deep Learning\Assignment\SE4050-Deep-Learning-Assignment\data\train\India\images\India_003236.jpg,India,3,1,0,1,0,"['D00', 'D20']",D00,train,0
C:\Users\ASUS\Desktop\SLIIT\Year 4\Semester 2\Deep Learning\Assignment\SE4050-Deep-Learning-Assignment\data\train\India\images\India_003239.jpg,India,1,0,0,0,1,['D40'],D40,test,2126
C:\Users\ASUS\Desktop\SLIIT\Year 4\Semester 2\Deep Learning\Assignment\SE4050-Deep-Learning-Assignment\data\train\India\images\India_003242.jpg,India,1,0,0,1,0,['D20'],D20,train,2127
C:\Users\ASUS\Desktop\SLIIT\Year 4\Semester 2\Deep Learning\Assignment\SE4050-Deep-Learning-Assignment\data\train\India\images\India_003245.jpg,India,1,0,0,1,0,['D20'],D20,test,2128
C:\Users\ASUS\Desktop\SLIIT\Year 4\Semester 2\Deep Learning\Assignment\SE4050-Deep-Learning-Assignment\data\train\India\images\India_003246.jpg,India,1,0,0,1,0,['D20'],D20,train,2129
C:\Users\ASUS\Desktop\SLIIT\Year 4\Semester 2\Deep Learning\Assignment\SE4050-Deep-Learning-Assignment\data\train\India\images\India_003247.jpg,India,2,1,0,1,0,"['D00', 'D20']",D00,train,2130
C:\Users\ASUS\Desktop\SLIIT\Year 4\Semester 2\Deep Learning\Assignment\SE4050-Deep-Learning-Assignment\data\train\India\images\India_003251.jpg,India,2,0,0,0,1,['D40'],D40,test,2131
C:\Users\ASUS\Desktop\SLIIT\Year 4\Semester 2\Deep Learning\Assignment\SE4050-Deep-Learning-Assignment\data\train\India\images\India_003253.jpg,India,1,1,0,0,0,['D00'],D00,train,2132
C:\Users\ASUS\Desktop\SLIIT\Year 4\Semester 2\Deep Learning\Assignment\SE4050-Deep-Learning-Assignment\data\train\India\images\India_003256.jpg,India,2,1,0,0,0,['D00'],D00,test,2133
C:\Users\ASUS\Desktop\SLIIT\Year 4\Semester 2\Deep Learning\Assignment\SE4050-Deep-Learning-Assignment\data\train\India\images\India_003262.jpg,India,4,0,0,1,1,"['D20', 'D40']",D20,train,46
C:\Users\ASUS\Desktop\SLIIT\Year 4\Semester 2\Deep Learning\Assignment\SE4050-Deep-Learning-Assignment\data\train\India\images\India_003265.jpg,India,1,0,0,1,0,['D20'],D20,train,0
C:\Users\ASUS\Desktop\SLIIT\Year 4\Semester 2\Deep Learning\Assignment\SE4050-Deep-Learning-Assignment\data\train\India\images\India_003270.jpg,India,1,0,0,1,0,['D20'],D20,train,2134
C:\Users\ASUS\Desktop\SLIIT\Year 4\Semester 2\Deep Learning\Assignment\SE4050-Deep-Learning-Assignment\data\train\India\images\India_003272.jpg,India,1,0,0,0,1,['D40'],D40,train,2135
C:\Users\ASUS\Desktop\SLIIT\Year 4\Semester 2\Deep Learning\Assignment\SE4050-Deep-Learning-Assignment\data\train\India\images\India_003274.jpg,India,3,0,0,0,1,['D40'],D40,train,2136
C:\Users\ASUS\Desktop\SLIIT\Year 4\Semester 2\Deep Learning\Assignment\SE4050-Deep-Learning-Assignment\data\train\India\images\India_003278.jpg,India,2,1,0,0,1,"['D00', 'D40']",D00,train,2137
C:\Users\ASUS\Desktop\SLIIT\Year 4\Semester 2\Deep Learning\Assignment\SE4050-Deep-Learning-Assignment\data\train\India\images\India_003284.jpg,India,6,0,0,0,1,['D40'],D40,train,2138
C:\Users\ASUS\Desktop\SLIIT\Year 4\Semester 2\Deep Learning\Assignment\SE4050-Deep-Learning-Assignment\data\train\India\images\India_003288.jpg,India,1,1,0,0,0,['D00'],D00,test,47
C:\Users\ASUS\Desktop\SLIIT\Year 4\Semester 2\Deep Learning\Assignment\SE4050-Deep-Learning-Assignment\data\train\India\images\India_003290.jpg,India,4,1,0,1,0,"['D00', 'D20']",D00,train,2139
C:\Users\ASUS\Desktop\SLIIT\Year 4\Semester 2\Deep Learning\Assignment\SE4050-Deep-Learning-Assignment\data\train\India\images\India_003292.jpg,India,3,1,0,1,1,"['D00', 'D20', 'D40']",D00,train,2140
C:\Users\ASUS\Desktop\SLIIT\Year 4\Semester 2\Deep Learning\Assignment\SE4050-Deep-Learning-Assignment\data\train\India\images\India_003293.jpg,India,1,0,0,1,0,['D20'],D20,train,2141
C:\Users\ASUS\Desktop\SLIIT\Year 4\Semester 2\Deep Learning\Assignment\SE4050-Deep-Learning-Assignment\data\train\India\images\India_003294.jpg,India,1,0,0,1,0,['D20'],D20,train,2142
C:\Users\ASUS\Desktop\SLIIT\Year 4\Semester 2\Deep Learning\Assignment\SE4050-Deep-Learning-Assignment\data\train\India\images\India_003299.jpg,India,2,1,0,0,0,['D00'],D00,train,2143
C:\Users\ASUS\Desktop\SLIIT\Year 4\Semester 2\Deep Learning\Assignment\SE4050-Deep-Learning-Assignment\data\train\India\images\India_003300.jpg,India,1,0,0,1,0,['D20'],D20,test,2144
C:\Users\ASUS\Desktop\SLIIT\Year 4\Semester 2\Deep Learning\Assignment\SE4050-Deep-Learning-Assignment\data\train\India\images\India_003309.jpg,India,2,0,0,1,0,['D20'],D20,train,2145
C:\Users\ASUS\Desktop\SLIIT\Year 4\Semester 2\Deep Learning\Assignment\SE4050-Deep-Learning-Assignment\data\train\India\images\India_003310.jpg,India,3,1,0,1,0,"['D00', 'D20']",D00,test,2146
C:\Users\ASUS\Desktop\SLIIT\Year 4\Semester 2\Deep Learning\Assignment\SE4050-Deep-Learning-Assignment\data\train\India\images\India_003312.jpg,India,2,0,0,1,1,"['D20', 'D40']",D20,train,2147
C:\Users\ASUS\Desktop\SLIIT\Year 4\Semester 2\Deep Learning\Assignment\SE4050-Deep-Learning-Assignment\data\train\India\images\India_003313.jpg,India,1,0,0,1,0,['D20'],D20,train,2148
C:\Users\ASUS\Desktop\SLIIT\Year 4\Semester 2\Deep Learning\Assignment\SE4050-Deep-Learning-Assignment\data\train\India\images\India_003317.jpg,India,2,1,0,1,0,"['D00', 'D20']",D00,test,2149
C:\Users\ASUS\Desktop\SLIIT\Year 4\Semester 2\Deep Learning\Assignment\SE4050-Deep-Learning-Assignment\data\train\India\images\India_003318.jpg,India,4,0,0,0,1,['D40'],D40,train,2150
C:\Users\ASUS\Desktop\SLIIT\Year 4\Semester 2\Deep Learning\Assignment\SE4050-Deep-Learning-Assignment\data\train\India\images\India_003319.jpg,India,1,0,0,1,0,['D20'],D20,train,2151
C:\Users\ASUS\Desktop\SLIIT\Year 4\Semester 2\Deep Learning\Assignment\SE4050-Deep-Learning-Assignment\data\train\India\images\India_003320.jpg,India,1,0,0,1,0,['D20'],D20,train,2152
C:\Users\ASUS\Desktop\SLIIT\Year 4\Semester 2\Deep Learning\Assignment\SE4050-Deep-Learning-Assignment\data\train\India\images\India_003321.jpg,India,1,0,0,1,0,['D20'],D20,train,2153
C:\Users\ASUS\Desktop\SLIIT\Year 4\Semester 2\Deep Learning\Assignment\SE4050-Deep-Learning-Assignment\data\train\India\images\India_003323.jpg,India,3,1,0,0,1,"['D00', 'D40']",D00,train,2154
C:\Users\ASUS\Desktop\SLIIT\Year 4\Semester 2\Deep Learning\Assignment\SE4050-Deep-Learning-Assignment\data\train\India\images\India_003334.jpg,India,1,0,0,0,1,['D40'],D40,test,2155
C:\Users\ASUS\Desktop\SLIIT\Year 4\Semester 2\Deep Learning\Assignment\SE4050-Deep-Learning-Assignment\data\train\India\images\India_003340.jpg,India,7,1,0,1,0,"['D00', 'D20']",D00,train,2156
C:\Users\ASUS\Desktop\SLIIT\Year 4\Semester 2\Deep Learning\Assignment\SE4050-Deep-Learning-Assignment\data\train\India\images\India_003345.jpg,India,1,0,0,1,0,['D20'],D20,train,2157
C:\Users\ASUS\Desktop\SLIIT\Year 4\Semester 2\Deep Learning\Assignment\SE4050-Deep-Learning-Assignment\data\train\India\images\India_003347.jpg,India,1,0,0,1,0,['D20'],D20,test,2158
C:\Users\ASUS\Desktop\SLIIT\Year 4\Semester 2\Deep Learning\Assignment\SE4050-Deep-Learning-Assignment\data\train\India\images\India_003352.jpg,India,1,0,0,1,0,['D20'],D20,train,2159
C:\Users\ASUS\Desktop\SLIIT\Year 4\Semester 2\Deep Learning\Assignment\SE4050-Deep-Learning-Assignment\data\train\India\images\India_003353.jpg,India,2,0,0,0,1,['D40'],D40,test,48
C:\Users\ASUS\Desktop\SLIIT\Year 4\Semester 2\Deep Learning\Assignment\SE4050-Deep-Learning-Assignment\data\train\India\images\India_003354.jpg,India,3,0,0,1,0,['D20'],D20,val,2160
C:\Users\ASUS\Desktop\SLIIT\Year 4\Semester 2\Deep Learning\Assignment\SE4050-Deep-Learning-Assignment\data\train\India\images\India_003359.jpg,India,4,1,0,1,0,"['D00', 'D20']",D00,train,26
C:\Users\ASUS\Desktop\SLIIT\Year 4\Semester 2\Deep Learning\Assignment\SE4050-Deep-Learning-Assignment\data\train\India\images\India_003362.jpg,India,5,0,0,1,1,"['D20', 'D40']",D20,val,2161
C:\Users\ASUS\Desktop\SLIIT\Year 4\Semester 2\Deep Learning\Assignment\SE4050-Deep-Learning-Assignment\data\train\India\images\India_003363.jpg,India,1,1,0,0,0,['D00'],D00,train,2162
C:\Users\ASUS\Desktop\SLIIT\Year 4\Semester 2\Deep Learning\Assignment\SE4050-Deep-Learning-Assignment\data\train\India\images\India_003365.jpg,India,7,1,0,1,1,"['D00', 'D20', 'D40']",D00,train,2163
C:\Users\ASUS\Desktop\SLIIT\Year 4\Semester 2\Deep Learning\Assignment\SE4050-Deep-Learning-Assignment\data\train\India\images\India_003366.jpg,India,1,0,0,0,1,['D40'],D40,train,5
C:\Users\ASUS\Desktop\SLIIT\Year 4\Semester 2\Deep Learning\Assignment\SE4050-Deep-Learning-Assignment\data\train\India\images\India_003368.jpg,India,2,1,0,0,1,"['D00', 'D40']",D00,train,2164
C:\Users\ASUS\Desktop\SLIIT\Year 4\Semester 2\Deep Learning\Assignment\SE4050-Deep-Learning-Assignment\data\train\India\images\India_003370.jpg,India,1,0,0,1,0,['D20'],D20,train,2165
C:\Users\ASUS\Desktop\SLIIT\Year 4\Semester 2\Deep Learning\Assignment\SE4050-Deep-Learning-Assignment\data\train\India\images\India_003372.jpg,India,1,0,0,1,0,['D20'],D20,train,2166
C:\Users\ASUS\Desktop\SLIIT\Year 4\Semester 2\Deep Learning\Assignment\SE4050-Deep-Learning-Assignment\data\train\India\images\India_003373.jpg,India,5,1,0,0,1,"['D00', 'D40']",D00,train,2167
C:\Users\ASUS\Desktop\SLIIT\Year 4\Semester 2\Deep Learning\Assignment\SE4050-Deep-Learning-Assignment\data\train\India\images\India_003376.jpg,India,3,1,0,1,1,"['D00', 'D20', 'D40']",D00,train,2168
C:\Users\ASUS\Desktop\SLIIT\Year 4\Semester 2\Deep Learning\Assignment\SE4050-Deep-Learning-Assignment\data\train\India\images\India_003378.jpg,India,2,1,0,1,0,"['D00', 'D20']",D00,train,2169
C:\Users\ASUS\Desktop\SLIIT\Year 4\Semester 2\Deep Learning\Assignment\SE4050-Deep-Learning-Assignment\data\train\India\images\India_003384.jpg,India,6,0,0,1,1,"['D20', 'D40']",D20,train,2170
C:\Users\ASUS\Desktop\SLIIT\Year 4\Semester 2\Deep Learning\Assignment\SE4050-Deep-Learning-Assignment\data\train\India\images\India_003387.jpg,India,1,1,0,0,0,['D00'],D00,test,2171
C:\Users\ASUS\Desktop\SLIIT\Year 4\Semester 2\Deep Learning\Assignment\SE4050-Deep-Learning-Assignment\data\train\India\images\India_003388.jpg,India,1,0,0,1,0,['D20'],D20,train,2172
C:\Users\ASUS\Desktop\SLIIT\Year 4\Semester 2\Deep Learning\Assignment\SE4050-Deep-Learning-Assignment\data\train\India\images\India_003391.jpg,India,1,0,0,0,1,['D40'],D40,train,2173
C:\Users\ASUS\Desktop\SLIIT\Year 4\Semester 2\Deep Learning\Assignment\SE4050-Deep-Learning-Assignment\data\train\India\images\India_003392.jpg,India,1,1,0,0,0,['D00'],D00,train,2174
C:\Users\ASUS\Desktop\SLIIT\Year 4\Semester 2\Deep Learning\Assignment\SE4050-Deep-Learning-Assignment\data\train\India\images\India_003401.jpg,India,1,0,1,0,0,['D10'],D10,test,2175
C:\Users\ASUS\Desktop\SLIIT\Year 4\Semester 2\Deep Learning\Assignment\SE4050-Deep-Learning-Assignment\data\train\India\images\India_003404.jpg,India,2,0,0,1,0,['D20'],D20,train,2176
C:\Users\ASUS\Desktop\SLIIT\Year 4\Semester 2\Deep Learning\Assignment\SE4050-Deep-Learning-Assignment\data\train\India\images\India_003406.jpg,India,2,0,0,1,1,"['D20', 'D40']",D20,test,2177
C:\Users\ASUS\Desktop\SLIIT\Year 4\Semester 2\Deep Learning\Assignment\SE4050-Deep-Learning-Assignment\data\train\India\images\India_003409.jpg,India,2,0,0,1,0,['D20'],D20,test,2178
C:\Users\ASUS\Desktop\SLIIT\Year 4\Semester 2\Deep Learning\Assignment\SE4050-Deep-Learning-Assignment\data\train\India\images\India_003411.jpg,India,8,0,0,0,1,['D40'],D40,val,2179
C:\Users\ASUS\Desktop\SLIIT\Year 4\Semester 2\Deep Learning\Assignment\SE4050-Deep-Learning-Assignment\data\train\India\images\India_003412.jpg,India,2,0,0,1,1,"['D20', 'D40']",D20,test,2180
C:\Users\ASUS\Desktop\SLIIT\Year 4\Semester 2\Deep Learning\Assignment\SE4050-Deep-Learning-Assignment\data\train\India\images\India_003414.jpg,India,4,1,0,1,0,"['D00', 'D20']",D00,test,3
C:\Users\ASUS\Desktop\SLIIT\Year 4\Semester 2\Deep Learning\Assignment\SE4050-Deep-Learning-Assignment\data\train\India\images\India_003422.jpg,India,1,0,0,0,1,['D40'],D40,train,2181
C:\Users\ASUS\Desktop\SLIIT\Year 4\Semester 2\Deep Learning\Assignment\SE4050-Deep-Learning-Assignment\data\train\India\images\India_003424.jpg,India,4,0,0,0,1,['D40'],D40,train,36
C:\Users\ASUS\Desktop\SLIIT\Year 4\Semester 2\Deep Learning\Assignment\SE4050-Deep-Learning-Assignment\data\train\India\images\India_003426.jpg,India,1,0,0,0,1,['D40'],D40,train,2182
C:\Users\ASUS\Desktop\SLIIT\Year 4\Semester 2\Deep Learning\Assignment\SE4050-Deep-Learning-Assignment\data\train\India\images\India_003427.jpg,India,1,0,0,1,0,['D20'],D20,val,2183
C:\Users\ASUS\Desktop\SLIIT\Year 4\Semester 2\Deep Learning\Assignment\SE4050-Deep-Learning-Assignment\data\train\India\images\India_003431.jpg,India,2,0,0,0,1,['D40'],D40,train,2184
C:\Users\ASUS\Desktop\SLIIT\Year 4\Semester 2\Deep Learning\Assignment\SE4050-Deep-Learning-Assignment\data\train\India\images\India_003432.jpg,India,1,0,0,1,0,['D20'],D20,val,2185
C:\Users\ASUS\Desktop\SLIIT\Year 4\Semester 2\Deep Learning\Assignment\SE4050-Deep-Learning-Assignment\data\train\India\images\India_003433.jpg,India,3,0,0,0,1,['D40'],D40,train,2186
C:\Users\ASUS\Desktop\SLIIT\Year 4\Semester 2\Deep Learning\Assignment\SE4050-Deep-Learning-Assignment\data\train\India\images\India_003443.jpg,India,2,0,0,1,0,['D20'],D20,train,2187
C:\Users\ASUS\Desktop\SLIIT\Year 4\Semester 2\Deep Learning\Assignment\SE4050-Deep-Learning-Assignment\data\train\India\images\India_003444.jpg,India,1,1,0,0,0,['D00'],D00,test,3
C:\Users\ASUS\Desktop\SLIIT\Year 4\Semester 2\Deep Learning\Assignment\SE4050-Deep-Learning-Assignment\data\train\India\images\India_003445.jpg,India,1,1,0,0,0,['D00'],D00,val,2188
C:\Users\ASUS\Desktop\SLIIT\Year 4\Semester 2\Deep Learning\Assignment\SE4050-Deep-Learning-Assignment\data\train\India\images\India_003446.jpg,India,3,0,0,1,1,"['D20', 'D40']",D20,train,2189
C:\Users\ASUS\Desktop\SLIIT\Year 4\Semester 2\Deep Learning\Assignment\SE4050-Deep-Learning-Assignment\data\train\India\images\India_003452.jpg,India,1,0,0,1,0,['D20'],D20,train,49
C:\Users\ASUS\Desktop\SLIIT\Year 4\Semester 2\Deep Learning\Assignment\SE4050-Deep-Learning-Assignment\data\train\India\images\India_003455.jpg,India,3,1,0,1,0,"['D00', 'D20']",D00,train,2190
C:\Users\ASUS\Desktop\SLIIT\Year 4\Semester 2\Deep Learning\Assignment\SE4050-Deep-Learning-Assignment\data\train\India\images\India_003462.jpg,India,2,1,0,0,0,['D00'],D00,train,2191
C:\Users\ASUS\Desktop\SLIIT\Year 4\Semester 2\Deep Learning\Assignment\SE4050-Deep-Learning-Assignment\data\train\India\images\India_003468.jpg,India,1,0,0,1,0,['D20'],D20,train,2192
C:\Users\ASUS\Desktop\SLIIT\Year 4\Semester 2\Deep Learning\Assignment\SE4050-Deep-Learning-Assignment\data\train\India\images\India_003469.jpg,India,1,0,0,1,0,['D20'],D20,val,2193
C:\Users\ASUS\Desktop\SLIIT\Year 4\Semester 2\Deep Learning\Assignment\SE4050-Deep-Learning-Assignment\data\train\India\images\India_003475.jpg,India,1,0,0,0,1,['D40'],D40,train,2194
C:\Users\ASUS\Desktop\SLIIT\Year 4\Semester 2\Deep Learning\Assignment\SE4050-Deep-Learning-Assignment\data\train\India\images\India_003480.jpg,India,2,0,0,1,0,['D20'],D20,train,2195
C:\Users\ASUS\Desktop\SLIIT\Year 4\Semester 2\Deep Learning\Assignment\SE4050-Deep-Learning-Assignment\data\train\India\images\India_003482.jpg,India,2,1,0,1,0,"['D00', 'D20']",D00,train,0
C:\Users\ASUS\Desktop\SLIIT\Year 4\Semester 2\Deep Learning\Assignment\SE4050-Deep-Learning-Assignment\data\train\India\images\India_003490.jpg,India,7,1,0,1,1,"['D00', 'D20', 'D40']",D00,train,2196
C:\Users\ASUS\Desktop\SLIIT\Year 4\Semester 2\Deep Learning\Assignment\SE4050-Deep-Learning-Assignment\data\train\India\images\India_003491.jpg,India,4,1,0,0,0,['D00'],D00,test,2197
C:\Users\ASUS\Desktop\SLIIT\Year 4\Semester 2\Deep Learning\Assignment\SE4050-Deep-Learning-Assignment\data\train\India\images\India_003494.jpg,India,2,0,0,1,0,['D20'],D20,test,2198
C:\Users\ASUS\Desktop\SLIIT\Year 4\Semester 2\Deep Learning\Assignment\SE4050-Deep-Learning-Assignment\data\train\India\images\India_003495.jpg,India,3,0,0,0,1,['D40'],D40,val,1
C:\Users\ASUS\Desktop\SLIIT\Year 4\Semester 2\Deep Learning\Assignment\SE4050-Deep-Learning-Assignment\data\train\India\images\India_003496.jpg,India,2,1,0,1,0,"['D00', 'D20']",D00,test,3
C:\Users\ASUS\Desktop\SLIIT\Year 4\Semester 2\Deep Learning\Assignment\SE4050-Deep-Learning-Assignment\data\train\India\images\India_003498.jpg,India,1,1,0,0,0,['D00'],D00,train,38
C:\Users\ASUS\Desktop\SLIIT\Year 4\Semester 2\Deep Learning\Assignment\SE4050-Deep-Learning-Assignment\data\train\India\images\India_003502.jpg,India,1,0,0,0,1,['D40'],D40,train,2199
C:\Users\ASUS\Desktop\SLIIT\Year 4\Semester 2\Deep Learning\Assignment\SE4050-Deep-Learning-Assignment\data\train\India\images\India_003505.jpg,India,3,1,0,1,0,"['D00', 'D20']",D00,train,2200
C:\Users\ASUS\Desktop\SLIIT\Year 4\Semester 2\Deep Learning\Assignment\SE4050-Deep-Learning-Assignment\data\train\India\images\India_003507.jpg,India,1,0,0,1,0,['D20'],D20,train,2201
C:\Users\ASUS\Desktop\SLIIT\Year 4\Semester 2\Deep Learning\Assignment\SE4050-Deep-Learning-Assignment\data\train\India\images\India_003508.jpg,India,1,0,0,1,0,['D20'],D20,train,2202
C:\Users\ASUS\Desktop\SLIIT\Year 4\Semester 2\Deep Learning\Assignment\SE4050-Deep-Learning-Assignment\data\train\India\images\India_003512.jpg,India,5,0,0,0,1,['D40'],D40,test,2203
C:\Users\ASUS\Desktop\SLIIT\Year 4\Semester 2\Deep Learning\Assignment\SE4050-Deep-Learning-Assignment\data\train\India\images\India_003515.jpg,India,2,0,0,1,0,['D20'],D20,train,2204
C:\Users\ASUS\Desktop\SLIIT\Year 4\Semester 2\Deep Learning\Assignment\SE4050-Deep-Learning-Assignment\data\train\India\images\India_003522.jpg,India,1,1,0,0,0,['D00'],D00,test,2205
C:\Users\ASUS\Desktop\SLIIT\Year 4\Semester 2\Deep Learning\Assignment\SE4050-Deep-Learning-Assignment\data\train\India\images\India_003523.jpg,India,1,1,0,0,0,['D00'],D00,test,2206
C:\Users\ASUS\Desktop\SLIIT\Year 4\Semester 2\Deep Learning\Assignment\SE4050-Deep-Learning-Assignment\data\train\India\images\India_003535.jpg,India,6,1,0,0,1,"['D00', 'D40']",D00,train,19
C:\Users\ASUS\Desktop\SLIIT\Year 4\Semester 2\Deep Learning\Assignment\SE4050-Deep-Learning-Assignment\data\train\India\images\India_003539.jpg,India,2,0,1,1,0,"['D10', 'D20']",D10,train,2207
C:\Users\ASUS\Desktop\SLIIT\Year 4\Semester 2\Deep Learning\Assignment\SE4050-Deep-Learning-Assignment\data\train\India\images\India_003542.jpg,India,3,0,0,0,1,['D40'],D40,train,2208
C:\Users\ASUS\Desktop\SLIIT\Year 4\Semester 2\Deep Learning\Assignment\SE4050-Deep-Learning-Assignment\data\train\India\images\India_003543.jpg,India,2,0,0,1,0,['D20'],D20,train,2209
C:\Users\ASUS\Desktop\SLIIT\Year 4\Semester 2\Deep Learning\Assignment\SE4050-Deep-Learning-Assignment\data\train\India\images\India_003546.jpg,India,1,0,0,1,0,['D20'],D20,val,2210
C:\Users\ASUS\Desktop\SLIIT\Year 4\Semester 2\Deep Learning\Assignment\SE4050-Deep-Learning-Assignment\data\train\India\images\India_003547.jpg,India,3,0,0,0,1,['D40'],D40,train,2211
C:\Users\ASUS\Desktop\SLIIT\Year 4\Semester 2\Deep Learning\Assignment\SE4050-Deep-Learning-Assignment\data\train\India\images\India_003548.jpg,India,1,0,0,1,0,['D20'],D20,train,2212
C:\Users\ASUS\Desktop\SLIIT\Year 4\Semester 2\Deep Learning\Assignment\SE4050-Deep-Learning-Assignment\data\train\India\images\India_003550.jpg,India,2,0,0,1,1,"['D20', 'D40']",D20,train,2213
C:\Users\ASUS\Desktop\SLIIT\Year 4\Semester 2\Deep Learning\Assignment\SE4050-Deep-Learning-Assignment\data\train\India\images\India_003553.jpg,India,6,1,0,0,1,"['D00', 'D40']",D00,train,2214
C:\Users\ASUS\Desktop\SLIIT\Year 4\Semester 2\Deep Learning\Assignment\SE4050-Deep-Learning-Assignment\data\train\India\images\India_003556.jpg,India,2,0,0,1,1,"['D20', 'D40']",D20,train,2215
C:\Users\ASUS\Desktop\SLIIT\Year 4\Semester 2\Deep Learning\Assignment\SE4050-Deep-Learning-Assignment\data\train\India\images\India_003558.jpg,India,1,1,0,0,0,['D00'],D00,val,2216
C:\Users\ASUS\Desktop\SLIIT\Year 4\Semester 2\Deep Learning\Assignment\SE4050-Deep-Learning-Assignment\data\train\India\images\India_003560.jpg,India,3,1,0,1,0,"['D00', 'D20']",D00,train,2217
C:\Users\ASUS\Desktop\SLIIT\Year 4\Semester 2\Deep Learning\Assignment\SE4050-Deep-Learning-Assignment\data\train\India\images\India_003561.jpg,India,4,0,0,0,1,['D40'],D40,train,2218
C:\Users\ASUS\Desktop\SLIIT\Year 4\Semester 2\Deep Learning\Assignment\SE4050-Deep-Learning-Assignment\data\train\India\images\India_003565.jpg,India,13,1,0,1,1,"['D00', 'D20', 'D40']",D00,val,2219
C:\Users\ASUS\Desktop\SLIIT\Year 4\Semester 2\Deep Learning\Assignment\SE4050-Deep-Learning-Assignment\data\train\India\images\India_003566.jpg,India,1,1,0,0,0,['D00'],D00,train,2220
C:\Users\ASUS\Desktop\SLIIT\Year 4\Semester 2\Deep Learning\Assignment\SE4050-Deep-Learning-Assignment\data\train\India\images\India_003567.jpg,India,10,1,0,1,1,"['D00', 'D20', 'D40']",D00,train,2221
C:\Users\ASUS\Desktop\SLIIT\Year 4\Semester 2\Deep Learning\Assignment\SE4050-Deep-Learning-Assignment\data\train\India\images\India_003568.jpg,India,1,0,0,1,0,['D20'],D20,train,0
C:\Users\ASUS\Desktop\SLIIT\Year 4\Semester 2\Deep Learning\Assignment\SE4050-Deep-Learning-Assignment\data\train\India\images\India_003569.jpg,India,1,1,0,0,0,['D00'],D00,val,2222
C:\Users\ASUS\Desktop\SLIIT\Year 4\Semester 2\Deep Learning\Assignment\SE4050-Deep-Learning-Assignment\data\train\India\images\India_003571.jpg,India,1,0,0,0,1,['D40'],D40,val,2223
C:\Users\ASUS\Desktop\SLIIT\Year 4\Semester 2\Deep Learning\Assignment\SE4050-Deep-Learning-Assignment\data\train\India\images\India_003576.jpg,India,4,0,0,1,1,"['D20', 'D40']",D20,train,2224
C:\Users\ASUS\Desktop\SLIIT\Year 4\Semester 2\Deep Learning\Assignment\SE4050-Deep-Learning-Assignment\data\train\India\images\India_003586.jpg,India,2,0,0,1,0,['D20'],D20,train,2225
C:\Users\ASUS\Desktop\SLIIT\Year 4\Semester 2\Deep Learning\Assignment\SE4050-Deep-Learning-Assignment\data\train\India\images\India_003587.jpg,India,3,1,0,1,0,"['D00', 'D20']",D00,train,2226
C:\Users\ASUS\Desktop\SLIIT\Year 4\Semester 2\Deep Learning\Assignment\SE4050-Deep-Learning-Assignment\data\train\India\images\India_003589.jpg,India,1,1,0,0,0,['D00'],D00,train,2227
C:\Users\ASUS\Desktop\SLIIT\Year 4\Semester 2\Deep Learning\Assignment\SE4050-Deep-Learning-Assignment\data\train\India\images\India_003592.jpg,India,2,1,0,0,0,['D00'],D00,val,2228
C:\Users\ASUS\Desktop\SLIIT\Year 4\Semester 2\Deep Learning\Assignment\SE4050-Deep-Learning-Assignment\data\train\India\images\India_003597.jpg,India,1,0,0,1,0,['D20'],D20,train,2229
C:\Users\ASUS\Desktop\SLIIT\Year 4\Semester 2\Deep Learning\Assignment\SE4050-Deep-Learning-Assignment\data\train\India\images\India_003599.jpg,India,1,0,0,1,0,['D20'],D20,test,2230
C:\Users\ASUS\Desktop\SLIIT\Year 4\Semester 2\Deep Learning\Assignment\SE4050-Deep-Learning-Assignment\data\train\India\images\India_003601.jpg,India,3,1,0,1,0,"['D00', 'D20']",D00,train,2231
C:\Users\ASUS\Desktop\SLIIT\Year 4\Semester 2\Deep Learning\Assignment\SE4050-Deep-Learning-Assignment\data\train\India\images\India_003605.jpg,India,1,0,0,1,0,['D20'],D20,test,2232
C:\Users\ASUS\Desktop\SLIIT\Year 4\Semester 2\Deep Learning\Assignment\SE4050-Deep-Learning-Assignment\data\train\India\images\India_003609.jpg,India,3,0,0,1,1,"['D20', 'D40']",D20,val,2233
C:\Users\ASUS\Desktop\SLIIT\Year 4\Semester 2\Deep Learning\Assignment\SE4050-Deep-Learning-Assignment\data\train\India\images\India_003610.jpg,India,3,1,0,0,1,"['D00', 'D40']",D00,val,2234
C:\Users\ASUS\Desktop\SLIIT\Year 4\Semester 2\Deep Learning\Assignment\SE4050-Deep-Learning-Assignment\data\train\India\images\India_003611.jpg,India,2,0,0,0,1,['D40'],D40,train,2235
C:\Users\ASUS\Desktop\SLIIT\Year 4\Semester 2\Deep Learning\Assignment\SE4050-Deep-Learning-Assignment\data\train\India\images\India_003614.jpg,India,1,0,0,1,0,['D20'],D20,train,2236
C:\Users\ASUS\Desktop\SLIIT\Year 4\Semester 2\Deep Learning\Assignment\SE4050-Deep-Learning-Assignment\data\train\India\images\India_003616.jpg,India,3,0,0,1,0,['D20'],D20,train,2237
C:\Users\ASUS\Desktop\SLIIT\Year 4\Semester 2\Deep Learning\Assignment\SE4050-Deep-Learning-Assignment\data\train\India\images\India_003619.jpg,India,1,0,0,0,1,['D40'],D40,train,37
C:\Users\ASUS\Desktop\SLIIT\Year 4\Semester 2\Deep Learning\Assignment\SE4050-Deep-Learning-Assignment\data\train\India\images\India_003624.jpg,India,5,0,0,1,1,"['D20', 'D40']",D20,train,2238
C:\Users\ASUS\Desktop\SLIIT\Year 4\Semester 2\Deep Learning\Assignment\SE4050-Deep-Learning-Assignment\data\train\India\images\India_003631.jpg,India,1,0,0,1,0,['D20'],D20,train,2239
C:\Users\ASUS\Desktop\SLIIT\Year 4\Semester 2\Deep Learning\Assignment\SE4050-Deep-Learning-Assignment\data\train\India\images\India_003632.jpg,India,2,1,0,1,0,"['D00', 'D20']",D00,val,2240
C:\Users\ASUS\Desktop\SLIIT\Year 4\Semester 2\Deep Learning\Assignment\SE4050-Deep-Learning-Assignment\data\train\India\images\India_003634.jpg,India,2,1,0,1,0,"['D00', 'D20']",D00,train,2241
C:\Users\ASUS\Desktop\SLIIT\Year 4\Semester 2\Deep Learning\Assignment\SE4050-Deep-Learning-Assignment\data\train\India\images\India_003636.jpg,India,1,0,0,1,0,['D20'],D20,train,2242
C:\Users\ASUS\Desktop\SLIIT\Year 4\Semester 2\Deep Learning\Assignment\SE4050-Deep-Learning-Assignment\data\train\India\images\India_003642.jpg,India,1,0,0,1,0,['D20'],D20,test,2243
C:\Users\ASUS\Desktop\SLIIT\Year 4\Semester 2\Deep Learning\Assignment\SE4050-Deep-Learning-Assignment\data\train\India\images\India_003648.jpg,India,2,1,0,1,0,"['D00', 'D20']",D00,test,2244
C:\Users\ASUS\Desktop\SLIIT\Year 4\Semester 2\Deep Learning\Assignment\SE4050-Deep-Learning-Assignment\data\train\India\images\India_003651.jpg,India,2,0,0,1,0,['D20'],D20,train,2245
C:\Users\ASUS\Desktop\SLIIT\Year 4\Semester 2\Deep Learning\Assignment\SE4050-Deep-Learning-Assignment\data\train\India\images\India_003652.jpg,India,1,0,0,1,0,['D20'],D20,train,2246
C:\Users\ASUS\Desktop\SLIIT\Year 4\Semester 2\Deep Learning\Assignment\SE4050-Deep-Learning-Assignment\data\train\India\images\India_003654.jpg,India,5,1,0,1,1,"['D00', 'D20', 'D40']",D00,val,2247
C:\Users\ASUS\Desktop\SLIIT\Year 4\Semester 2\Deep Learning\Assignment\SE4050-Deep-Learning-Assignment\data\train\India\images\India_003658.jpg,India,2,0,0,1,1,"['D20', 'D40']",D20,train,2248
C:\Users\ASUS\Desktop\SLIIT\Year 4\Semester 2\Deep Learning\Assignment\SE4050-Deep-Learning-Assignment\data\train\India\images\India_003660.jpg,India,4,0,0,1,1,"['D20', 'D40']",D20,val,2249
C:\Users\ASUS\Desktop\SLIIT\Year 4\Semester 2\Deep Learning\Assignment\SE4050-Deep-Learning-Assignment\data\train\India\images\India_003667.jpg,India,5,1,0,1,0,"['D00', 'D20']",D00,train,2250
C:\Users\ASUS\Desktop\SLIIT\Year 4\Semester 2\Deep Learning\Assignment\SE4050-Deep-Learning-Assignment\data\train\India\images\India_003668.jpg,India,2,1,0,1,0,"['D00', 'D20']",D00,train,2251
C:\Users\ASUS\Desktop\SLIIT\Year 4\Semester 2\Deep Learning\Assignment\SE4050-Deep-Learning-Assignment\data\train\India\images\India_003674.jpg,India,3,1,0,1,0,"['D00', 'D20']",D00,test,3
C:\Users\ASUS\Desktop\SLIIT\Year 4\Semester 2\Deep Learning\Assignment\SE4050-Deep-Learning-Assignment\data\train\India\images\India_003677.jpg,India,2,0,0,1,0,['D20'],D20,train,2252
C:\Users\ASUS\Desktop\SLIIT\Year 4\Semester 2\Deep Learning\Assignment\SE4050-Deep-Learning-Assignment\data\train\India\images\India_003681.jpg,India,1,1,0,0,0,['D00'],D00,train,2253
C:\Users\ASUS\Desktop\SLIIT\Year 4\Semester 2\Deep Learning\Assignment\SE4050-Deep-Learning-Assignment\data\train\India\images\India_003682.jpg,India,1,0,0,0,1,['D40'],D40,test,2254
C:\Users\ASUS\Desktop\SLIIT\Year 4\Semester 2\Deep Learning\Assignment\SE4050-Deep-Learning-Assignment\data\train\India\images\India_003683.jpg,India,1,0,0,1,0,['D20'],D20,train,2255
C:\Users\ASUS\Desktop\SLIIT\Year 4\Semester 2\Deep Learning\Assignment\SE4050-Deep-Learning-Assignment\data\train\India\images\India_003684.jpg,India,1,1,0,0,0,['D00'],D00,test,2256
C:\Users\ASUS\Desktop\SLIIT\Year 4\Semester 2\Deep Learning\Assignment\SE4050-Deep-Learning-Assignment\data\train\India\images\India_003686.jpg,India,3,0,0,1,1,"['D20', 'D40']",D20,val,1
C:\Users\ASUS\Desktop\SLIIT\Year 4\Semester 2\Deep Learning\Assignment\SE4050-Deep-Learning-Assignment\data\train\India\images\India_003691.jpg,India,1,0,0,1,0,['D20'],D20,val,2257
C:\Users\ASUS\Desktop\SLIIT\Year 4\Semester 2\Deep Learning\Assignment\SE4050-Deep-Learning-Assignment\data\train\India\images\India_003696.jpg,India,1,0,0,0,1,['D40'],D40,test,4
C:\Users\ASUS\Desktop\SLIIT\Year 4\Semester 2\Deep Learning\Assignment\SE4050-Deep-Learning-Assignment\data\train\India\images\India_003697.jpg,India,2,0,0,1,1,"['D20', 'D40']",D20,train,2258
C:\Users\ASUS\Desktop\SLIIT\Year 4\Semester 2\Deep Learning\Assignment\SE4050-Deep-Learning-Assignment\data\train\India\images\India_003699.jpg,India,1,0,0,0,1,['D40'],D40,train,2259
C:\Users\ASUS\Desktop\SLIIT\Year 4\Semester 2\Deep Learning\Assignment\SE4050-Deep-Learning-Assignment\data\train\India\images\India_003700.jpg,India,2,0,0,0,1,['D40'],D40,train,2260
C:\Users\ASUS\Desktop\SLIIT\Year 4\Semester 2\Deep Learning\Assignment\SE4050-Deep-Learning-Assignment\data\train\India\images\India_003701.jpg,India,1,0,0,1,0,['D20'],D20,val,50
C:\Users\ASUS\Desktop\SLIIT\Year 4\Semester 2\Deep Learning\Assignment\SE4050-Deep-Learning-Assignment\data\train\India\images\India_003702.jpg,India,3,0,0,1,1,"['D20', 'D40']",D20,train,51
C:\Users\ASUS\Desktop\SLIIT\Year 4\Semester 2\Deep Learning\Assignment\SE4050-Deep-Learning-Assignment\data\train\India\images\India_003704.jpg,India,3,0,0,1,1,"['D20', 'D40']",D20,train,2261
C:\Users\ASUS\Desktop\SLIIT\Year 4\Semester 2\Deep Learning\Assignment\SE4050-Deep-Learning-Assignment\data\train\India\images\India_003709.jpg,India,1,0,0,0,1,['D40'],D40,train,35
C:\Users\ASUS\Desktop\SLIIT\Year 4\Semester 2\Deep Learning\Assignment\SE4050-Deep-Learning-Assignment\data\train\India\images\India_003710.jpg,India,1,0,0,0,1,['D40'],D40,val,2262
C:\Users\ASUS\Desktop\SLIIT\Year 4\Semester 2\Deep Learning\Assignment\SE4050-Deep-Learning-Assignment\data\train\India\images\India_003712.jpg,India,1,0,0,1,0,['D20'],D20,train,52
C:\Users\ASUS\Desktop\SLIIT\Year 4\Semester 2\Deep Learning\Assignment\SE4050-Deep-Learning-Assignment\data\train\India\images\India_003722.jpg,India,3,1,0,1,1,"['D00', 'D20', 'D40']",D00,train,2263
C:\Users\ASUS\Desktop\SLIIT\Year 4\Semester 2\Deep Learning\Assignment\SE4050-Deep-Learning-Assignment\data\train\India\images\India_003724.jpg,India,1,1,0,0,0,['D00'],D00,val,2264
C:\Users\ASUS\Desktop\SLIIT\Year 4\Semester 2\Deep Learning\Assignment\SE4050-Deep-Learning-Assignment\data\train\India\images\India_003731.jpg,India,2,1,0,0,1,"['D00', 'D40']",D00,val,2265
C:\Users\ASUS\Desktop\SLIIT\Year 4\Semester 2\Deep Learning\Assignment\SE4050-Deep-Learning-Assignment\data\train\India\images\India_003733.jpg,India,3,0,0,1,0,['D20'],D20,test,2266
C:\Users\ASUS\Desktop\SLIIT\Year 4\Semester 2\Deep Learning\Assignment\SE4050-Deep-Learning-Assignment\data\train\India\images\India_003734.jpg,India,1,1,0,0,0,['D00'],D00,train,2267
C:\Users\ASUS\Desktop\SLIIT\Year 4\Semester 2\Deep Learning\Assignment\SE4050-Deep-Learning-Assignment\data\train\India\images\India_003736.jpg,India,2,1,0,0,0,['D00'],D00,train,2268
C:\Users\ASUS\Desktop\SLIIT\Year 4\Semester 2\Deep Learning\Assignment\SE4050-Deep-Learning-Assignment\data\train\India\images\India_003738.jpg,India,3,1,0,1,0,"['D00', 'D20']",D00,test,2269
C:\Users\ASUS\Desktop\SLIIT\Year 4\Semester 2\Deep Learning\Assignment\SE4050-Deep-Learning-Assignment\data\train\India\images\India_003739.jpg,India,1,0,0,1,0,['D20'],D20,test,2270
C:\Users\ASUS\Desktop\SLIIT\Year 4\Semester 2\Deep Learning\Assignment\SE4050-Deep-Learning-Assignment\data\train\India\images\India_003741.jpg,India,7,1,0,0,1,"['D00', 'D40']",D00,test,2271
C:\Users\ASUS\Desktop\SLIIT\Year 4\Semester 2\Deep Learning\Assignment\SE4050-Deep-Learning-Assignment\data\train\India\images\India_003742.jpg,India,1,1,0,0,0,['D00'],D00,train,2272
C:\Users\ASUS\Desktop\SLIIT\Year 4\Semester 2\Deep Learning\Assignment\SE4050-Deep-Learning-Assignment\data\train\India\images\India_003747.jpg,India,2,1,0,0,1,"['D00', 'D40']",D00,val,2273
C:\Users\ASUS\Desktop\SLIIT\Year 4\Semester 2\Deep Learning\Assignment\SE4050-Deep-Learning-Assignment\data\train\India\images\India_003751.jpg,India,2,1,0,0,0,['D00'],D00,train,2274
C:\Users\ASUS\Desktop\SLIIT\Year 4\Semester 2\Deep Learning\Assignment\SE4050-Deep-Learning-Assignment\data\train\India\images\India_003754.jpg,India,1,0,0,1,0,['D20'],D20,train,2275
C:\Users\ASUS\Desktop\SLIIT\Year 4\Semester 2\Deep Learning\Assignment\SE4050-Deep-Learning-Assignment\data\train\India\images\India_003755.jpg,India,1,1,0,0,0,['D00'],D00,train,2276
C:\Users\ASUS\Desktop\SLIIT\Year 4\Semester 2\Deep Learning\Assignment\SE4050-Deep-Learning-Assignment\data\train\India\images\India_003757.jpg,India,3,0,0,1,0,['D20'],D20,train,53
C:\Users\ASUS\Desktop\SLIIT\Year 4\Semester 2\Deep Learning\Assignment\SE4050-Deep-Learning-Assignment\data\train\India\images\India_003759.jpg,India,1,0,0,0,1,['D40'],D40,train,2277
C:\Users\ASUS\Desktop\SLIIT\Year 4\Semester 2\Deep Learning\Assignment\SE4050-Deep-Learning-Assignment\data\train\India\images\India_003760.jpg,India,2,0,0,1,0,['D20'],D20,test,2278
C:\Users\ASUS\Desktop\SLIIT\Year 4\Semester 2\Deep Learning\Assignment\SE4050-Deep-Learning-Assignment\data\train\India\images\India_003761.jpg,India,1,0,0,0,1,['D40'],D40,train,2279
C:\Users\ASUS\Desktop\SLIIT\Year 4\Semester 2\Deep Learning\Assignment\SE4050-Deep-Learning-Assignment\data\train\India\images\India_003764.jpg,India,2,0,0,0,1,['D40'],D40,test,2280
C:\Users\ASUS\Desktop\SLIIT\Year 4\Semester 2\Deep Learning\Assignment\SE4050-Deep-Learning-Assignment\data\train\India\images\India_003766.jpg,India,2,0,0,1,0,['D20'],D20,train,2281
C:\Users\ASUS\Desktop\SLIIT\Year 4\Semester 2\Deep Learning\Assignment\SE4050-Deep-Learning-Assignment\data\train\India\images\India_003767.jpg,India,1,0,0,1,0,['D20'],D20,train,2282
C:\Users\ASUS\Desktop\SLIIT\Year 4\Semester 2\Deep Learning\Assignment\SE4050-Deep-Learning-Assignment\data\train\India\images\India_003769.jpg,India,1,0,0,1,0,['D20'],D20,train,2283
C:\Users\ASUS\Desktop\SLIIT\Year 4\Semester 2\Deep Learning\Assignment\SE4050-Deep-Learning-Assignment\data\train\India\images\India_003774.jpg,India,6,1,0,1,1,"['D00', 'D20', 'D40']",D00,test,2284
C:\Users\ASUS\Desktop\SLIIT\Year 4\Semester 2\Deep Learning\Assignment\SE4050-Deep-Learning-Assignment\data\train\India\images\India_003776.jpg,India,2,0,0,0,1,['D40'],D40,test,2285
C:\Users\ASUS\Desktop\SLIIT\Year 4\Semester 2\Deep Learning\Assignment\SE4050-Deep-Learning-Assignment\data\train\India\images\India_003778.jpg,India,2,1,0,0,1,"['D00', 'D40']",D00,train,2286
C:\Users\ASUS\Desktop\SLIIT\Year 4\Semester 2\Deep Learning\Assignment\SE4050-Deep-Learning-Assignment\data\train\India\images\India_003780.jpg,India,1,0,0,1,0,['D20'],D20,val,2287
C:\Users\ASUS\Desktop\SLIIT\Year 4\Semester 2\Deep Learning\Assignment\SE4050-Deep-Learning-Assignment\data\train\India\images\India_003784.jpg,India,1,1,0,0,0,['D00'],D00,train,54
C:\Users\ASUS\Desktop\SLIIT\Year 4\Semester 2\Deep Learning\Assignment\SE4050-Deep-Learning-Assignment\data\train\India\images\India_003788.jpg,India,1,0,0,1,0,['D20'],D20,train,2288
C:\Users\ASUS\Desktop\SLIIT\Year 4\Semester 2\Deep Learning\Assignment\SE4050-Deep-Learning-Assignment\data\train\India\images\India_003789.jpg,India,1,0,0,1,0,['D20'],D20,val,2289
C:\Users\ASUS\Desktop\SLIIT\Year 4\Semester 2\Deep Learning\Assignment\SE4050-Deep-Learning-Assignment\data\train\India\images\India_003795.jpg,India,1,0,0,0,1,['D40'],D40,train,2290
C:\Users\ASUS\Desktop\SLIIT\Year 4\Semester 2\Deep Learning\Assignment\SE4050-Deep-Learning-Assignment\data\train\India\images\India_003800.jpg,India,3,1,0,0,0,['D00'],D00,train,2291
C:\Users\ASUS\Desktop\SLIIT\Year 4\Semester 2\Deep Learning\Assignment\SE4050-Deep-Learning-Assignment\data\train\India\images\India_003805.jpg,India,3,0,0,1,1,"['D20', 'D40']",D20,val,2292
C:\Users\ASUS\Desktop\SLIIT\Year 4\Semester 2\Deep Learning\Assignment\SE4050-Deep-Learning-Assignment\data\train\India\images\India_003806.jpg,India,3,1,0,0,1,"['D00', 'D40']",D00,train,2293
C:\Users\ASUS\Desktop\SLIIT\Year 4\Semester 2\Deep Learning\Assignment\SE4050-Deep-Learning-Assignment\data\train\India\images\India_003810.jpg,India,4,1,0,0,0,['D00'],D00,train,6
C:\Users\ASUS\Desktop\SLIIT\Year 4\Semester 2\Deep Learning\Assignment\SE4050-Deep-Learning-Assignment\data\train\India\images\India_003814.jpg,India,1,0,0,1,0,['D20'],D20,train,2294
C:\Users\ASUS\Desktop\SLIIT\Year 4\Semester 2\Deep Learning\Assignment\SE4050-Deep-Learning-Assignment\data\train\India\images\India_003817.jpg,India,4,0,0,0,1,['D40'],D40,val,2295
C:\Users\ASUS\Desktop\SLIIT\Year 4\Semester 2\Deep Learning\Assignment\SE4050-Deep-Learning-Assignment\data\train\India\images\India_003820.jpg,India,1,1,0,0,0,['D00'],D00,test,2296
C:\Users\ASUS\Desktop\SLIIT\Year 4\Semester 2\Deep Learning\Assignment\SE4050-Deep-Learning-Assignment\data\train\India\images\India_003824.jpg,India,2,0,0,1,0,['D20'],D20,train,2297
C:\Users\ASUS\Desktop\SLIIT\Year 4\Semester 2\Deep Learning\Assignment\SE4050-Deep-Learning-Assignment\data\train\India\images\India_003825.jpg,India,3,1,0,1,0,"['D00', 'D20']",D00,train,2
C:\Users\ASUS\Desktop\SLIIT\Year 4\Semester 2\Deep Learning\Assignment\SE4050-Deep-Learning-Assignment\data\train\India\images\India_003827.jpg,India,1,0,0,1,0,['D20'],D20,train,2298
C:\Users\ASUS\Desktop\SLIIT\Year 4\Semester 2\Deep Learning\Assignment\SE4050-Deep-Learning-Assignment\data\train\India\images\India_003828.jpg,India,4,1,0,1,0,"['D00', 'D20']",D00,train,2299
C:\Users\ASUS\Desktop\SLIIT\Year 4\Semester 2\Deep Learning\Assignment\SE4050-Deep-Learning-Assignment\data\train\India\images\India_003831.jpg,India,2,0,0,1,0,['D20'],D20,train,0
C:\Users\ASUS\Desktop\SLIIT\Year 4\Semester 2\Deep Learning\Assignment\SE4050-Deep-Learning-Assignment\data\train\India\images\India_003832.jpg,India,1,0,0,1,0,['D20'],D20,train,2300
C:\Users\ASUS\Desktop\SLIIT\Year 4\Semester 2\Deep Learning\Assignment\SE4050-Deep-Learning-Assignment\data\train\India\images\India_003835.jpg,India,2,0,0,1,1,"['D20', 'D40']",D20,train,55
C:\Users\ASUS\Desktop\SLIIT\Year 4\Semester 2\Deep Learning\Assignment\SE4050-Deep-Learning-Assignment\data\train\India\images\India_003838.jpg,India,1,0,0,1,0,['D20'],D20,test,2301
C:\Users\ASUS\Desktop\SLIIT\Year 4\Semester 2\Deep Learning\Assignment\SE4050-Deep-Learning-Assignment\data\train\India\images\India_003839.jpg,India,2,1,0,1,0,"['D00', 'D20']",D00,test,2302
C:\Users\ASUS\Desktop\SLIIT\Year 4\Semester 2\Deep Learning\Assignment\SE4050-Deep-Learning-Assignment\data\train\India\images\India_003841.jpg,India,2,1,1,0,0,"['D00', 'D10']",D00,train,56
C:\Users\ASUS\Desktop\SLIIT\Year 4\Semester 2\Deep Learning\Assignment\SE4050-Deep-Learning-Assignment\data\train\India\images\India_003842.jpg,India,4,1,0,1,0,"['D00', 'D20']",D00,test,3
C:\Users\ASUS\Desktop\SLIIT\Year 4\Semester 2\Deep Learning\Assignment\SE4050-Deep-Learning-Assignment\data\train\India\images\India_003849.jpg,India,2,1,0,0,0,['D00'],D00,train,2303
C:\Users\ASUS\Desktop\SLIIT\Year 4\Semester 2\Deep Learning\Assignment\SE4050-Deep-Learning-Assignment\data\train\India\images\India_003850.jpg,India,2,1,0,1,0,"['D00', 'D20']",D00,test,2304
C:\Users\ASUS\Desktop\SLIIT\Year 4\Semester 2\Deep Learning\Assignment\SE4050-Deep-Learning-Assignment\data\train\India\images\India_003852.jpg,India,1,0,0,1,0,['D20'],D20,train,2305
C:\Users\ASUS\Desktop\SLIIT\Year 4\Semester 2\Deep Learning\Assignment\SE4050-Deep-Learning-Assignment\data\train\India\images\India_003854.jpg,India,2,1,0,0,0,['D00'],D00,train,2306
C:\Users\ASUS\Desktop\SLIIT\Year 4\Semester 2\Deep Learning\Assignment\SE4050-Deep-Learning-Assignment\data\train\India\images\India_003857.jpg,India,8,1,0,1,1,"['D00', 'D20', 'D40']",D00,train,2307
C:\Users\ASUS\Desktop\SLIIT\Year 4\Semester 2\Deep Learning\Assignment\SE4050-Deep-Learning-Assignment\data\train\India\images\India_003864.jpg,India,3,1,0,0,1,"['D00', 'D40']",D00,train,2308
C:\Users\ASUS\Desktop\SLIIT\Year 4\Semester 2\Deep Learning\Assignment\SE4050-Deep-Learning-Assignment\data\train\India\images\India_003865.jpg,India,2,0,0,1,1,"['D20', 'D40']",D20,train,2309
C:\Users\ASUS\Desktop\SLIIT\Year 4\Semester 2\Deep Learning\Assignment\SE4050-Deep-Learning-Assignment\data\train\India\images\India_003867.jpg,India,1,0,0,1,0,['D20'],D20,train,2310
C:\Users\ASUS\Desktop\SLIIT\Year 4\Semester 2\Deep Learning\Assignment\SE4050-Deep-Learning-Assignment\data\train\India\images\India_003872.jpg,India,1,0,0,0,1,['D40'],D40,test,2311
C:\Users\ASUS\Desktop\SLIIT\Year 4\Semester 2\Deep Learning\Assignment\SE4050-Deep-Learning-Assignment\data\train\India\images\India_003878.jpg,India,3,0,0,0,1,['D40'],D40,train,2312
C:\Users\ASUS\Desktop\SLIIT\Year 4\Semester 2\Deep Learning\Assignment\SE4050-Deep-Learning-Assignment\data\train\India\images\India_003879.jpg,India,3,0,0,0,1,['D40'],D40,train,2313
C:\Users\ASUS\Desktop\SLIIT\Year 4\Semester 2\Deep Learning\Assignment\SE4050-Deep-Learning-Assignment\data\train\India\images\India_003881.jpg,India,1,0,0,1,0,['D20'],D20,train,2314
C:\Users\ASUS\Desktop\SLIIT\Year 4\Semester 2\Deep Learning\Assignment\SE4050-Deep-Learning-Assignment\data\train\India\images\India_003882.jpg,India,1,1,0,0,0,['D00'],D00,train,2315
C:\Users\ASUS\Desktop\SLIIT\Year 4\Semester 2\Deep Learning\Assignment\SE4050-Deep-Learning-Assignment\data\train\India\images\India_003883.jpg,India,3,0,0,1,1,"['D20', 'D40']",D20,test,2316
C:\Users\ASUS\Desktop\SLIIT\Year 4\Semester 2\Deep Learning\Assignment\SE4050-Deep-Learning-Assignment\data\train\India\images\India_003884.jpg,India,3,0,0,1,1,"['D20', 'D40']",D20,train,2317
C:\Users\ASUS\Desktop\SLIIT\Year 4\Semester 2\Deep Learning\Assignment\SE4050-Deep-Learning-Assignment\data\train\India\images\India_003885.jpg,India,5,1,1,0,0,"['D00', 'D10']",D00,train,2318
C:\Users\ASUS\Desktop\SLIIT\Year 4\Semester 2\Deep Learning\Assignment\SE4050-Deep-Learning-Assignment\data\train\India\images\India_003886.jpg,India,4,1,0,0,1,"['D00', 'D40']",D00,train,2319
C:\Users\ASUS\Desktop\SLIIT\Year 4\Semester 2\Deep Learning\Assignment\SE4050-Deep-Learning-Assignment\data\train\India\images\India_003901.jpg,India,2,1,0,0,0,['D00'],D00,train,2320
C:\Users\ASUS\Desktop\SLIIT\Year 4\Semester 2\Deep Learning\Assignment\SE4050-Deep-Learning-Assignment\data\train\India\images\India_003908.jpg,India,3,1,0,0,0,['D00'],D00,val,2321
C:\Users\ASUS\Desktop\SLIIT\Year 4\Semester 2\Deep Learning\Assignment\SE4050-Deep-Learning-Assignment\data\train\India\images\India_003909.jpg,India,2,0,0,0,1,['D40'],D40,train,2322
C:\Users\ASUS\Desktop\SLIIT\Year 4\Semester 2\Deep Learning\Assignment\SE4050-Deep-Learning-Assignment\data\train\India\images\India_003911.jpg,India,3,0,0,0,1,['D40'],D40,train,2323
C:\Users\ASUS\Desktop\SLIIT\Year 4\Semester 2\Deep Learning\Assignment\SE4050-Deep-Learning-Assignment\data\train\India\images\India_003913.jpg,India,2,0,0,1,1,"['D20', 'D40']",D20,test,2324
C:\Users\ASUS\Desktop\SLIIT\Year 4\Semester 2\Deep Learning\Assignment\SE4050-Deep-Learning-Assignment\data\train\India\images\India_003917.jpg,India,1,0,0,1,0,['D20'],D20,train,2325
C:\Users\ASUS\Desktop\SLIIT\Year 4\Semester 2\Deep Learning\Assignment\SE4050-Deep-Learning-Assignment\data\train\India\images\India_003919.jpg,India,2,1,0,1,0,"['D00', 'D20']",D00,test,2326
C:\Users\ASUS\Desktop\SLIIT\Year 4\Semester 2\Deep Learning\Assignment\SE4050-Deep-Learning-Assignment\data\train\India\images\India_003920.jpg,India,1,0,0,1,0,['D20'],D20,train,57
C:\Users\ASUS\Desktop\SLIIT\Year 4\Semester 2\Deep Learning\Assignment\SE4050-Deep-Learning-Assignment\data\train\India\images\India_003923.jpg,India,2,0,0,0,1,['D40'],D40,train,2327
C:\Users\ASUS\Desktop\SLIIT\Year 4\Semester 2\Deep Learning\Assignment\SE4050-Deep-Learning-Assignment\data\train\India\images\India_003925.jpg,India,3,0,0,0,1,['D40'],D40,train,2328
C:\Users\ASUS\Desktop\SLIIT\Year 4\Semester 2\Deep Learning\Assignment\SE4050-Deep-Learning-Assignment\data\train\India\images\India_003926.jpg,India,4,1,0,1,1,"['D00', 'D20', 'D40']",D00,train,2329
C:\Users\ASUS\Desktop\SLIIT\Year 4\Semester 2\Deep Learning\Assignment\SE4050-Deep-Learning-Assignment\data\train\India\images\India_003928.jpg,India,1,0,0,1,0,['D20'],D20,train,2330
C:\Users\ASUS\Desktop\SLIIT\Year 4\Semester 2\Deep Learning\Assignment\SE4050-Deep-Learning-Assignment\data\train\India\images\India_003929.jpg,India,1,1,0,0,0,['D00'],D00,val,2331
C:\Users\ASUS\Desktop\SLIIT\Year 4\Semester 2\Deep Learning\Assignment\SE4050-Deep-Learning-Assignment\data\train\India\images\India_003936.jpg,India,5,0,0,0,1,['D40'],D40,train,2332
C:\Users\ASUS\Desktop\SLIIT\Year 4\Semester 2\Deep Learning\Assignment\SE4050-Deep-Learning-Assignment\data\train\India\images\India_003938.jpg,India,1,1,0,0,0,['D00'],D00,test,2333
C:\Users\ASUS\Desktop\SLIIT\Year 4\Semester 2\Deep Learning\Assignment\SE4050-Deep-Learning-Assignment\data\train\India\images\India_003939.jpg,India,1,0,0,0,1,['D40'],D40,val,2334
C:\Users\ASUS\Desktop\SLIIT\Year 4\Semester 2\Deep Learning\Assignment\SE4050-Deep-Learning-Assignment\data\train\India\images\India_003941.jpg,India,6,1,0,1,1,"['D00', 'D20', 'D40']",D00,train,2335
C:\Users\ASUS\Desktop\SLIIT\Year 4\Semester 2\Deep Learning\Assignment\SE4050-Deep-Learning-Assignment\data\train\India\images\India_003943.jpg,India,7,1,0,0,0,['D00'],D00,train,2336
C:\Users\ASUS\Desktop\SLIIT\Year 4\Semester 2\Deep Learning\Assignment\SE4050-Deep-Learning-Assignment\data\train\India\images\India_003944.jpg,India,3,1,0,0,0,['D00'],D00,train,2337
C:\Users\ASUS\Desktop\SLIIT\Year 4\Semester 2\Deep Learning\Assignment\SE4050-Deep-Learning-Assignment\data\train\India\images\India_003946.jpg,India,1,0,0,1,0,['D20'],D20,train,2338
C:\Users\ASUS\Desktop\SLIIT\Year 4\Semester 2\Deep Learning\Assignment\SE4050-Deep-Learning-Assignment\data\train\India\images\India_003948.jpg,India,3,0,0,1,0,['D20'],D20,train,2339
C:\Users\ASUS\Desktop\SLIIT\Year 4\Semester 2\Deep Learning\Assignment\SE4050-Deep-Learning-Assignment\data\train\India\images\India_003951.jpg,India,4,0,0,0,1,['D40'],D40,train,2340
C:\Users\ASUS\Desktop\SLIIT\Year 4\Semester 2\Deep Learning\Assignment\SE4050-Deep-Learning-Assignment\data\train\India\images\India_003953.jpg,India,2,1,0,1,0,"['D00', 'D20']",D00,train,2341
C:\Users\ASUS\Desktop\SLIIT\Year 4\Semester 2\Deep Learning\Assignment\SE4050-Deep-Learning-Assignment\data\train\India\images\India_003954.jpg,India,2,1,0,0,0,['D00'],D00,train,2342
C:\Users\ASUS\Desktop\SLIIT\Year 4\Semester 2\Deep Learning\Assignment\SE4050-Deep-Learning-Assignment\data\train\India\images\India_003967.jpg,India,2,0,0,0,1,['D40'],D40,val,1
C:\Users\ASUS\Desktop\SLIIT\Year 4\Semester 2\Deep Learning\Assignment\SE4050-Deep-Learning-Assignment\data\train\India\images\India_003969.jpg,India,2,1,0,0,0,['D00'],D00,train,2343
C:\Users\ASUS\Desktop\SLIIT\Year 4\Semester 2\Deep Learning\Assignment\SE4050-Deep-Learning-Assignment\data\train\India\images\India_003973.jpg,India,3,0,0,0,1,['D40'],D40,train,43
C:\Users\ASUS\Desktop\SLIIT\Year 4\Semester 2\Deep Learning\Assignment\SE4050-Deep-Learning-Assignment\data\train\India\images\India_003975.jpg,India,5,1,0,1,1,"['D00', 'D20', 'D40']",D00,train,2344
C:\Users\ASUS\Desktop\SLIIT\Year 4\Semester 2\Deep Learning\Assignment\SE4050-Deep-Learning-Assignment\data\train\India\images\India_003976.jpg,India,3,1,0,1,1,"['D00', 'D20', 'D40']",D00,test,2345
C:\Users\ASUS\Desktop\SLIIT\Year 4\Semester 2\Deep Learning\Assignment\SE4050-Deep-Learning-Assignment\data\train\India\images\India_003980.jpg,India,4,0,0,1,1,"['D20', 'D40']",D20,test,2346
C:\Users\ASUS\Desktop\SLIIT\Year 4\Semester 2\Deep Learning\Assignment\SE4050-Deep-Learning-Assignment\data\train\India\images\India_003981.jpg,India,2,1,0,0,0,['D00'],D00,test,2347
C:\Users\ASUS\Desktop\SLIIT\Year 4\Semester 2\Deep Learning\Assignment\SE4050-Deep-Learning-Assignment\data\train\India\images\India_003983.jpg,India,1,0,0,1,0,['D20'],D20,train,2348
C:\Users\ASUS\Desktop\SLIIT\Year 4\Semester 2\Deep Learning\Assignment\SE4050-Deep-Learning-Assignment\data\train\India\images\India_003987.jpg,India,1,0,0,0,1,['D40'],D40,val,1
C:\Users\ASUS\Desktop\SLIIT\Year 4\Semester 2\Deep Learning\Assignment\SE4050-Deep-Learning-Assignment\data\train\India\images\India_003992.jpg,India,1,0,0,1,0,['D20'],D20,val,2349
C:\Users\ASUS\Desktop\SLIIT\Year 4\Semester 2\Deep Learning\Assignment\SE4050-Deep-Learning-Assignment\data\train\India\images\India_003993.jpg,India,3,0,0,1,1,"['D20', 'D40']",D20,test,2350
C:\Users\ASUS\Desktop\SLIIT\Year 4\Semester 2\Deep Learning\Assignment\SE4050-Deep-Learning-Assignment\data\train\India\images\India_003999.jpg,India,1,0,0,1,0,['D20'],D20,train,2351
C:\Users\ASUS\Desktop\SLIIT\Year 4\Semester 2\Deep Learning\Assignment\SE4050-Deep-Learning-Assignment\data\train\India\images\India_004001.jpg,India,1,1,0,0,0,['D00'],D00,test,2352
C:\Users\ASUS\Desktop\SLIIT\Year 4\Semester 2\Deep Learning\Assignment\SE4050-Deep-Learning-Assignment\data\train\India\images\India_004003.jpg,India,5,0,0,0,1,['D40'],D40,train,58
C:\Users\ASUS\Desktop\SLIIT\Year 4\Semester 2\Deep Learning\Assignment\SE4050-Deep-Learning-Assignment\data\train\India\images\India_004004.jpg,India,2,0,0,1,0,['D20'],D20,train,2353
C:\Users\ASUS\Desktop\SLIIT\Year 4\Semester 2\Deep Learning\Assignment\SE4050-Deep-Learning-Assignment\data\train\India\images\India_004011.jpg,India,1,0,0,1,0,['D20'],D20,test,2354
C:\Users\ASUS\Desktop\SLIIT\Year 4\Semester 2\Deep Learning\Assignment\SE4050-Deep-Learning-Assignment\data\train\India\images\India_004022.jpg,India,5,1,0,0,1,"['D00', 'D40']",D00,val,2355
C:\Users\ASUS\Desktop\SLIIT\Year 4\Semester 2\Deep Learning\Assignment\SE4050-Deep-Learning-Assignment\data\train\India\images\India_004028.jpg,India,8,1,0,0,1,"['D00', 'D40']",D00,train,2356
C:\Users\ASUS\Desktop\SLIIT\Year 4\Semester 2\Deep Learning\Assignment\SE4050-Deep-Learning-Assignment\data\train\India\images\India_004029.jpg,India,3,0,0,0,1,['D40'],D40,train,2357
C:\Users\ASUS\Desktop\SLIIT\Year 4\Semester 2\Deep Learning\Assignment\SE4050-Deep-Learning-Assignment\data\train\India\images\India_004033.jpg,India,3,0,0,0,1,['D40'],D40,train,2358
C:\Users\ASUS\Desktop\SLIIT\Year 4\Semester 2\Deep Learning\Assignment\SE4050-Deep-Learning-Assignment\data\train\India\images\India_004035.jpg,India,2,1,0,0,0,['D00'],D00,train,2359
C:\Users\ASUS\Desktop\SLIIT\Year 4\Semester 2\Deep Learning\Assignment\SE4050-Deep-Learning-Assignment\data\train\India\images\India_004039.jpg,India,1,0,0,1,0,['D20'],D20,train,2360
C:\Users\ASUS\Desktop\SLIIT\Year 4\Semester 2\Deep Learning\Assignment\SE4050-Deep-Learning-Assignment\data\train\India\images\India_004040.jpg,India,2,0,0,1,0,['D20'],D20,train,2361
C:\Users\ASUS\Desktop\SLIIT\Year 4\Semester 2\Deep Learning\Assignment\SE4050-Deep-Learning-Assignment\data\train\India\images\India_004043.jpg,India,3,1,0,0,1,"['D00', 'D40']",D00,train,2362
C:\Users\ASUS\Desktop\SLIIT\Year 4\Semester 2\Deep Learning\Assignment\SE4050-Deep-Learning-Assignment\data\train\India\images\India_004047.jpg,India,7,0,0,0,1,['D40'],D40,test,2363
C:\Users\ASUS\Desktop\SLIIT\Year 4\Semester 2\Deep Learning\Assignment\SE4050-Deep-Learning-Assignment\data\train\India\images\India_004051.jpg,India,2,0,0,1,0,['D20'],D20,train,2364
C:\Users\ASUS\Desktop\SLIIT\Year 4\Semester 2\Deep Learning\Assignment\SE4050-Deep-Learning-Assignment\data\train\India\images\India_004060.jpg,India,2,0,0,1,1,"['D20', 'D40']",D20,train,2365
C:\Users\ASUS\Desktop\SLIIT\Year 4\Semester 2\Deep Learning\Assignment\SE4050-Deep-Learning-Assignment\data\train\India\images\India_004061.jpg,India,3,0,0,1,0,['D20'],D20,train,2366
C:\Users\ASUS\Desktop\SLIIT\Year 4\Semester 2\Deep Learning\Assignment\SE4050-Deep-Learning-Assignment\data\train\India\images\India_004064.jpg,India,2,0,0,1,0,['D20'],D20,train,2367
C:\Users\ASUS\Desktop\SLIIT\Year 4\Semester 2\Deep Learning\Assignment\SE4050-Deep-Learning-Assignment\data\train\India\images\India_004065.jpg,India,2,0,0,0,1,['D40'],D40,test,2368
C:\Users\ASUS\Desktop\SLIIT\Year 4\Semester 2\Deep Learning\Assignment\SE4050-Deep-Learning-Assignment\data\train\India\images\India_004066.jpg,India,5,1,0,1,0,"['D00', 'D20']",D00,train,2369
C:\Users\ASUS\Desktop\SLIIT\Year 4\Semester 2\Deep Learning\Assignment\SE4050-Deep-Learning-Assignment\data\train\India\images\India_004070.jpg,India,1,0,0,0,1,['D40'],D40,train,2370
C:\Users\ASUS\Desktop\SLIIT\Year 4\Semester 2\Deep Learning\Assignment\SE4050-Deep-Learning-Assignment\data\train\India\images\India_004071.jpg,India,3,1,0,1,0,"['D00', 'D20']",D00,train,2371
C:\Users\ASUS\Desktop\SLIIT\Year 4\Semester 2\Deep Learning\Assignment\SE4050-Deep-Learning-Assignment\data\train\India\images\India_004073.jpg,India,2,1,0,1,0,"['D00', 'D20']",D00,train,2372
C:\Users\ASUS\Desktop\SLIIT\Year 4\Semester 2\Deep Learning\Assignment\SE4050-Deep-Learning-Assignment\data\train\India\images\India_004074.jpg,India,1,0,0,1,0,['D20'],D20,train,2373
C:\Users\ASUS\Desktop\SLIIT\Year 4\Semester 2\Deep Learning\Assignment\SE4050-Deep-Learning-Assignment\data\train\India\images\India_004077.jpg,India,1,1,0,0,0,['D00'],D00,train,2374
C:\Users\ASUS\Desktop\SLIIT\Year 4\Semester 2\Deep Learning\Assignment\SE4050-Deep-Learning-Assignment\data\train\India\images\India_004080.jpg,India,1,0,0,1,0,['D20'],D20,test,2375
C:\Users\ASUS\Desktop\SLIIT\Year 4\Semester 2\Deep Learning\Assignment\SE4050-Deep-Learning-Assignment\data\train\India\images\India_004081.jpg,India,1,1,0,0,0,['D00'],D00,val,2376
C:\Users\ASUS\Desktop\SLIIT\Year 4\Semester 2\Deep Learning\Assignment\SE4050-Deep-Learning-Assignment\data\train\India\images\India_004084.jpg,India,1,0,0,1,0,['D20'],D20,train,2377
C:\Users\ASUS\Desktop\SLIIT\Year 4\Semester 2\Deep Learning\Assignment\SE4050-Deep-Learning-Assignment\data\train\India\images\India_004086.jpg,India,1,0,0,1,0,['D20'],D20,train,2378
C:\Users\ASUS\Desktop\SLIIT\Year 4\Semester 2\Deep Learning\Assignment\SE4050-Deep-Learning-Assignment\data\train\India\images\India_004091.jpg,India,4,0,0,0,1,['D40'],D40,val,2379
C:\Users\ASUS\Desktop\SLIIT\Year 4\Semester 2\Deep Learning\Assignment\SE4050-Deep-Learning-Assignment\data\train\India\images\India_004092.jpg,India,3,0,0,1,0,['D20'],D20,train,2380
C:\Users\ASUS\Desktop\SLIIT\Year 4\Semester 2\Deep Learning\Assignment\SE4050-Deep-Learning-Assignment\data\train\India\images\India_004100.jpg,India,2,0,0,0,1,['D40'],D40,test,2381
C:\Users\ASUS\Desktop\SLIIT\Year 4\Semester 2\Deep Learning\Assignment\SE4050-Deep-Learning-Assignment\data\train\India\images\India_004101.jpg,India,1,0,0,1,0,['D20'],D20,train,2382
C:\Users\ASUS\Desktop\SLIIT\Year 4\Semester 2\Deep Learning\Assignment\SE4050-Deep-Learning-Assignment\data\train\India\images\India_004102.jpg,India,1,0,0,1,0,['D20'],D20,train,2383
C:\Users\ASUS\Desktop\SLIIT\Year 4\Semester 2\Deep Learning\Assignment\SE4050-Deep-Learning-Assignment\data\train\India\images\India_004104.jpg,India,4,0,0,0,1,['D40'],D40,train,2384
C:\Users\ASUS\Desktop\SLIIT\Year 4\Semester 2\Deep Learning\Assignment\SE4050-Deep-Learning-Assignment\data\train\India\images\India_004107.jpg,India,1,0,0,0,1,['D40'],D40,train,2385
C:\Users\ASUS\Desktop\SLIIT\Year 4\Semester 2\Deep Learning\Assignment\SE4050-Deep-Learning-Assignment\data\train\India\images\India_004108.jpg,India,1,0,0,0,1,['D40'],D40,val,2386
C:\Users\ASUS\Desktop\SLIIT\Year 4\Semester 2\Deep Learning\Assignment\SE4050-Deep-Learning-Assignment\data\train\India\images\India_004109.jpg,India,2,1,0,1,0,"['D00', 'D20']",D00,train,2387
C:\Users\ASUS\Desktop\SLIIT\Year 4\Semester 2\Deep Learning\Assignment\SE4050-Deep-Learning-Assignment\data\train\India\images\India_004110.jpg,India,1,0,0,0,1,['D40'],D40,test,2388
C:\Users\ASUS\Desktop\SLIIT\Year 4\Semester 2\Deep Learning\Assignment\SE4050-Deep-Learning-Assignment\data\train\India\images\India_004115.jpg,India,4,1,0,0,0,['D00'],D00,test,2389
C:\Users\ASUS\Desktop\SLIIT\Year 4\Semester 2\Deep Learning\Assignment\SE4050-Deep-Learning-Assignment\data\train\India\images\India_004116.jpg,India,1,0,0,0,1,['D40'],D40,test,2390
C:\Users\ASUS\Desktop\SLIIT\Year 4\Semester 2\Deep Learning\Assignment\SE4050-Deep-Learning-Assignment\data\train\India\images\India_004120.jpg,India,2,0,0,1,0,['D20'],D20,test,2391
C:\Users\ASUS\Desktop\SLIIT\Year 4\Semester 2\Deep Learning\Assignment\SE4050-Deep-Learning-Assignment\data\train\India\images\India_004121.jpg,India,2,0,0,1,1,"['D20', 'D40']",D20,train,2392
C:\Users\ASUS\Desktop\SLIIT\Year 4\Semester 2\Deep Learning\Assignment\SE4050-Deep-Learning-Assignment\data\train\India\images\India_004126.jpg,India,2,0,0,1,1,"['D20', 'D40']",D20,train,59
C:\Users\ASUS\Desktop\SLIIT\Year 4\Semester 2\Deep Learning\Assignment\SE4050-Deep-Learning-Assignment\data\train\India\images\India_004132.jpg,India,4,0,0,1,1,"['D20', 'D40']",D20,test,2393
C:\Users\ASUS\Desktop\SLIIT\Year 4\Semester 2\Deep Learning\Assignment\SE4050-Deep-Learning-Assignment\data\train\India\images\India_004133.jpg,India,1,0,0,0,1,['D40'],D40,test,2394
C:\Users\ASUS\Desktop\SLIIT\Year 4\Semester 2\Deep Learning\Assignment\SE4050-Deep-Learning-Assignment\data\train\India\images\India_004134.jpg,India,1,0,0,1,0,['D20'],D20,train,2395
C:\Users\ASUS\Desktop\SLIIT\Year 4\Semester 2\Deep Learning\Assignment\SE4050-Deep-Learning-Assignment\data\train\India\images\India_004135.jpg,India,1,0,0,1,0,['D20'],D20,train,2396
C:\Users\ASUS\Desktop\SLIIT\Year 4\Semester 2\Deep Learning\Assignment\SE4050-Deep-Learning-Assignment\data\train\India\images\India_004136.jpg,India,3,1,0,1,1,"['D00', 'D20', 'D40']",D00,test,2397
C:\Users\ASUS\Desktop\SLIIT\Year 4\Semester 2\Deep Learning\Assignment\SE4050-Deep-Learning-Assignment\data\train\India\images\India_004138.jpg,India,1,0,0,1,0,['D20'],D20,train,2398
C:\Users\ASUS\Desktop\SLIIT\Year 4\Semester 2\Deep Learning\Assignment\SE4050-Deep-Learning-Assignment\data\train\India\images\India_004143.jpg,India,2,0,0,0,1,['D40'],D40,train,2399
C:\Users\ASUS\Desktop\SLIIT\Year 4\Semester 2\Deep Learning\Assignment\SE4050-Deep-Learning-Assignment\data\train\India\images\India_004154.jpg,India,2,1,0,0,0,['D00'],D00,train,2400
C:\Users\ASUS\Desktop\SLIIT\Year 4\Semester 2\Deep Learning\Assignment\SE4050-Deep-Learning-Assignment\data\train\India\images\India_004157.jpg,India,3,1,0,0,0,['D00'],D00,train,2401
C:\Users\ASUS\Desktop\SLIIT\Year 4\Semester 2\Deep Learning\Assignment\SE4050-Deep-Learning-Assignment\data\train\India\images\India_004161.jpg,India,1,0,0,0,1,['D40'],D40,train,2402
C:\Users\ASUS\Desktop\SLIIT\Year 4\Semester 2\Deep Learning\Assignment\SE4050-Deep-Learning-Assignment\data\train\India\images\India_004162.jpg,India,1,0,0,1,0,['D20'],D20,train,2403
C:\Users\ASUS\Desktop\SLIIT\Year 4\Semester 2\Deep Learning\Assignment\SE4050-Deep-Learning-Assignment\data\train\India\images\India_004171.jpg,India,1,1,0,0,0,['D00'],D00,val,2404
C:\Users\ASUS\Desktop\SLIIT\Year 4\Semester 2\Deep Learning\Assignment\SE4050-Deep-Learning-Assignment\data\train\India\images\India_004176.jpg,India,2,0,0,0,1,['D40'],D40,train,2405
C:\Users\ASUS\Desktop\SLIIT\Year 4\Semester 2\Deep Learning\Assignment\SE4050-Deep-Learning-Assignment\data\train\India\images\India_004178.jpg,India,1,0,0,0,1,['D40'],D40,train,2406
C:\Users\ASUS\Desktop\SLIIT\Year 4\Semester 2\Deep Learning\Assignment\SE4050-Deep-Learning-Assignment\data\train\India\images\India_004181.jpg,India,2,0,0,0,1,['D40'],D40,train,2407
C:\Users\ASUS\Desktop\SLIIT\Year 4\Semester 2\Deep Learning\Assignment\SE4050-Deep-Learning-Assignment\data\train\India\images\India_004183.jpg,India,1,0,0,1,0,['D20'],D20,val,2408
C:\Users\ASUS\Desktop\SLIIT\Year 4\Semester 2\Deep Learning\Assignment\SE4050-Deep-Learning-Assignment\data\train\India\images\India_004184.jpg,India,3,0,0,0,1,['D40'],D40,val,1
C:\Users\ASUS\Desktop\SLIIT\Year 4\Semester 2\Deep Learning\Assignment\SE4050-Deep-Learning-Assignment\data\train\India\images\India_004185.jpg,India,2,0,0,1,1,"['D20', 'D40']",D20,test,2409
C:\Users\ASUS\Desktop\SLIIT\Year 4\Semester 2\Deep Learning\Assignment\SE4050-Deep-Learning-Assignment\data\train\India\images\India_004191.jpg,India,1,1,0,0,0,['D00'],D00,train,2410
C:\Users\ASUS\Desktop\SLIIT\Year 4\Semester 2\Deep Learning\Assignment\SE4050-Deep-Learning-Assignment\data\train\India\images\India_004193.jpg,India,2,0,0,1,0,['D20'],D20,train,2411
C:\Users\ASUS\Desktop\SLIIT\Year 4\Semester 2\Deep Learning\Assignment\SE4050-Deep-Learning-Assignment\data\train\India\images\India_004194.jpg,India,2,1,0,0,0,['D00'],D00,train,6
C:\Users\ASUS\Desktop\SLIIT\Year 4\Semester 2\Deep Learning\Assignment\SE4050-Deep-Learning-Assignment\data\train\India\images\India_004195.jpg,India,5,1,1,0,0,"['D00', 'D10']",D00,train,2412
C:\Users\ASUS\Desktop\SLIIT\Year 4\Semester 2\Deep Learning\Assignment\SE4050-Deep-Learning-Assignment\data\train\India\images\India_004196.jpg,India,2,0,0,0,1,['D40'],D40,val,2413
C:\Users\ASUS\Desktop\SLIIT\Year 4\Semester 2\Deep Learning\Assignment\SE4050-Deep-Learning-Assignment\data\train\India\images\India_004199.jpg,India,3,1,0,1,0,"['D00', 'D20']",D00,train,2414
C:\Users\ASUS\Desktop\SLIIT\Year 4\Semester 2\Deep Learning\Assignment\SE4050-Deep-Learning-Assignment\data\train\India\images\India_004200.jpg,India,1,0,0,1,0,['D20'],D20,train,2415
C:\Users\ASUS\Desktop\SLIIT\Year 4\Semester 2\Deep Learning\Assignment\SE4050-Deep-Learning-Assignment\data\train\India\images\India_004201.jpg,India,4,1,0,1,0,"['D00', 'D20']",D00,train,2416
C:\Users\ASUS\Desktop\SLIIT\Year 4\Semester 2\Deep Learning\Assignment\SE4050-Deep-Learning-Assignment\data\train\India\images\India_004205.jpg,India,2,0,0,1,0,['D20'],D20,val,2417
C:\Users\ASUS\Desktop\SLIIT\Year 4\Semester 2\Deep Learning\Assignment\SE4050-Deep-Learning-Assignment\data\train\India\images\India_004208.jpg,India,7,1,0,1,1,"['D00', 'D20', 'D40']",D00,test,2418
C:\Users\ASUS\Desktop\SLIIT\Year 4\Semester 2\Deep Learning\Assignment\SE4050-Deep-Learning-Assignment\data\train\India\images\India_004209.jpg,India,3,0,0,0,1,['D40'],D40,test,2419
C:\Users\ASUS\Desktop\SLIIT\Year 4\Semester 2\Deep Learning\Assignment\SE4050-Deep-Learning-Assignment\data\train\India\images\India_004210.jpg,India,1,0,0,1,0,['D20'],D20,train,2420
C:\Users\ASUS\Desktop\SLIIT\Year 4\Semester 2\Deep Learning\Assignment\SE4050-Deep-Learning-Assignment\data\train\India\images\India_004226.jpg,India,2,0,0,0,1,['D40'],D40,train,2421
C:\Users\ASUS\Desktop\SLIIT\Year 4\Semester 2\Deep Learning\Assignment\SE4050-Deep-Learning-Assignment\data\train\India\images\India_004233.jpg,India,1,1,0,0,0,['D00'],D00,train,2422
C:\Users\ASUS\Desktop\SLIIT\Year 4\Semester 2\Deep Learning\Assignment\SE4050-Deep-Learning-Assignment\data\train\India\images\India_004238.jpg,India,2,1,0,1,0,"['D00', 'D20']",D00,train,2423
C:\Users\ASUS\Desktop\SLIIT\Year 4\Semester 2\Deep Learning\Assignment\SE4050-Deep-Learning-Assignment\data\train\India\images\India_004242.jpg,India,1,0,0,1,0,['D20'],D20,train,2424
C:\Users\ASUS\Desktop\SLIIT\Year 4\Semester 2\Deep Learning\Assignment\SE4050-Deep-Learning-Assignment\data\train\India\images\India_004243.jpg,India,1,0,0,0,1,['D40'],D40,train,2425
C:\Users\ASUS\Desktop\SLIIT\Year 4\Semester 2\Deep Learning\Assignment\SE4050-Deep-Learning-Assignment\data\train\India\images\India_004249.jpg,India,3,0,0,1,0,['D20'],D20,train,2426
C:\Users\ASUS\Desktop\SLIIT\Year 4\Semester 2\Deep Learning\Assignment\SE4050-Deep-Learning-Assignment\data\train\India\images\India_004253.jpg,India,1,0,0,0,1,['D40'],D40,train,2427
C:\Users\ASUS\Desktop\SLIIT\Year 4\Semester 2\Deep Learning\Assignment\SE4050-Deep-Learning-Assignment\data\train\India\images\India_004256.jpg,India,8,1,0,0,1,"['D00', 'D40']",D00,train,19
C:\Users\ASUS\Desktop\SLIIT\Year 4\Semester 2\Deep Learning\Assignment\SE4050-Deep-Learning-Assignment\data\train\India\images\India_004257.jpg,India,1,0,0,1,0,['D20'],D20,val,2428
C:\Users\ASUS\Desktop\SLIIT\Year 4\Semester 2\Deep Learning\Assignment\SE4050-Deep-Learning-Assignment\data\train\India\images\India_004263.jpg,India,2,0,0,0,1,['D40'],D40,val,2429
C:\Users\ASUS\Desktop\SLIIT\Year 4\Semester 2\Deep Learning\Assignment\SE4050-Deep-Learning-Assignment\data\train\India\images\India_004264.jpg,India,3,0,0,1,0,['D20'],D20,train,2430
C:\Users\ASUS\Desktop\SLIIT\Year 4\Semester 2\Deep Learning\Assignment\SE4050-Deep-Learning-Assignment\data\train\India\images\India_004268.jpg,India,3,1,0,1,0,"['D00', 'D20']",D00,train,2431
C:\Users\ASUS\Desktop\SLIIT\Year 4\Semester 2\Deep Learning\Assignment\SE4050-Deep-Learning-Assignment\data\train\India\images\India_004270.jpg,India,1,1,0,0,0,['D00'],D00,train,2432
C:\Users\ASUS\Desktop\SLIIT\Year 4\Semester 2\Deep Learning\Assignment\SE4050-Deep-Learning-Assignment\data\train\India\images\India_004273.jpg,India,1,1,0,0,0,['D00'],D00,train,2433
C:\Users\ASUS\Desktop\SLIIT\Year 4\Semester 2\Deep Learning\Assignment\SE4050-Deep-Learning-Assignment\data\train\India\images\India_004274.jpg,India,3,0,0,1,0,['D20'],D20,val,2434
C:\Users\ASUS\Desktop\SLIIT\Year 4\Semester 2\Deep Learning\Assignment\SE4050-Deep-Learning-Assignment\data\train\India\images\India_004278.jpg,India,2,0,0,0,1,['D40'],D40,train,2435
C:\Users\ASUS\Desktop\SLIIT\Year 4\Semester 2\Deep Learning\Assignment\SE4050-Deep-Learning-Assignment\data\train\India\images\India_004285.jpg,India,3,0,0,1,1,"['D20', 'D40']",D20,train,2436
C:\Users\ASUS\Desktop\SLIIT\Year 4\Semester 2\Deep Learning\Assignment\SE4050-Deep-Learning-Assignment\data\train\India\images\India_004290.jpg,India,2,0,0,0,1,['D40'],D40,test,2437
C:\Users\ASUS\Desktop\SLIIT\Year 4\Semester 2\Deep Learning\Assignment\SE4050-Deep-Learning-Assignment\data\train\India\images\India_004293.jpg,India,4,1,0,1,1,"['D00', 'D20', 'D40']",D00,train,2438
C:\Users\ASUS\Desktop\SLIIT\Year 4\Semester 2\Deep Learning\Assignment\SE4050-Deep-Learning-Assignment\data\train\India\images\India_004294.jpg,India,2,0,0,0,1,['D40'],D40,train,2439
C:\Users\ASUS\Desktop\SLIIT\Year 4\Semester 2\Deep Learning\Assignment\SE4050-Deep-Learning-Assignment\data\train\India\images\India_004297.jpg,India,2,1,0,1,0,"['D00', 'D20']",D00,val,50
C:\Users\ASUS\Desktop\SLIIT\Year 4\Semester 2\Deep Learning\Assignment\SE4050-Deep-Learning-Assignment\data\train\India\images\India_004298.jpg,India,1,0,0,0,1,['D40'],D40,train,2440
C:\Users\ASUS\Desktop\SLIIT\Year 4\Semester 2\Deep Learning\Assignment\SE4050-Deep-Learning-Assignment\data\train\India\images\India_004299.jpg,India,1,0,0,0,1,['D40'],D40,train,2441
C:\Users\ASUS\Desktop\SLIIT\Year 4\Semester 2\Deep Learning\Assignment\SE4050-Deep-Learning-Assignment\data\train\India\images\India_004309.jpg,India,3,0,0,1,0,['D20'],D20,train,2442
C:\Users\ASUS\Desktop\SLIIT\Year 4\Semester 2\Deep Learning\Assignment\SE4050-Deep-Learning-Assignment\data\train\India\images\India_004310.jpg,India,1,0,0,1,0,['D20'],D20,train,2443
C:\Users\ASUS\Desktop\SLIIT\Year 4\Semester 2\Deep Learning\Assignment\SE4050-Deep-Learning-Assignment\data\train\India\images\India_004311.jpg,India,3,1,0,1,0,"['D00', 'D20']",D00,test,2444
C:\Users\ASUS\Desktop\SLIIT\Year 4\Semester 2\Deep Learning\Assignment\SE4050-Deep-Learning-Assignment\data\train\India\images\India_004312.jpg,India,1,0,0,0,1,['D40'],D40,test,2445
C:\Users\ASUS\Desktop\SLIIT\Year 4\Semester 2\Deep Learning\Assignment\SE4050-Deep-Learning-Assignment\data\train\India\images\India_004315.jpg,India,2,0,0,1,0,['D20'],D20,train,2446
C:\Users\ASUS\Desktop\SLIIT\Year 4\Semester 2\Deep Learning\Assignment\SE4050-Deep-Learning-Assignment\data\train\India\images\India_004316.jpg,India,1,0,0,1,0,['D20'],D20,train,2447
C:\Users\ASUS\Desktop\SLIIT\Year 4\Semester 2\Deep Learning\Assignment\SE4050-Deep-Learning-Assignment\data\train\India\images\India_004320.jpg,India,3,1,0,0,1,"['D00', 'D40']",D00,test,2448
C:\Users\ASUS\Desktop\SLIIT\Year 4\Semester 2\Deep Learning\Assignment\SE4050-Deep-Learning-Assignment\data\train\India\images\India_004321.jpg,India,5,0,0,0,1,['D40'],D40,train,40
C:\Users\ASUS\Desktop\SLIIT\Year 4\Semester 2\Deep Learning\Assignment\SE4050-Deep-Learning-Assignment\data\train\India\images\India_004327.jpg,India,2,0,0,0,1,['D40'],D40,train,2449
C:\Users\ASUS\Desktop\SLIIT\Year 4\Semester 2\Deep Learning\Assignment\SE4050-Deep-Learning-Assignment\data\train\India\images\India_004331.jpg,India,4,1,0,1,1,"['D00', 'D20', 'D40']",D00,train,2450
C:\Users\ASUS\Desktop\SLIIT\Year 4\Semester 2\Deep Learning\Assignment\SE4050-Deep-Learning-Assignment\data\train\India\images\India_004338.jpg,India,4,1,0,0,1,"['D00', 'D40']",D00,test,4
C:\Users\ASUS\Desktop\SLIIT\Year 4\Semester 2\Deep Learning\Assignment\SE4050-Deep-Learning-Assignment\data\train\India\images\India_004340.jpg,India,5,0,0,0,1,['D40'],D40,train,2451
C:\Users\ASUS\Desktop\SLIIT\Year 4\Semester 2\Deep Learning\Assignment\SE4050-Deep-Learning-Assignment\data\train\India\images\India_004341.jpg,India,2,1,0,0,0,['D00'],D00,train,2452
C:\Users\ASUS\Desktop\SLIIT\Year 4\Semester 2\Deep Learning\Assignment\SE4050-Deep-Learning-Assignment\data\train\India\images\India_004342.jpg,India,3,0,0,1,1,"['D20', 'D40']",D20,train,2453
C:\Users\ASUS\Desktop\SLIIT\Year 4\Semester 2\Deep Learning\Assignment\SE4050-Deep-Learning-Assignment\data\train\India\images\India_004343.jpg,India,4,0,0,1,1,"['D20', 'D40']",D20,train,2454
C:\Users\ASUS\Desktop\SLIIT\Year 4\Semester 2\Deep Learning\Assignment\SE4050-Deep-Learning-Assignment\data\train\India\images\India_004345.jpg,India,7,0,0,0,1,['D40'],D40,train,2455
C:\Users\ASUS\Desktop\SLIIT\Year 4\Semester 2\Deep Learning\Assignment\SE4050-Deep-Learning-Assignment\data\train\India\images\India_004348.jpg,India,1,0,0,1,0,['D20'],D20,train,2456
C:\Users\ASUS\Desktop\SLIIT\Year 4\Semester 2\Deep Learning\Assignment\SE4050-Deep-Learning-Assignment\data\train\India\images\India_004352.jpg,India,3,1,0,1,0,"['D00', 'D20']",D00,train,2457
C:\Users\ASUS\Desktop\SLIIT\Year 4\Semester 2\Deep Learning\Assignment\SE4050-Deep-Learning-Assignment\data\train\India\images\India_004359.jpg,India,1,0,0,1,0,['D20'],D20,val,2458
C:\Users\ASUS\Desktop\SLIIT\Year 4\Semester 2\Deep Learning\Assignment\SE4050-Deep-Learning-Assignment\data\train\India\images\India_004363.jpg,India,3,0,0,0,1,['D40'],D40,train,2459
C:\Users\ASUS\Desktop\SLIIT\Year 4\Semester 2\Deep Learning\Assignment\SE4050-Deep-Learning-Assignment\data\train\India\images\India_004364.jpg,India,3,1,0,1,0,"['D00', 'D20']",D00,train,2460
C:\Users\ASUS\Desktop\SLIIT\Year 4\Semester 2\Deep Learning\Assignment\SE4050-Deep-Learning-Assignment\data\train\India\images\India_004365.jpg,India,4,1,0,1,1,"['D00', 'D20', 'D40']",D00,train,2461
C:\Users\ASUS\Desktop\SLIIT\Year 4\Semester 2\Deep Learning\Assignment\SE4050-Deep-Learning-Assignment\data\train\India\images\India_004366.jpg,India,1,0,0,1,0,['D20'],D20,train,2462
C:\Users\ASUS\Desktop\SLIIT\Year 4\Semester 2\Deep Learning\Assignment\SE4050-Deep-Learning-Assignment\data\train\India\images\India_004370.jpg,India,3,1,0,0,1,"['D00', 'D40']",D00,train,2463
C:\Users\ASUS\Desktop\SLIIT\Year 4\Semester 2\Deep Learning\Assignment\SE4050-Deep-Learning-Assignment\data\train\India\images\India_004371.jpg,India,3,1,0,1,0,"['D00', 'D20']",D00,train,2464
C:\Users\ASUS\Desktop\SLIIT\Year 4\Semester 2\Deep Learning\Assignment\SE4050-Deep-Learning-Assignment\data\train\India\images\India_004374.jpg,India,1,1,0,0,0,['D00'],D00,val,2465
C:\Users\ASUS\Desktop\SLIIT\Year 4\Semester 2\Deep Learning\Assignment\SE4050-Deep-Learning-Assignment\data\train\India\images\India_004375.jpg,India,2,0,0,1,0,['D20'],D20,val,2466
C:\Users\ASUS\Desktop\SLIIT\Year 4\Semester 2\Deep Learning\Assignment\SE4050-Deep-Learning-Assignment\data\train\India\images\India_004376.jpg,India,2,1,0,1,0,"['D00', 'D20']",D00,train,2467
C:\Users\ASUS\Desktop\SLIIT\Year 4\Semester 2\Deep Learning\Assignment\SE4050-Deep-Learning-Assignment\data\train\India\images\India_004385.jpg,India,4,1,0,1,1,"['D00', 'D20', 'D40']",D00,train,2468
C:\Users\ASUS\Desktop\SLIIT\Year 4\Semester 2\Deep Learning\Assignment\SE4050-Deep-Learning-Assignment\data\train\India\images\India_004387.jpg,India,2,0,0,0,1,['D40'],D40,train,2469
C:\Users\ASUS\Desktop\SLIIT\Year 4\Semester 2\Deep Learning\Assignment\SE4050-Deep-Learning-Assignment\data\train\India\images\India_004392.jpg,India,3,0,0,0,1,['D40'],D40,train,2470
C:\Users\ASUS\Desktop\SLIIT\Year 4\Semester 2\Deep Learning\Assignment\SE4050-Deep-Learning-Assignment\data\train\India\images\India_004393.jpg,India,1,0,0,0,1,['D40'],D40,train,2471
C:\Users\ASUS\Desktop\SLIIT\Year 4\Semester 2\Deep Learning\Assignment\SE4050-Deep-Learning-Assignment\data\train\India\images\India_004398.jpg,India,9,1,0,1,1,"['D00', 'D20', 'D40']",D00,train,2472
C:\Users\ASUS\Desktop\SLIIT\Year 4\Semester 2\Deep Learning\Assignment\SE4050-Deep-Learning-Assignment\data\train\India\images\India_004403.jpg,India,1,0,0,0,1,['D40'],D40,train,2473
C:\Users\ASUS\Desktop\SLIIT\Year 4\Semester 2\Deep Learning\Assignment\SE4050-Deep-Learning-Assignment\data\train\India\images\India_004407.jpg,India,2,1,0,1,0,"['D00', 'D20']",D00,train,2474
C:\Users\ASUS\Desktop\SLIIT\Year 4\Semester 2\Deep Learning\Assignment\SE4050-Deep-Learning-Assignment\data\train\India\images\India_004410.jpg,India,1,1,0,0,0,['D00'],D00,train,2475
C:\Users\ASUS\Desktop\SLIIT\Year 4\Semester 2\Deep Learning\Assignment\SE4050-Deep-Learning-Assignment\data\train\India\images\India_004414.jpg,India,1,0,0,0,1,['D40'],D40,train,2476
C:\Users\ASUS\Desktop\SLIIT\Year 4\Semester 2\Deep Learning\Assignment\SE4050-Deep-Learning-Assignment\data\train\India\images\India_004419.jpg,India,1,0,0,1,0,['D20'],D20,val,2477
C:\Users\ASUS\Desktop\SLIIT\Year 4\Semester 2\Deep Learning\Assignment\SE4050-Deep-Learning-Assignment\data\train\India\images\India_004421.jpg,India,1,0,0,1,0,['D20'],D20,train,60
C:\Users\ASUS\Desktop\SLIIT\Year 4\Semester 2\Deep Learning\Assignment\SE4050-Deep-Learning-Assignment\data\train\India\images\India_004423.jpg,India,1,0,0,1,0,['D20'],D20,train,2478
C:\Users\ASUS\Desktop\SLIIT\Year 4\Semester 2\Deep Learning\Assignment\SE4050-Deep-Learning-Assignment\data\train\India\images\India_004427.jpg,India,1,0,0,1,0,['D20'],D20,train,0
C:\Users\ASUS\Desktop\SLIIT\Year 4\Semester 2\Deep Learning\Assignment\SE4050-Deep-Learning-Assignment\data\train\India\images\India_004430.jpg,India,1,0,0,0,1,['D40'],D40,train,2479
C:\Users\ASUS\Desktop\SLIIT\Year 4\Semester 2\Deep Learning\Assignment\SE4050-Deep-Learning-Assignment\data\train\India\images\India_004434.jpg,India,7,0,0,1,1,"['D20', 'D40']",D20,train,2480
C:\Users\ASUS\Desktop\SLIIT\Year 4\Semester 2\Deep Learning\Assignment\SE4050-Deep-Learning-Assignment\data\train\India\images\India_004437.jpg,India,1,0,0,1,0,['D20'],D20,train,2481
C:\Users\ASUS\Desktop\SLIIT\Year 4\Semester 2\Deep Learning\Assignment\SE4050-Deep-Learning-Assignment\data\train\India\images\India_004441.jpg,India,2,0,0,0,1,['D40'],D40,test,2482
C:\Users\ASUS\Desktop\SLIIT\Year 4\Semester 2\Deep Learning\Assignment\SE4050-Deep-Learning-Assignment\data\train\India\images\India_004443.jpg,India,1,1,0,0,0,['D00'],D00,train,2483
C:\Users\ASUS\Desktop\SLIIT\Year 4\Semester 2\Deep Learning\Assignment\SE4050-Deep-Learning-Assignment\data\train\India\images\India_004444.jpg,India,1,0,0,0,1,['D40'],D40,test,2484
C:\Users\ASUS\Desktop\SLIIT\Year 4\Semester 2\Deep Learning\Assignment\SE4050-Deep-Learning-Assignment\data\train\India\images\India_004448.jpg,India,1,1,0,0,0,['D00'],D00,test,2485
C:\Users\ASUS\Desktop\SLIIT\Year 4\Semester 2\Deep Learning\Assignment\SE4050-Deep-Learning-Assignment\data\train\India\images\India_004449.jpg,India,4,0,0,0,1,['D40'],D40,train,2486
C:\Users\ASUS\Desktop\SLIIT\Year 4\Semester 2\Deep Learning\Assignment\SE4050-Deep-Learning-Assignment\data\train\India\images\India_004450.jpg,India,1,0,0,1,0,['D20'],D20,test,2487
C:\Users\ASUS\Desktop\SLIIT\Year 4\Semester 2\Deep Learning\Assignment\SE4050-Deep-Learning-Assignment\data\train\India\images\India_004456.jpg,India,2,0,0,1,0,['D20'],D20,train,2488
C:\Users\ASUS\Desktop\SLIIT\Year 4\Semester 2\Deep Learning\Assignment\SE4050-Deep-Learning-Assignment\data\train\India\images\India_004457.jpg,India,1,1,0,0,0,['D00'],D00,train,2489
C:\Users\ASUS\Desktop\SLIIT\Year 4\Semester 2\Deep Learning\Assignment\SE4050-Deep-Learning-Assignment\data\train\India\images\India_004458.jpg,India,2,1,0,0,0,['D00'],D00,train,2490
C:\Users\ASUS\Desktop\SLIIT\Year 4\Semester 2\Deep Learning\Assignment\SE4050-Deep-Learning-Assignment\data\train\India\images\India_004459.jpg,India,4,0,0,0,1,['D40'],D40,train,2491
C:\Users\ASUS\Desktop\SLIIT\Year 4\Semester 2\Deep Learning\Assignment\SE4050-Deep-Learning-Assignment\data\train\India\images\India_004461.jpg,India,2,0,0,0,1,['D40'],D40,train,2492
C:\Users\ASUS\Desktop\SLIIT\Year 4\Semester 2\Deep Learning\Assignment\SE4050-Deep-Learning-Assignment\data\train\India\images\India_004464.jpg,India,2,0,0,1,0,['D20'],D20,train,2493
C:\Users\ASUS\Desktop\SLIIT\Year 4\Semester 2\Deep Learning\Assignment\SE4050-Deep-Learning-Assignment\data\train\India\images\India_004465.jpg,India,1,0,0,1,0,['D20'],D20,train,2494
C:\Users\ASUS\Desktop\SLIIT\Year 4\Semester 2\Deep Learning\Assignment\SE4050-Deep-Learning-Assignment\data\train\India\images\India_004468.jpg,India,2,0,0,1,0,['D20'],D20,train,2495
C:\Users\ASUS\Desktop\SLIIT\Year 4\Semester 2\Deep Learning\Assignment\SE4050-Deep-Learning-Assignment\data\train\India\images\India_004469.jpg,India,2,1,0,0,1,"['D00', 'D40']",D00,train,2496
C:\Users\ASUS\Desktop\SLIIT\Year 4\Semester 2\Deep Learning\Assignment\SE4050-Deep-Learning-Assignment\data\train\India\images\India_004472.jpg,India,6,0,0,1,1,"['D20', 'D40']",D20,train,2497
C:\Users\ASUS\Desktop\SLIIT\Year 4\Semester 2\Deep Learning\Assignment\SE4050-Deep-Learning-Assignment\data\train\India\images\India_004479.jpg,India,2,1,0,1,0,"['D00', 'D20']",D00,train,2498
C:\Users\ASUS\Desktop\SLIIT\Year 4\Semester 2\Deep Learning\Assignment\SE4050-Deep-Learning-Assignment\data\train\India\images\India_004480.jpg,India,2,0,0,1,0,['D20'],D20,train,2499
C:\Users\ASUS\Desktop\SLIIT\Year 4\Semester 2\Deep Learning\Assignment\SE4050-Deep-Learning-Assignment\data\train\India\images\India_004482.jpg,India,1,0,0,1,0,['D20'],D20,train,2500
C:\Users\ASUS\Desktop\SLIIT\Year 4\Semester 2\Deep Learning\Assignment\SE4050-Deep-Learning-Assignment\data\train\India\images\India_004483.jpg,India,2,0,0,0,1,['D40'],D40,val,2501
C:\Users\ASUS\Desktop\SLIIT\Year 4\Semester 2\Deep Learning\Assignment\SE4050-Deep-Learning-Assignment\data\train\India\images\India_004484.jpg,India,2,1,0,0,0,['D00'],D00,val,2502
C:\Users\ASUS\Desktop\SLIIT\Year 4\Semester 2\Deep Learning\Assignment\SE4050-Deep-Learning-Assignment\data\train\India\images\India_004485.jpg,India,2,0,0,0,1,['D40'],D40,train,59
C:\Users\ASUS\Desktop\SLIIT\Year 4\Semester 2\Deep Learning\Assignment\SE4050-Deep-Learning-Assignment\data\train\India\images\India_004489.jpg,India,4,0,0,1,0,['D20'],D20,train,2503
C:\Users\ASUS\Desktop\SLIIT\Year 4\Semester 2\Deep Learning\Assignment\SE4050-Deep-Learning-Assignment\data\train\India\images\India_004497.jpg,India,2,1,0,1,0,"['D00', 'D20']",D00,train,2504
C:\Users\ASUS\Desktop\SLIIT\Year 4\Semester 2\Deep Learning\Assignment\SE4050-Deep-Learning-Assignment\data\train\India\images\India_004504.jpg,India,1,1,0,0,0,['D00'],D00,train,2505
C:\Users\ASUS\Desktop\SLIIT\Year 4\Semester 2\Deep Learning\Assignment\SE4050-Deep-Learning-Assignment\data\train\India\images\India_004508.jpg,India,1,0,0,1,0,['D20'],D20,train,61
C:\Users\ASUS\Desktop\SLIIT\Year 4\Semester 2\Deep Learning\Assignment\SE4050-Deep-Learning-Assignment\data\train\India\images\India_004509.jpg,India,2,0,0,1,1,"['D20', 'D40']",D20,val,2506
C:\Users\ASUS\Desktop\SLIIT\Year 4\Semester 2\Deep Learning\Assignment\SE4050-Deep-Learning-Assignment\data\train\India\images\India_004511.jpg,India,6,0,0,1,1,"['D20', 'D40']",D20,train,2507
C:\Users\ASUS\Desktop\SLIIT\Year 4\Semester 2\Deep Learning\Assignment\SE4050-Deep-Learning-Assignment\data\train\India\images\India_004512.jpg,India,3,0,0,0,1,['D40'],D40,train,2508
C:\Users\ASUS\Desktop\SLIIT\Year 4\Semester 2\Deep Learning\Assignment\SE4050-Deep-Learning-Assignment\data\train\India\images\India_004513.jpg,India,2,1,0,0,0,['D00'],D00,train,2509
C:\Users\ASUS\Desktop\SLIIT\Year 4\Semester 2\Deep Learning\Assignment\SE4050-Deep-Learning-Assignment\data\train\India\images\India_004523.jpg,India,1,1,0,0,0,['D00'],D00,train,2510
C:\Users\ASUS\Desktop\SLIIT\Year 4\Semester 2\Deep Learning\Assignment\SE4050-Deep-Learning-Assignment\data\train\India\images\India_004524.jpg,India,1,0,0,0,1,['D40'],D40,test,2511
C:\Users\ASUS\Desktop\SLIIT\Year 4\Semester 2\Deep Learning\Assignment\SE4050-Deep-Learning-Assignment\data\train\India\images\India_004525.jpg,India,3,1,0,0,1,"['D00', 'D40']",D00,train,2512
C:\Users\ASUS\Desktop\SLIIT\Year 4\Semester 2\Deep Learning\Assignment\SE4050-Deep-Learning-Assignment\data\train\India\images\India_004531.jpg,India,1,0,0,1,0,['D20'],D20,train,2513
C:\Users\ASUS\Desktop\SLIIT\Year 4\Semester 2\Deep Learning\Assignment\SE4050-Deep-Learning-Assignment\data\train\India\images\India_004533.jpg,India,1,1,0,0,0,['D00'],D00,train,2514
C:\Users\ASUS\Desktop\SLIIT\Year 4\Semester 2\Deep Learning\Assignment\SE4050-Deep-Learning-Assignment\data\train\India\images\India_004537.jpg,India,5,1,0,1,0,"['D00', 'D20']",D00,train,2515
C:\Users\ASUS\Desktop\SLIIT\Year 4\Semester 2\Deep Learning\Assignment\SE4050-Deep-Learning-Assignment\data\train\India\images\India_004542.jpg,India,5,0,0,0,1,['D40'],D40,train,62
C:\Users\ASUS\Desktop\SLIIT\Year 4\Semester 2\Deep Learning\Assignment\SE4050-Deep-Learning-Assignment\data\train\India\images\India_004543.jpg,India,2,0,0,1,0,['D20'],D20,train,2516
C:\Users\ASUS\Desktop\SLIIT\Year 4\Semester 2\Deep Learning\Assignment\SE4050-Deep-Learning-Assignment\data\train\India\images\India_004548.jpg,India,1,0,0,1,0,['D20'],D20,train,0
C:\Users\ASUS\Desktop\SLIIT\Year 4\Semester 2\Deep Learning\Assignment\SE4050-Deep-Learning-Assignment\data\train\India\images\India_004550.jpg,India,1,0,0,1,0,['D20'],D20,train,2517
C:\Users\ASUS\Desktop\SLIIT\Year 4\Semester 2\Deep Learning\Assignment\SE4050-Deep-Learning-Assignment\data\train\India\images\India_004551.jpg,India,4,1,0,1,1,"['D00', 'D20', 'D40']",D00,test,2518
C:\Users\ASUS\Desktop\SLIIT\Year 4\Semester 2\Deep Learning\Assignment\SE4050-Deep-Learning-Assignment\data\train\India\images\India_004553.jpg,India,1,0,0,0,1,['D40'],D40,test,2519
C:\Users\ASUS\Desktop\SLIIT\Year 4\Semester 2\Deep Learning\Assignment\SE4050-Deep-Learning-Assignment\data\train\India\images\India_004554.jpg,India,1,0,0,1,0,['D20'],D20,test,2520
C:\Users\ASUS\Desktop\SLIIT\Year 4\Semester 2\Deep Learning\Assignment\SE4050-Deep-Learning-Assignment\data\train\India\images\India_004556.jpg,India,2,0,0,1,1,"['D20', 'D40']",D20,train,2521
C:\Users\ASUS\Desktop\SLIIT\Year 4\Semester 2\Deep Learning\Assignment\SE4050-Deep-Learning-Assignment\data\train\India\images\India_004562.jpg,India,2,0,0,1,0,['D20'],D20,train,0
C:\Users\ASUS\Desktop\SLIIT\Year 4\Semester 2\Deep Learning\Assignment\SE4050-Deep-Learning-Assignment\data\train\India\images\India_004563.jpg,India,2,0,0,1,0,['D20'],D20,train,2522
C:\Users\ASUS\Desktop\SLIIT\Year 4\Semester 2\Deep Learning\Assignment\SE4050-Deep-Learning-Assignment\data\train\India\images\India_004565.jpg,India,5,1,0,0,0,['D00'],D00,test,2523
C:\Users\ASUS\Desktop\SLIIT\Year 4\Semester 2\Deep Learning\Assignment\SE4050-Deep-Learning-Assignment\data\train\India\images\India_004570.jpg,India,1,1,0,0,0,['D00'],D00,train,2524
C:\Users\ASUS\Desktop\SLIIT\Year 4\Semester 2\Deep Learning\Assignment\SE4050-Deep-Learning-Assignment\data\train\India\images\India_004571.jpg,India,2,0,0,1,0,['D20'],D20,train,2525
C:\Users\ASUS\Desktop\SLIIT\Year 4\Semester 2\Deep Learning\Assignment\SE4050-Deep-Learning-Assignment\data\train\India\images\India_004572.jpg,India,2,1,1,0,0,"['D00', 'D10']",D00,train,2526
C:\Users\ASUS\Desktop\SLIIT\Year 4\Semester 2\Deep Learning\Assignment\SE4050-Deep-Learning-Assignment\data\train\India\images\India_004575.jpg,India,1,1,0,0,0,['D00'],D00,test,2527
C:\Users\ASUS\Desktop\SLIIT\Year 4\Semester 2\Deep Learning\Assignment\SE4050-Deep-Learning-Assignment\data\train\India\images\India_004580.jpg,India,1,1,0,0,0,['D00'],D00,train,2528
C:\Users\ASUS\Desktop\SLIIT\Year 4\Semester 2\Deep Learning\Assignment\SE4050-Deep-Learning-Assignment\data\train\India\images\India_004586.jpg,India,4,0,0,1,1,"['D20', 'D40']",D20,train,46
C:\Users\ASUS\Desktop\SLIIT\Year 4\Semester 2\Deep Learning\Assignment\SE4050-Deep-Learning-Assignment\data\train\India\images\India_004592.jpg,India,4,1,0,1,1,"['D00', 'D20', 'D40']",D00,train,2529
C:\Users\ASUS\Desktop\SLIIT\Year 4\Semester 2\Deep Learning\Assignment\SE4050-Deep-Learning-Assignment\data\train\India\images\India_004593.jpg,India,2,0,0,0,1,['D40'],D40,train,2530
C:\Users\ASUS\Desktop\SLIIT\Year 4\Semester 2\Deep Learning\Assignment\SE4050-Deep-Learning-Assignment\data\train\India\images\India_004599.jpg,India,2,0,0,1,0,['D20'],D20,test,2531
C:\Users\ASUS\Desktop\SLIIT\Year 4\Semester 2\Deep Learning\Assignment\SE4050-Deep-Learning-Assignment\data\train\India\images\India_004600.jpg,India,3,0,0,1,1,"['D20', 'D40']",D20,train,2532
C:\Users\ASUS\Desktop\SLIIT\Year 4\Semester 2\Deep Learning\Assignment\SE4050-Deep-Learning-Assignment\data\train\India\images\India_004601.jpg,India,4,1,0,1,0,"['D00', 'D20']",D00,train,63
C:\Users\ASUS\Desktop\SLIIT\Year 4\Semester 2\Deep Learning\Assignment\SE4050-Deep-Learning-Assignment\data\train\India\images\India_004602.jpg,India,1,1,0,0,0,['D00'],D00,test,2533
C:\Users\ASUS\Desktop\SLIIT\Year 4\Semester 2\Deep Learning\Assignment\SE4050-Deep-Learning-Assignment\data\train\India\images\India_004606.jpg,India,1,0,0,0,1,['D40'],D40,train,2534
C:\Users\ASUS\Desktop\SLIIT\Year 4\Semester 2\Deep Learning\Assignment\SE4050-Deep-Learning-Assignment\data\train\India\images\India_004612.jpg,India,3,0,0,1,1,"['D20', 'D40']",D20,train,2535
C:\Users\ASUS\Desktop\SLIIT\Year 4\Semester 2\Deep Learning\Assignment\SE4050-Deep-Learning-Assignment\data\train\India\images\India_004613.jpg,India,1,0,0,0,1,['D40'],D40,val,1
C:\Users\ASUS\Desktop\SLIIT\Year 4\Semester 2\Deep Learning\Assignment\SE4050-Deep-Learning-Assignment\data\train\India\images\India_004616.jpg,India,3,1,0,0,0,['D00'],D00,test,2536
C:\Users\ASUS\Desktop\SLIIT\Year 4\Semester 2\Deep Learning\Assignment\SE4050-Deep-Learning-Assignment\data\train\India\images\India_004618.jpg,India,2,1,0,1,0,"['D00', 'D20']",D00,train,2537
C:\Users\ASUS\Desktop\SLIIT\Year 4\Semester 2\Deep Learning\Assignment\SE4050-Deep-Learning-Assignment\data\train\India\images\India_004626.jpg,India,2,0,0,1,1,"['D20', 'D40']",D20,val,2538
C:\Users\ASUS\Desktop\SLIIT\Year 4\Semester 2\Deep Learning\Assignment\SE4050-Deep-Learning-Assignment\data\train\India\images\India_004627.jpg,India,3,0,0,0,1,['D40'],D40,train,2539
C:\Users\ASUS\Desktop\SLIIT\Year 4\Semester 2\Deep Learning\Assignment\SE4050-Deep-Learning-Assignment\data\train\India\images\India_004629.jpg,India,2,0,0,0,1,['D40'],D40,train,2540
C:\Users\ASUS\Desktop\SLIIT\Year 4\Semester 2\Deep Learning\Assignment\SE4050-Deep-Learning-Assignment\data\train\India\images\India_004632.jpg,India,2,0,0,0,1,['D40'],D40,train,2541
C:\Users\ASUS\Desktop\SLIIT\Year 4\Semester 2\Deep Learning\Assignment\SE4050-Deep-Learning-Assignment\data\train\India\images\India_004633.jpg,India,2,0,0,0,1,['D40'],D40,val,2542
C:\Users\ASUS\Desktop\SLIIT\Year 4\Semester 2\Deep Learning\Assignment\SE4050-Deep-Learning-Assignment\data\train\India\images\India_004636.jpg,India,1,1,0,0,0,['D00'],D00,train,2543
C:\Users\ASUS\Desktop\SLIIT\Year 4\Semester 2\Deep Learning\Assignment\SE4050-Deep-Learning-Assignment\data\train\India\images\India_004637.jpg,India,2,1,0,1,0,"['D00', 'D20']",D00,train,2544
C:\Users\ASUS\Desktop\SLIIT\Year 4\Semester 2\Deep Learning\Assignment\SE4050-Deep-Learning-Assignment\data\train\India\images\India_004639.jpg,India,4,0,0,0,1,['D40'],D40,train,2545
C:\Users\ASUS\Desktop\SLIIT\Year 4\Semester 2\Deep Learning\Assignment\SE4050-Deep-Learning-Assignment\data\train\India\images\India_004646.jpg,India,1,0,0,1,0,['D20'],D20,train,2546
C:\Users\ASUS\Desktop\SLIIT\Year 4\Semester 2\Deep Learning\Assignment\SE4050-Deep-Learning-Assignment\data\train\India\images\India_004650.jpg,India,2,1,0,1,0,"['D00', 'D20']",D00,val,2547
C:\Users\ASUS\Desktop\SLIIT\Year 4\Semester 2\Deep Learning\Assignment\SE4050-Deep-Learning-Assignment\data\train\India\images\India_004651.jpg,India,1,0,0,1,0,['D20'],D20,train,2548
C:\Users\ASUS\Desktop\SLIIT\Year 4\Semester 2\Deep Learning\Assignment\SE4050-Deep-Learning-Assignment\data\train\India\images\India_004655.jpg,India,2,0,0,0,1,['D40'],D40,train,2549
C:\Users\ASUS\Desktop\SLIIT\Year 4\Semester 2\Deep Learning\Assignment\SE4050-Deep-Learning-Assignment\data\train\India\images\India_004657.jpg,India,1,0,0,0,1,['D40'],D40,val,2550
C:\Users\ASUS\Desktop\SLIIT\Year 4\Semester 2\Deep Learning\Assignment\SE4050-Deep-Learning-Assignment\data\train\India\images\India_004658.jpg,India,2,0,0,1,0,['D20'],D20,train,2551
C:\Users\ASUS\Desktop\SLIIT\Year 4\Semester 2\Deep Learning\Assignment\SE4050-Deep-Learning-Assignment\data\train\India\images\India_004663.jpg,India,1,0,0,0,1,['D40'],D40,train,2552
C:\Users\ASUS\Desktop\SLIIT\Year 4\Semester 2\Deep Learning\Assignment\SE4050-Deep-Learning-Assignment\data\train\India\images\India_004669.jpg,India,2,0,0,1,1,"['D20', 'D40']",D20,train,2553
C:\Users\ASUS\Desktop\SLIIT\Year 4\Semester 2\Deep Learning\Assignment\SE4050-Deep-Learning-Assignment\data\train\India\images\India_004671.jpg,India,3,0,0,1,0,['D20'],D20,train,64
C:\Users\ASUS\Desktop\SLIIT\Year 4\Semester 2\Deep Learning\Assignment\SE4050-Deep-Learning-Assignment\data\train\India\images\India_004679.jpg,India,1,0,0,1,0,['D20'],D20,train,2554
C:\Users\ASUS\Desktop\SLIIT\Year 4\Semester 2\Deep Learning\Assignment\SE4050-Deep-Learning-Assignment\data\train\India\images\India_004686.jpg,India,4,1,0,0,1,"['D00', 'D40']",D00,train,2555
C:\Users\ASUS\Desktop\SLIIT\Year 4\Semester 2\Deep Learning\Assignment\SE4050-Deep-Learning-Assignment\data\train\India\images\India_004689.jpg,India,2,1,0,1,0,"['D00', 'D20']",D00,train,2556
C:\Users\ASUS\Desktop\SLIIT\Year 4\Semester 2\Deep Learning\Assignment\SE4050-Deep-Learning-Assignment\data\train\India\images\India_004690.jpg,India,1,0,0,1,0,['D20'],D20,train,2557
C:\Users\ASUS\Desktop\SLIIT\Year 4\Semester 2\Deep Learning\Assignment\SE4050-Deep-Learning-Assignment\data\train\India\images\India_004695.jpg,India,3,1,0,1,1,"['D00', 'D20', 'D40']",D00,train,2
C:\Users\ASUS\Desktop\SLIIT\Year 4\Semester 2\Deep Learning\Assignment\SE4050-Deep-Learning-Assignment\data\train\India\images\India_004700.jpg,India,1,0,0,1,0,['D20'],D20,train,2558
C:\Users\ASUS\Desktop\SLIIT\Year 4\Semester 2\Deep Learning\Assignment\SE4050-Deep-Learning-Assignment\data\train\India\images\India_004701.jpg,India,8,1,0,1,1,"['D00', 'D20', 'D40']",D00,val,2559
C:\Users\ASUS\Desktop\SLIIT\Year 4\Semester 2\Deep Learning\Assignment\SE4050-Deep-Learning-Assignment\data\train\India\images\India_004702.jpg,India,3,1,0,1,0,"['D00', 'D20']",D00,train,2560
C:\Users\ASUS\Desktop\SLIIT\Year 4\Semester 2\Deep Learning\Assignment\SE4050-Deep-Learning-Assignment\data\train\India\images\India_004703.jpg,India,1,0,0,1,0,['D20'],D20,train,2561
C:\Users\ASUS\Desktop\SLIIT\Year 4\Semester 2\Deep Learning\Assignment\SE4050-Deep-Learning-Assignment\data\train\India\images\India_004704.jpg,India,2,1,0,0,0,['D00'],D00,train,2562
C:\Users\ASUS\Desktop\SLIIT\Year 4\Semester 2\Deep Learning\Assignment\SE4050-Deep-Learning-Assignment\data\train\India\images\India_004705.jpg,India,1,0,0,0,1,['D40'],D40,test,2563
C:\Users\ASUS\Desktop\SLIIT\Year 4\Semester 2\Deep Learning\Assignment\SE4050-Deep-Learning-Assignment\data\train\India\images\India_004706.jpg,India,2,1,0,0,1,"['D00', 'D40']",D00,test,2564
C:\Users\ASUS\Desktop\SLIIT\Year 4\Semester 2\Deep Learning\Assignment\SE4050-Deep-Learning-Assignment\data\train\India\images\India_004709.jpg,India,2,0,0,1,0,['D20'],D20,train,2565
C:\Users\ASUS\Desktop\SLIIT\Year 4\Semester 2\Deep Learning\Assignment\SE4050-Deep-Learning-Assignment\data\train\India\images\India_004710.jpg,India,1,0,0,0,1,['D40'],D40,train,2566
C:\Users\ASUS\Desktop\SLIIT\Year 4\Semester 2\Deep Learning\Assignment\SE4050-Deep-Learning-Assignment\data\train\India\images\India_004715.jpg,India,1,0,0,1,0,['D20'],D20,train,2567
C:\Users\ASUS\Desktop\SLIIT\Year 4\Semester 2\Deep Learning\Assignment\SE4050-Deep-Learning-Assignment\data\train\India\images\India_004717.jpg,India,2,0,0,0,1,['D40'],D40,train,2568
C:\Users\ASUS\Desktop\SLIIT\Year 4\Semester 2\Deep Learning\Assignment\SE4050-Deep-Learning-Assignment\data\train\India\images\India_004718.jpg,India,1,0,0,1,0,['D20'],D20,train,2569
C:\Users\ASUS\Desktop\SLIIT\Year 4\Semester 2\Deep Learning\Assignment\SE4050-Deep-Learning-Assignment\data\train\India\images\India_004719.jpg,India,3,0,0,1,1,"['D20', 'D40']",D20,train,2570
C:\Users\ASUS\Desktop\SLIIT\Year 4\Semester 2\Deep Learning\Assignment\SE4050-Deep-Learning-Assignment\data\train\India\images\India_004721.jpg,India,3,0,0,1,0,['D20'],D20,train,65
C:\Users\ASUS\Desktop\SLIIT\Year 4\Semester 2\Deep Learning\Assignment\SE4050-Deep-Learning-Assignment\data\train\India\images\India_004724.jpg,India,3,0,0,1,1,"['D20', 'D40']",D20,train,2571
C:\Users\ASUS\Desktop\SLIIT\Year 4\Semester 2\Deep Learning\Assignment\SE4050-Deep-Learning-Assignment\data\train\India\images\India_004726.jpg,India,2,0,0,0,1,['D40'],D40,train,2572
C:\Users\ASUS\Desktop\SLIIT\Year 4\Semester 2\Deep Learning\Assignment\SE4050-Deep-Learning-Assignment\data\train\India\images\India_004727.jpg,India,1,0,0,1,0,['D20'],D20,test,2573
C:\Users\ASUS\Desktop\SLIIT\Year 4\Semester 2\Deep Learning\Assignment\SE4050-Deep-Learning-Assignment\data\train\India\images\India_004730.jpg,India,3,1,1,1,0,"['D00', 'D10', 'D20']",D00,train,2574
C:\Users\ASUS\Desktop\SLIIT\Year 4\Semester 2\Deep Learning\Assignment\SE4050-Deep-Learning-Assignment\data\train\India\images\India_004732.jpg,India,5,0,0,0,1,['D40'],D40,train,2575
C:\Users\ASUS\Desktop\SLIIT\Year 4\Semester 2\Deep Learning\Assignment\SE4050-Deep-Learning-Assignment\data\train\India\images\India_004735.jpg,India,1,0,0,0,1,['D40'],D40,val,2576
C:\Users\ASUS\Desktop\SLIIT\Year 4\Semester 2\Deep Learning\Assignment\SE4050-Deep-Learning-Assignment\data\train\India\images\India_004738.jpg,India,1,1,0,0,0,['D00'],D00,train,2577
C:\Users\ASUS\Desktop\SLIIT\Year 4\Semester 2\Deep Learning\Assignment\SE4050-Deep-Learning-Assignment\data\train\India\images\India_004739.jpg,India,3,0,0,1,1,"['D20', 'D40']",D20,train,2578
C:\Users\ASUS\Desktop\SLIIT\Year 4\Semester 2\Deep Learning\Assignment\SE4050-Deep-Learning-Assignment\data\train\India\images\India_004743.jpg,India,3,0,0,1,0,['D20'],D20,val,2579
C:\Users\ASUS\Desktop\SLIIT\Year 4\Semester 2\Deep Learning\Assignment\SE4050-Deep-Learning-Assignment\data\train\India\images\India_004749.jpg,India,1,0,0,0,1,['D40'],D40,train,2580
C:\Users\ASUS\Desktop\SLIIT\Year 4\Semester 2\Deep Learning\Assignment\SE4050-Deep-Learning-Assignment\data\train\India\images\India_004750.jpg,India,1,1,0,0,0,['D00'],D00,test,2581
C:\Users\ASUS\Desktop\SLIIT\Year 4\Semester 2\Deep Learning\Assignment\SE4050-Deep-Learning-Assignment\data\train\India\images\India_004755.jpg,India,8,1,0,1,1,"['D00', 'D20', 'D40']",D00,train,2582
C:\Users\ASUS\Desktop\SLIIT\Year 4\Semester 2\Deep Learning\Assignment\SE4050-Deep-Learning-Assignment\data\train\India\images\India_004756.jpg,India,2,0,0,1,0,['D20'],D20,train,2583
C:\Users\ASUS\Desktop\SLIIT\Year 4\Semester 2\Deep Learning\Assignment\SE4050-Deep-Learning-Assignment\data\train\India\images\India_004758.jpg,India,1,1,0,0,0,['D00'],D00,test,2584
C:\Users\ASUS\Desktop\SLIIT\Year 4\Semester 2\Deep Learning\Assignment\SE4050-Deep-Learning-Assignment\data\train\India\images\India_004759.jpg,India,2,0,0,1,1,"['D20', 'D40']",D20,test,2585
C:\Users\ASUS\Desktop\SLIIT\Year 4\Semester 2\Deep Learning\Assignment\SE4050-Deep-Learning-Assignment\data\train\India\images\India_004770.jpg,India,2,1,0,1,0,"['D00', 'D20']",D00,val,2586
C:\Users\ASUS\Desktop\SLIIT\Year 4\Semester 2\Deep Learning\Assignment\SE4050-Deep-Learning-Assignment\data\train\India\images\India_004778.jpg,India,2,1,0,0,0,['D00'],D00,test,2587
C:\Users\ASUS\Desktop\SLIIT\Year 4\Semester 2\Deep Learning\Assignment\SE4050-Deep-Learning-Assignment\data\train\India\images\India_004779.jpg,India,1,0,0,0,1,['D40'],D40,val,1
C:\Users\ASUS\Desktop\SLIIT\Year 4\Semester 2\Deep Learning\Assignment\SE4050-Deep-Learning-Assignment\data\train\India\images\India_004798.jpg,India,1,0,0,1,0,['D20'],D20,train,2588
C:\Users\ASUS\Desktop\SLIIT\Year 4\Semester 2\Deep Learning\Assignment\SE4050-Deep-Learning-Assignment\data\train\India\images\India_004799.jpg,India,1,1,0,0,0,['D00'],D00,val,2589
C:\Users\ASUS\Desktop\SLIIT\Year 4\Semester 2\Deep Learning\Assignment\SE4050-Deep-Learning-Assignment\data\train\India\images\India_004801.jpg,India,2,0,0,0,1,['D40'],D40,test,2590
C:\Users\ASUS\Desktop\SLIIT\Year 4\Semester 2\Deep Learning\Assignment\SE4050-Deep-Learning-Assignment\data\train\India\images\India_004803.jpg,India,1,1,0,0,0,['D00'],D00,train,2591
C:\Users\ASUS\Desktop\SLIIT\Year 4\Semester 2\Deep Learning\Assignment\SE4050-Deep-Learning-Assignment\data\train\India\images\India_004805.jpg,India,1,0,0,1,0,['D20'],D20,test,2592
C:\Users\ASUS\Desktop\SLIIT\Year 4\Semester 2\Deep Learning\Assignment\SE4050-Deep-Learning-Assignment\data\train\India\images\India_004806.jpg,India,1,0,0,1,0,['D20'],D20,val,2593
C:\Users\ASUS\Desktop\SLIIT\Year 4\Semester 2\Deep Learning\Assignment\SE4050-Deep-Learning-Assignment\data\train\India\images\India_004809.jpg,India,1,0,0,1,0,['D20'],D20,val,2594
C:\Users\ASUS\Desktop\SLIIT\Year 4\Semester 2\Deep Learning\Assignment\SE4050-Deep-Learning-Assignment\data\train\India\images\India_004815.jpg,India,1,0,0,0,1,['D40'],D40,test,2595
C:\Users\ASUS\Desktop\SLIIT\Year 4\Semester 2\Deep Learning\Assignment\SE4050-Deep-Learning-Assignment\data\train\India\images\India_004819.jpg,India,2,0,0,1,0,['D20'],D20,val,2596
C:\Users\ASUS\Desktop\SLIIT\Year 4\Semester 2\Deep Learning\Assignment\SE4050-Deep-Learning-Assignment\data\train\India\images\India_004827.jpg,India,1,0,0,1,0,['D20'],D20,train,2597
C:\Users\ASUS\Desktop\SLIIT\Year 4\Semester 2\Deep Learning\Assignment\SE4050-Deep-Learning-Assignment\data\train\India\images\India_004828.jpg,India,3,0,0,1,1,"['D20', 'D40']",D20,train,2598
C:\Users\ASUS\Desktop\SLIIT\Year 4\Semester 2\Deep Learning\Assignment\SE4050-Deep-Learning-Assignment\data\train\India\images\India_004830.jpg,India,1,0,0,1,0,['D20'],D20,val,2599
C:\Users\ASUS\Desktop\SLIIT\Year 4\Semester 2\Deep Learning\Assignment\SE4050-Deep-Learning-Assignment\data\train\India\images\India_004832.jpg,India,2,0,0,0,1,['D40'],D40,train,2600
C:\Users\ASUS\Desktop\SLIIT\Year 4\Semester 2\Deep Learning\Assignment\SE4050-Deep-Learning-Assignment\data\train\India\images\India_004837.jpg,India,1,0,0,0,1,['D40'],D40,val,2601
C:\Users\ASUS\Desktop\SLIIT\Year 4\Semester 2\Deep Learning\Assignment\SE4050-Deep-Learning-Assignment\data\train\India\images\India_004838.jpg,India,2,0,0,1,0,['D20'],D20,train,2602
C:\Users\ASUS\Desktop\SLIIT\Year 4\Semester 2\Deep Learning\Assignment\SE4050-Deep-Learning-Assignment\data\train\India\images\India_004842.jpg,India,1,1,0,0,0,['D00'],D00,train,2603
C:\Users\ASUS\Desktop\SLIIT\Year 4\Semester 2\Deep Learning\Assignment\SE4050-Deep-Learning-Assignment\data\train\India\images\India_004853.jpg,India,1,0,0,1,0,['D20'],D20,train,2604
C:\Users\ASUS\Desktop\SLIIT\Year 4\Semester 2\Deep Learning\Assignment\SE4050-Deep-Learning-Assignment\data\train\India\images\India_004854.jpg,India,3,1,0,0,1,"['D00', 'D40']",D00,val,2605
C:\Users\ASUS\Desktop\SLIIT\Year 4\Semester 2\Deep Learning\Assignment\SE4050-Deep-Learning-Assignment\data\train\India\images\India_004863.jpg,India,2,0,0,0,1,['D40'],D40,val,2606
C:\Users\ASUS\Desktop\SLIIT\Year 4\Semester 2\Deep Learning\Assignment\SE4050-Deep-Learning-Assignment\data\train\India\images\India_004865.jpg,India,1,0,0,0,1,['D40'],D40,train,2607
C:\Users\ASUS\Desktop\SLIIT\Year 4\Semester 2\Deep Learning\Assignment\SE4050-Deep-Learning-Assignment\data\train\India\images\India_004876.jpg,India,2,0,0,0,1,['D40'],D40,train,2608
C:\Users\ASUS\Desktop\SLIIT\Year 4\Semester 2\Deep Learning\Assignment\SE4050-Deep-Learning-Assignment\data\train\India\images\India_004877.jpg,India,2,0,0,0,1,['D40'],D40,train,2609
C:\Users\ASUS\Desktop\SLIIT\Year 4\Semester 2\Deep Learning\Assignment\SE4050-Deep-Learning-Assignment\data\train\India\images\India_004880.jpg,India,4,1,0,1,1,"['D00', 'D20', 'D40']",D00,test,2610
C:\Users\ASUS\Desktop\SLIIT\Year 4\Semester 2\Deep Learning\Assignment\SE4050-Deep-Learning-Assignment\data\train\India\images\India_004882.jpg,India,3,1,0,1,1,"['D00', 'D20', 'D40']",D00,val,2611
C:\Users\ASUS\Desktop\SLIIT\Year 4\Semester 2\Deep Learning\Assignment\SE4050-Deep-Learning-Assignment\data\train\India\images\India_004887.jpg,India,4,0,0,1,1,"['D20', 'D40']",D20,train,0
C:\Users\ASUS\Desktop\SLIIT\Year 4\Semester 2\Deep Learning\Assignment\SE4050-Deep-Learning-Assignment\data\train\India\images\India_004891.jpg,India,1,1,0,0,0,['D00'],D00,train,2612
C:\Users\ASUS\Desktop\SLIIT\Year 4\Semester 2\Deep Learning\Assignment\SE4050-Deep-Learning-Assignment\data\train\India\images\India_004894.jpg,India,2,0,0,0,1,['D40'],D40,train,2613
C:\Users\ASUS\Desktop\SLIIT\Year 4\Semester 2\Deep Learning\Assignment\SE4050-Deep-Learning-Assignment\data\train\India\images\India_004896.jpg,India,1,0,0,1,0,['D20'],D20,train,2614
C:\Users\ASUS\Desktop\SLIIT\Year 4\Semester 2\Deep Learning\Assignment\SE4050-Deep-Learning-Assignment\data\train\India\images\India_004898.jpg,India,1,0,0,1,0,['D20'],D20,val,2615
C:\Users\ASUS\Desktop\SLIIT\Year 4\Semester 2\Deep Learning\Assignment\SE4050-Deep-Learning-Assignment\data\train\India\images\India_004899.jpg,India,1,0,0,0,1,['D40'],D40,train,2616
C:\Users\ASUS\Desktop\SLIIT\Year 4\Semester 2\Deep Learning\Assignment\SE4050-Deep-Learning-Assignment\data\train\India\images\India_004906.jpg,India,2,0,0,1,0,['D20'],D20,train,2617
C:\Users\ASUS\Desktop\SLIIT\Year 4\Semester 2\Deep Learning\Assignment\SE4050-Deep-Learning-Assignment\data\train\India\images\India_004907.jpg,India,3,1,0,0,0,['D00'],D00,val,2618
C:\Users\ASUS\Desktop\SLIIT\Year 4\Semester 2\Deep Learning\Assignment\SE4050-Deep-Learning-Assignment\data\train\India\images\India_004908.jpg,India,1,0,0,0,1,['D40'],D40,test,2619
C:\Users\ASUS\Desktop\SLIIT\Year 4\Semester 2\Deep Learning\Assignment\SE4050-Deep-Learning-Assignment\data\train\India\images\India_004911.jpg,India,1,0,0,1,0,['D20'],D20,test,2620
C:\Users\ASUS\Desktop\SLIIT\Year 4\Semester 2\Deep Learning\Assignment\SE4050-Deep-Learning-Assignment\data\train\India\images\India_004912.jpg,India,1,0,0,1,0,['D20'],D20,train,2621
C:\Users\ASUS\Desktop\SLIIT\Year 4\Semester 2\Deep Learning\Assignment\SE4050-Deep-Learning-Assignment\data\train\India\images\India_004914.jpg,India,4,1,0,1,0,"['D00', 'D20']",D00,train,2622
C:\Users\ASUS\Desktop\SLIIT\Year 4\Semester 2\Deep Learning\Assignment\SE4050-Deep-Learning-Assignment\data\train\India\images\India_004917.jpg,India,1,1,0,0,0,['D00'],D00,train,2623
C:\Users\ASUS\Desktop\SLIIT\Year 4\Semester 2\Deep Learning\Assignment\SE4050-Deep-Learning-Assignment\data\train\India\images\India_004919.jpg,India,1,1,0,0,0,['D00'],D00,val,2624
C:\Users\ASUS\Desktop\SLIIT\Year 4\Semester 2\Deep Learning\Assignment\SE4050-Deep-Learning-Assignment\data\train\India\images\India_004924.jpg,India,1,0,0,1,0,['D20'],D20,test,2625
C:\Users\ASUS\Desktop\SLIIT\Year 4\Semester 2\Deep Learning\Assignment\SE4050-Deep-Learning-Assignment\data\train\India\images\India_004928.jpg,India,5,1,0,1,1,"['D00', 'D20', 'D40']",D00,test,2626
C:\Users\ASUS\Desktop\SLIIT\Year 4\Semester 2\Deep Learning\Assignment\SE4050-Deep-Learning-Assignment\data\train\India\images\India_004935.jpg,India,1,0,0,0,1,['D40'],D40,train,2627
C:\Users\ASUS\Desktop\SLIIT\Year 4\Semester 2\Deep Learning\Assignment\SE4050-Deep-Learning-Assignment\data\train\India\images\India_004937.jpg,India,1,0,0,1,0,['D20'],D20,test,2628
C:\Users\ASUS\Desktop\SLIIT\Year 4\Semester 2\Deep Learning\Assignment\SE4050-Deep-Learning-Assignment\data\train\India\images\India_004940.jpg,India,7,0,0,0,1,['D40'],D40,train,2629
C:\Users\ASUS\Desktop\SLIIT\Year 4\Semester 2\Deep Learning\Assignment\SE4050-Deep-Learning-Assignment\data\train\India\images\India_004944.jpg,India,3,1,0,0,1,"['D00', 'D40']",D00,train,2630
C:\Users\ASUS\Desktop\SLIIT\Year 4\Semester 2\Deep Learning\Assignment\SE4050-Deep-Learning-Assignment\data\train\India\images\India_004949.jpg,India,3,1,0,1,0,"['D00', 'D20']",D00,train,2631
C:\Users\ASUS\Desktop\SLIIT\Year 4\Semester 2\Deep Learning\Assignment\SE4050-Deep-Learning-Assignment\data\train\India\images\India_004954.jpg,India,1,1,0,0,0,['D00'],D00,train,2632
C:\Users\ASUS\Desktop\SLIIT\Year 4\Semester 2\Deep Learning\Assignment\SE4050-Deep-Learning-Assignment\data\train\India\images\India_004958.jpg,India,5,0,0,0,1,['D40'],D40,train,2633
C:\Users\ASUS\Desktop\SLIIT\Year 4\Semester 2\Deep Learning\Assignment\SE4050-Deep-Learning-Assignment\data\train\India\images\India_004959.jpg,India,6,0,0,1,1,"['D20', 'D40']",D20,train,2634
C:\Users\ASUS\Desktop\SLIIT\Year 4\Semester 2\Deep Learning\Assignment\SE4050-Deep-Learning-Assignment\data\train\India\images\India_004965.jpg,India,1,0,0,1,0,['D20'],D20,train,2635
C:\Users\ASUS\Desktop\SLIIT\Year 4\Semester 2\Deep Learning\Assignment\SE4050-Deep-Learning-Assignment\data\train\India\images\India_004977.jpg,India,3,1,0,1,0,"['D00', 'D20']",D00,train,2636
C:\Users\ASUS\Desktop\SLIIT\Year 4\Semester 2\Deep Learning\Assignment\SE4050-Deep-Learning-Assignment\data\train\India\images\India_004980.jpg,India,4,1,0,0,1,"['D00', 'D40']",D00,test,2637
C:\Users\ASUS\Desktop\SLIIT\Year 4\Semester 2\Deep Learning\Assignment\SE4050-Deep-Learning-Assignment\data\train\India\images\India_004981.jpg,India,1,1,0,0,0,['D00'],D00,train,2638
C:\Users\ASUS\Desktop\SLIIT\Year 4\Semester 2\Deep Learning\Assignment\SE4050-Deep-Learning-Assignment\data\train\India\images\India_004982.jpg,India,1,0,0,1,0,['D20'],D20,val,2639
C:\Users\ASUS\Desktop\SLIIT\Year 4\Semester 2\Deep Learning\Assignment\SE4050-Deep-Learning-Assignment\data\train\India\images\India_004984.jpg,India,4,0,0,0,1,['D40'],D40,train,2640
C:\Users\ASUS\Desktop\SLIIT\Year 4\Semester 2\Deep Learning\Assignment\SE4050-Deep-Learning-Assignment\data\train\India\images\India_004987.jpg,India,1,0,0,1,0,['D20'],D20,test,2641
C:\Users\ASUS\Desktop\SLIIT\Year 4\Semester 2\Deep Learning\Assignment\SE4050-Deep-Learning-Assignment\data\train\India\images\India_004989.jpg,India,1,1,0,0,0,['D00'],D00,train,2642
C:\Users\ASUS\Desktop\SLIIT\Year 4\Semester 2\Deep Learning\Assignment\SE4050-Deep-Learning-Assignment\data\train\India\images\India_004992.jpg,India,2,1,0,1,0,"['D00', 'D20']",D00,train,2643
C:\Users\ASUS\Desktop\SLIIT\Year 4\Semester 2\Deep Learning\Assignment\SE4050-Deep-Learning-Assignment\data\train\India\images\India_004997.jpg,India,1,1,0,0,0,['D00'],D00,test,2644
C:\Users\ASUS\Desktop\SLIIT\Year 4\Semester 2\Deep Learning\Assignment\SE4050-Deep-Learning-Assignment\data\train\India\images\India_004998.jpg,India,1,1,0,0,0,['D00'],D00,train,2645
C:\Users\ASUS\Desktop\SLIIT\Year 4\Semester 2\Deep Learning\Assignment\SE4050-Deep-Learning-Assignment\data\train\India\images\India_005005.jpg,India,2,0,0,0,1,['D40'],D40,val,2646
C:\Users\ASUS\Desktop\SLIIT\Year 4\Semester 2\Deep Learning\Assignment\SE4050-Deep-Learning-Assignment\data\train\India\images\India_005006.jpg,India,1,0,0,1,0,['D20'],D20,val,2647
C:\Users\ASUS\Desktop\SLIIT\Year 4\Semester 2\Deep Learning\Assignment\SE4050-Deep-Learning-Assignment\data\train\India\images\India_005014.jpg,India,3,0,0,0,1,['D40'],D40,train,2648
C:\Users\ASUS\Desktop\SLIIT\Year 4\Semester 2\Deep Learning\Assignment\SE4050-Deep-Learning-Assignment\data\train\India\images\India_005016.jpg,India,4,0,0,0,1,['D40'],D40,train,2649
C:\Users\ASUS\Desktop\SLIIT\Year 4\Semester 2\Deep Learning\Assignment\SE4050-Deep-Learning-Assignment\data\train\India\images\India_005022.jpg,India,5,1,0,0,1,"['D00', 'D40']",D00,val,2650
C:\Users\ASUS\Desktop\SLIIT\Year 4\Semester 2\Deep Learning\Assignment\SE4050-Deep-Learning-Assignment\data\train\India\images\India_005025.jpg,India,1,0,0,1,0,['D20'],D20,train,2651
C:\Users\ASUS\Desktop\SLIIT\Year 4\Semester 2\Deep Learning\Assignment\SE4050-Deep-Learning-Assignment\data\train\India\images\India_005030.jpg,India,1,0,0,1,0,['D20'],D20,train,2652
C:\Users\ASUS\Desktop\SLIIT\Year 4\Semester 2\Deep Learning\Assignment\SE4050-Deep-Learning-Assignment\data\train\India\images\India_005035.jpg,India,1,0,0,1,0,['D20'],D20,train,2653
C:\Users\ASUS\Desktop\SLIIT\Year 4\Semester 2\Deep Learning\Assignment\SE4050-Deep-Learning-Assignment\data\train\India\images\India_005036.jpg,India,3,1,0,1,0,"['D00', 'D20']",D00,train,2654
C:\Users\ASUS\Desktop\SLIIT\Year 4\Semester 2\Deep Learning\Assignment\SE4050-Deep-Learning-Assignment\data\train\India\images\India_005040.jpg,India,4,1,0,0,1,"['D00', 'D40']",D00,val,1
C:\Users\ASUS\Desktop\SLIIT\Year 4\Semester 2\Deep Learning\Assignment\SE4050-Deep-Learning-Assignment\data\train\India\images\India_005044.jpg,India,5,1,0,1,1,"['D00', 'D20', 'D40']",D00,train,2655
C:\Users\ASUS\Desktop\SLIIT\Year 4\Semester 2\Deep Learning\Assignment\SE4050-Deep-Learning-Assignment\data\train\India\images\India_005047.jpg,India,2,1,0,0,1,"['D00', 'D40']",D00,val,2656
C:\Users\ASUS\Desktop\SLIIT\Year 4\Semester 2\Deep Learning\Assignment\SE4050-Deep-Learning-Assignment\data\train\India\images\India_005048.jpg,India,2,0,0,1,0,['D20'],D20,val,2657
C:\Users\ASUS\Desktop\SLIIT\Year 4\Semester 2\Deep Learning\Assignment\SE4050-Deep-Learning-Assignment\data\train\India\images\India_005050.jpg,India,1,0,0,1,0,['D20'],D20,test,2658
C:\Users\ASUS\Desktop\SLIIT\Year 4\Semester 2\Deep Learning\Assignment\SE4050-Deep-Learning-Assignment\data\train\India\images\India_005053.jpg,India,2,0,0,0,1,['D40'],D40,train,2659
C:\Users\ASUS\Desktop\SLIIT\Year 4\Semester 2\Deep Learning\Assignment\SE4050-Deep-Learning-Assignment\data\train\India\images\India_005059.jpg,India,4,1,0,1,1,"['D00', 'D20', 'D40']",D00,val,2660
C:\Users\ASUS\Desktop\SLIIT\Year 4\Semester 2\Deep Learning\Assignment\SE4050-Deep-Learning-Assignment\data\train\India\images\India_005061.jpg,India,1,1,0,0,0,['D00'],D00,train,2661
C:\Users\ASUS\Desktop\SLIIT\Year 4\Semester 2\Deep Learning\Assignment\SE4050-Deep-Learning-Assignment\data\train\India\images\India_005067.jpg,India,1,0,0,0,1,['D40'],D40,train,2662
C:\Users\ASUS\Desktop\SLIIT\Year 4\Semester 2\Deep Learning\Assignment\SE4050-Deep-Learning-Assignment\data\train\India\images\India_005071.jpg,India,3,0,0,1,1,"['D20', 'D40']",D20,train,2663
C:\Users\ASUS\Desktop\SLIIT\Year 4\Semester 2\Deep Learning\Assignment\SE4050-Deep-Learning-Assignment\data\train\India\images\India_005075.jpg,India,2,0,0,1,0,['D20'],D20,train,2664
C:\Users\ASUS\Desktop\SLIIT\Year 4\Semester 2\Deep Learning\Assignment\SE4050-Deep-Learning-Assignment\data\train\India\images\India_005078.jpg,India,1,0,0,0,1,['D40'],D40,train,2665
C:\Users\ASUS\Desktop\SLIIT\Year 4\Semester 2\Deep Learning\Assignment\SE4050-Deep-Learning-Assignment\data\train\India\images\India_005080.jpg,India,1,0,0,0,1,['D40'],D40,train,2666
C:\Users\ASUS\Desktop\SLIIT\Year 4\Semester 2\Deep Learning\Assignment\SE4050-Deep-Learning-Assignment\data\train\India\images\India_005081.jpg,India,4,0,0,1,1,"['D20', 'D40']",D20,train,2667
C:\Users\ASUS\Desktop\SLIIT\Year 4\Semester 2\Deep Learning\Assignment\SE4050-Deep-Learning-Assignment\data\train\India\images\India_005084.jpg,India,2,0,0,1,1,"['D20', 'D40']",D20,val,2668
C:\Users\ASUS\Desktop\SLIIT\Year 4\Semester 2\Deep Learning\Assignment\SE4050-Deep-Learning-Assignment\data\train\India\images\India_005086.jpg,India,1,1,0,0,0,['D00'],D00,train,2669
C:\Users\ASUS\Desktop\SLIIT\Year 4\Semester 2\Deep Learning\Assignment\SE4050-Deep-Learning-Assignment\data\train\India\images\India_005088.jpg,India,1,0,0,0,1,['D40'],D40,train,2670
C:\Users\ASUS\Desktop\SLIIT\Year 4\Semester 2\Deep Learning\Assignment\SE4050-Deep-Learning-Assignment\data\train\India\images\India_005090.jpg,India,1,0,0,1,0,['D20'],D20,train,2671
C:\Users\ASUS\Desktop\SLIIT\Year 4\Semester 2\Deep Learning\Assignment\SE4050-Deep-Learning-Assignment\data\train\India\images\India_005094.jpg,India,1,0,0,1,0,['D20'],D20,train,2672
C:\Users\ASUS\Desktop\SLIIT\Year 4\Semester 2\Deep Learning\Assignment\SE4050-Deep-Learning-Assignment\data\train\India\images\India_005103.jpg,India,1,0,0,1,0,['D20'],D20,train,2673
C:\Users\ASUS\Desktop\SLIIT\Year 4\Semester 2\Deep Learning\Assignment\SE4050-Deep-Learning-Assignment\data\train\India\images\India_005104.jpg,India,4,0,0,1,0,['D20'],D20,train,2674
C:\Users\ASUS\Desktop\SLIIT\Year 4\Semester 2\Deep Learning\Assignment\SE4050-Deep-Learning-Assignment\data\train\India\images\India_005120.jpg,India,1,0,0,1,0,['D20'],D20,train,2675
C:\Users\ASUS\Desktop\SLIIT\Year 4\Semester 2\Deep Learning\Assignment\SE4050-Deep-Learning-Assignment\data\train\India\images\India_005121.jpg,India,1,0,0,1,0,['D20'],D20,train,2676
C:\Users\ASUS\Desktop\SLIIT\Year 4\Semester 2\Deep Learning\Assignment\SE4050-Deep-Learning-Assignment\data\train\India\images\India_005122.jpg,India,3,0,0,0,1,['D40'],D40,train,2677
C:\Users\ASUS\Desktop\SLIIT\Year 4\Semester 2\Deep Learning\Assignment\SE4050-Deep-Learning-Assignment\data\train\India\images\India_005123.jpg,India,1,1,0,0,0,['D00'],D00,train,2678
C:\Users\ASUS\Desktop\SLIIT\Year 4\Semester 2\Deep Learning\Assignment\SE4050-Deep-Learning-Assignment\data\train\India\images\India_005124.jpg,India,3,0,0,1,1,"['D20', 'D40']",D20,test,2679
C:\Users\ASUS\Desktop\SLIIT\Year 4\Semester 2\Deep Learning\Assignment\SE4050-Deep-Learning-Assignment\data\train\India\images\India_005129.jpg,India,3,0,0,1,1,"['D20', 'D40']",D20,train,2680
C:\Users\ASUS\Desktop\SLIIT\Year 4\Semester 2\Deep Learning\Assignment\SE4050-Deep-Learning-Assignment\data\train\India\images\India_005133.jpg,India,1,0,0,1,0,['D20'],D20,train,2681
C:\Users\ASUS\Desktop\SLIIT\Year 4\Semester 2\Deep Learning\Assignment\SE4050-Deep-Learning-Assignment\data\train\India\images\India_005135.jpg,India,1,0,0,0,1,['D40'],D40,test,2682
C:\Users\ASUS\Desktop\SLIIT\Year 4\Semester 2\Deep Learning\Assignment\SE4050-Deep-Learning-Assignment\data\train\India\images\India_005138.jpg,India,3,0,0,1,1,"['D20', 'D40']",D20,train,2683
C:\Users\ASUS\Desktop\SLIIT\Year 4\Semester 2\Deep Learning\Assignment\SE4050-Deep-Learning-Assignment\data\train\India\images\India_005141.jpg,India,1,0,0,1,0,['D20'],D20,train,2684
C:\Users\ASUS\Desktop\SLIIT\Year 4\Semester 2\Deep Learning\Assignment\SE4050-Deep-Learning-Assignment\data\train\India\images\India_005143.jpg,India,1,0,0,1,0,['D20'],D20,train,2685
C:\Users\ASUS\Desktop\SLIIT\Year 4\Semester 2\Deep Learning\Assignment\SE4050-Deep-Learning-Assignment\data\train\India\images\India_005147.jpg,India,1,1,0,0,0,['D00'],D00,train,2686
C:\Users\ASUS\Desktop\SLIIT\Year 4\Semester 2\Deep Learning\Assignment\SE4050-Deep-Learning-Assignment\data\train\India\images\India_005150.jpg,India,2,0,0,0,1,['D40'],D40,train,2687
C:\Users\ASUS\Desktop\SLIIT\Year 4\Semester 2\Deep Learning\Assignment\SE4050-Deep-Learning-Assignment\data\train\India\images\India_005151.jpg,India,2,0,0,1,0,['D20'],D20,test,2688
C:\Users\ASUS\Desktop\SLIIT\Year 4\Semester 2\Deep Learning\Assignment\SE4050-Deep-Learning-Assignment\data\train\India\images\India_005152.jpg,India,2,0,0,1,1,"['D20', 'D40']",D20,val,2689
C:\Users\ASUS\Desktop\SLIIT\Year 4\Semester 2\Deep Learning\Assignment\SE4050-Deep-Learning-Assignment\data\train\India\images\India_005163.jpg,India,3,0,0,0,1,['D40'],D40,val,2690
C:\Users\ASUS\Desktop\SLIIT\Year 4\Semester 2\Deep Learning\Assignment\SE4050-Deep-Learning-Assignment\data\train\India\images\India_005166.jpg,India,1,0,0,1,0,['D20'],D20,train,2691
C:\Users\ASUS\Desktop\SLIIT\Year 4\Semester 2\Deep Learning\Assignment\SE4050-Deep-Learning-Assignment\data\train\India\images\India_005174.jpg,India,1,1,0,0,0,['D00'],D00,train,2692
C:\Users\ASUS\Desktop\SLIIT\Year 4\Semester 2\Deep Learning\Assignment\SE4050-Deep-Learning-Assignment\data\train\India\images\India_005176.jpg,India,1,0,0,1,0,['D20'],D20,train,2693
C:\Users\ASUS\Desktop\SLIIT\Year 4\Semester 2\Deep Learning\Assignment\SE4050-Deep-Learning-Assignment\data\train\India\images\India_005179.jpg,India,1,1,0,0,0,['D00'],D00,train,2694
C:\Users\ASUS\Desktop\SLIIT\Year 4\Semester 2\Deep Learning\Assignment\SE4050-Deep-Learning-Assignment\data\train\India\images\India_005186.jpg,India,1,1,0,0,0,['D00'],D00,val,2695
C:\Users\ASUS\Desktop\SLIIT\Year 4\Semester 2\Deep Learning\Assignment\SE4050-Deep-Learning-Assignment\data\train\India\images\India_005188.jpg,India,1,1,0,0,0,['D00'],D00,train,2696
C:\Users\ASUS\Desktop\SLIIT\Year 4\Semester 2\Deep Learning\Assignment\SE4050-Deep-Learning-Assignment\data\train\India\images\India_005191.jpg,India,1,0,0,0,1,['D40'],D40,train,2697
C:\Users\ASUS\Desktop\SLIIT\Year 4\Semester 2\Deep Learning\Assignment\SE4050-Deep-Learning-Assignment\data\train\India\images\India_005197.jpg,India,4,0,0,0,1,['D40'],D40,train,2698
C:\Users\ASUS\Desktop\SLIIT\Year 4\Semester 2\Deep Learning\Assignment\SE4050-Deep-Learning-Assignment\data\train\India\images\India_005210.jpg,India,1,0,0,1,0,['D20'],D20,train,2699
C:\Users\ASUS\Desktop\SLIIT\Year 4\Semester 2\Deep Learning\Assignment\SE4050-Deep-Learning-Assignment\data\train\India\images\India_005214.jpg,India,1,0,0,1,0,['D20'],D20,train,2700
C:\Users\ASUS\Desktop\SLIIT\Year 4\Semester 2\Deep Learning\Assignment\SE4050-Deep-Learning-Assignment\data\train\India\images\India_005218.jpg,India,2,0,0,1,0,['D20'],D20,train,2701
C:\Users\ASUS\Desktop\SLIIT\Year 4\Semester 2\Deep Learning\Assignment\SE4050-Deep-Learning-Assignment\data\train\India\images\India_005219.jpg,India,6,0,0,1,1,"['D20', 'D40']",D20,train,2702
C:\Users\ASUS\Desktop\SLIIT\Year 4\Semester 2\Deep Learning\Assignment\SE4050-Deep-Learning-Assignment\data\train\India\images\India_005220.jpg,India,1,1,0,0,0,['D00'],D00,test,2703
C:\Users\ASUS\Desktop\SLIIT\Year 4\Semester 2\Deep Learning\Assignment\SE4050-Deep-Learning-Assignment\data\train\India\images\India_005225.jpg,India,1,0,0,1,0,['D20'],D20,test,2704
C:\Users\ASUS\Desktop\SLIIT\Year 4\Semester 2\Deep Learning\Assignment\SE4050-Deep-Learning-Assignment\data\train\India\images\India_005231.jpg,India,2,0,0,0,1,['D40'],D40,val,2705
C:\Users\ASUS\Desktop\SLIIT\Year 4\Semester 2\Deep Learning\Assignment\SE4050-Deep-Learning-Assignment\data\train\India\images\India_005233.jpg,India,2,1,0,1,0,"['D00', 'D20']",D00,train,2706
C:\Users\ASUS\Desktop\SLIIT\Year 4\Semester 2\Deep Learning\Assignment\SE4050-Deep-Learning-Assignment\data\train\India\images\India_005245.jpg,India,6,0,0,1,1,"['D20', 'D40']",D20,train,2707
C:\Users\ASUS\Desktop\SLIIT\Year 4\Semester 2\Deep Learning\Assignment\SE4050-Deep-Learning-Assignment\data\train\India\images\India_005247.jpg,India,4,0,0,1,1,"['D20', 'D40']",D20,train,2708
C:\Users\ASUS\Desktop\SLIIT\Year 4\Semester 2\Deep Learning\Assignment\SE4050-Deep-Learning-Assignment\data\train\India\images\India_005254.jpg,India,2,0,0,1,0,['D20'],D20,train,2709
C:\Users\ASUS\Desktop\SLIIT\Year 4\Semester 2\Deep Learning\Assignment\SE4050-Deep-Learning-Assignment\data\train\India\images\India_005256.jpg,India,3,0,0,1,0,['D20'],D20,test,2710
C:\Users\ASUS\Desktop\SLIIT\Year 4\Semester 2\Deep Learning\Assignment\SE4050-Deep-Learning-Assignment\data\train\India\images\India_005258.jpg,India,3,0,0,0,1,['D40'],D40,train,2711
C:\Users\ASUS\Desktop\SLIIT\Year 4\Semester 2\Deep Learning\Assignment\SE4050-Deep-Learning-Assignment\data\train\India\images\India_005260.jpg,India,2,0,0,0,1,['D40'],D40,train,2712
C:\Users\ASUS\Desktop\SLIIT\Year 4\Semester 2\Deep Learning\Assignment\SE4050-Deep-Learning-Assignment\data\train\India\images\India_005262.jpg,India,1,0,0,1,0,['D20'],D20,train,2713
C:\Users\ASUS\Desktop\SLIIT\Year 4\Semester 2\Deep Learning\Assignment\SE4050-Deep-Learning-Assignment\data\train\India\images\India_005266.jpg,India,1,0,0,0,1,['D40'],D40,val,2714
C:\Users\ASUS\Desktop\SLIIT\Year 4\Semester 2\Deep Learning\Assignment\SE4050-Deep-Learning-Assignment\data\train\India\images\India_005269.jpg,India,1,0,0,0,1,['D40'],D40,train,2715
C:\Users\ASUS\Desktop\SLIIT\Year 4\Semester 2\Deep Learning\Assignment\SE4050-Deep-Learning-Assignment\data\train\India\images\India_005277.jpg,India,1,1,0,0,0,['D00'],D00,train,2716
C:\Users\ASUS\Desktop\SLIIT\Year 4\Semester 2\Deep Learning\Assignment\SE4050-Deep-Learning-Assignment\data\train\India\images\India_005278.jpg,India,2,0,0,1,0,['D20'],D20,train,0
C:\Users\ASUS\Desktop\SLIIT\Year 4\Semester 2\Deep Learning\Assignment\SE4050-Deep-Learning-Assignment\data\train\India\images\India_005280.jpg,India,2,1,0,0,1,"['D00', 'D40']",D00,train,2717
C:\Users\ASUS\Desktop\SLIIT\Year 4\Semester 2\Deep Learning\Assignment\SE4050-Deep-Learning-Assignment\data\train\India\images\India_005282.jpg,India,2,0,0,0,1,['D40'],D40,train,2718
C:\Users\ASUS\Desktop\SLIIT\Year 4\Semester 2\Deep Learning\Assignment\SE4050-Deep-Learning-Assignment\data\train\India\images\India_005284.jpg,India,6,1,0,1,1,"['D00', 'D20', 'D40']",D00,train,2719
C:\Users\ASUS\Desktop\SLIIT\Year 4\Semester 2\Deep Learning\Assignment\SE4050-Deep-Learning-Assignment\data\train\India\images\India_005285.jpg,India,1,0,0,0,1,['D40'],D40,train,2720
C:\Users\ASUS\Desktop\SLIIT\Year 4\Semester 2\Deep Learning\Assignment\SE4050-Deep-Learning-Assignment\data\train\India\images\India_005286.jpg,India,2,0,0,0,1,['D40'],D40,test,2721
C:\Users\ASUS\Desktop\SLIIT\Year 4\Semester 2\Deep Learning\Assignment\SE4050-Deep-Learning-Assignment\data\train\India\images\India_005289.jpg,India,2,0,0,1,1,"['D20', 'D40']",D20,train,2722
C:\Users\ASUS\Desktop\SLIIT\Year 4\Semester 2\Deep Learning\Assignment\SE4050-Deep-Learning-Assignment\data\train\India\images\India_005291.jpg,India,5,0,0,1,1,"['D20', 'D40']",D20,train,2723
C:\Users\ASUS\Desktop\SLIIT\Year 4\Semester 2\Deep Learning\Assignment\SE4050-Deep-Learning-Assignment\data\train\India\images\India_005294.jpg,India,2,0,0,0,1,['D40'],D40,train,2724
C:\Users\ASUS\Desktop\SLIIT\Year 4\Semester 2\Deep Learning\Assignment\SE4050-Deep-Learning-Assignment\data\train\India\images\India_005297.jpg,India,2,1,0,0,1,"['D00', 'D40']",D00,train,2725
C:\Users\ASUS\Desktop\SLIIT\Year 4\Semester 2\Deep Learning\Assignment\SE4050-Deep-Learning-Assignment\data\train\India\images\India_005298.jpg,India,3,0,0,1,1,"['D20', 'D40']",D20,train,66
C:\Users\ASUS\Desktop\SLIIT\Year 4\Semester 2\Deep Learning\Assignment\SE4050-Deep-Learning-Assignment\data\train\India\images\India_005302.jpg,India,1,0,0,1,0,['D20'],D20,train,2726
C:\Users\ASUS\Desktop\SLIIT\Year 4\Semester 2\Deep Learning\Assignment\SE4050-Deep-Learning-Assignment\data\train\India\images\India_005305.jpg,India,4,0,0,0,1,['D40'],D40,train,2727
C:\Users\ASUS\Desktop\SLIIT\Year 4\Semester 2\Deep Learning\Assignment\SE4050-Deep-Learning-Assignment\data\train\India\images\India_005310.jpg,India,1,0,0,1,0,['D20'],D20,train,0
C:\Users\ASUS\Desktop\SLIIT\Year 4\Semester 2\Deep Learning\Assignment\SE4050-Deep-Learning-Assignment\data\train\India\images\India_005314.jpg,India,4,0,0,1,1,"['D20', 'D40']",D20,train,2728
C:\Users\ASUS\Desktop\SLIIT\Year 4\Semester 2\Deep Learning\Assignment\SE4050-Deep-Learning-Assignment\data\train\India\images\India_005316.jpg,India,2,0,0,1,0,['D20'],D20,train,2729
C:\Users\ASUS\Desktop\SLIIT\Year 4\Semester 2\Deep Learning\Assignment\SE4050-Deep-Learning-Assignment\data\train\India\images\India_005317.jpg,India,2,1,0,0,0,['D00'],D00,train,5
C:\Users\ASUS\Desktop\SLIIT\Year 4\Semester 2\Deep Learning\Assignment\SE4050-Deep-Learning-Assignment\data\train\India\images\India_005320.jpg,India,3,1,0,0,0,['D00'],D00,val,1
C:\Users\ASUS\Desktop\SLIIT\Year 4\Semester 2\Deep Learning\Assignment\SE4050-Deep-Learning-Assignment\data\train\India\images\India_005324.jpg,India,2,0,0,1,0,['D20'],D20,train,2730
C:\Users\ASUS\Desktop\SLIIT\Year 4\Semester 2\Deep Learning\Assignment\SE4050-Deep-Learning-Assignment\data\train\India\images\India_005328.jpg,India,5,1,0,0,0,['D00'],D00,val,2731
C:\Users\ASUS\Desktop\SLIIT\Year 4\Semester 2\Deep Learning\Assignment\SE4050-Deep-Learning-Assignment\data\train\India\images\India_005337.jpg,India,2,0,0,0,1,['D40'],D40,test,2732
C:\Users\ASUS\Desktop\SLIIT\Year 4\Semester 2\Deep Learning\Assignment\SE4050-Deep-Learning-Assignment\data\train\India\images\India_005343.jpg,India,2,0,0,0,1,['D40'],D40,train,2733
C:\Users\ASUS\Desktop\SLIIT\Year 4\Semester 2\Deep Learning\Assignment\SE4050-Deep-Learning-Assignment\data\train\India\images\India_005346.jpg,India,1,0,0,1,0,['D20'],D20,train,2734
C:\Users\ASUS\Desktop\SLIIT\Year 4\Semester 2\Deep Learning\Assignment\SE4050-Deep-Learning-Assignment\data\train\India\images\India_005347.jpg,India,1,1,0,0,0,['D00'],D00,train,2735
C:\Users\ASUS\Desktop\SLIIT\Year 4\Semester 2\Deep Learning\Assignment\SE4050-Deep-Learning-Assignment\data\train\India\images\India_005348.jpg,India,1,0,0,0,1,['D40'],D40,train,2736
C:\Users\ASUS\Desktop\SLIIT\Year 4\Semester 2\Deep Learning\Assignment\SE4050-Deep-Learning-Assignment\data\train\India\images\India_005350.jpg,India,3,0,0,1,1,"['D20', 'D40']",D20,val,2737
C:\Users\ASUS\Desktop\SLIIT\Year 4\Semester 2\Deep Learning\Assignment\SE4050-Deep-Learning-Assignment\data\train\India\images\India_005351.jpg,India,3,0,0,0,1,['D40'],D40,train,2738
C:\Users\ASUS\Desktop\SLIIT\Year 4\Semester 2\Deep Learning\Assignment\SE4050-Deep-Learning-Assignment\data\train\India\images\India_005354.jpg,India,3,1,0,0,0,['D00'],D00,val,2739
C:\Users\ASUS\Desktop\SLIIT\Year 4\Semester 2\Deep Learning\Assignment\SE4050-Deep-Learning-Assignment\data\train\India\images\India_005361.jpg,India,1,0,0,1,0,['D20'],D20,train,2740
C:\Users\ASUS\Desktop\SLIIT\Year 4\Semester 2\Deep Learning\Assignment\SE4050-Deep-Learning-Assignment\data\train\India\images\India_005365.jpg,India,3,1,0,0,0,['D00'],D00,test,2741
C:\Users\ASUS\Desktop\SLIIT\Year 4\Semester 2\Deep Learning\Assignment\SE4050-Deep-Learning-Assignment\data\train\India\images\India_005369.jpg,India,1,0,0,1,0,['D20'],D20,test,2742
C:\Users\ASUS\Desktop\SLIIT\Year 4\Semester 2\Deep Learning\Assignment\SE4050-Deep-Learning-Assignment\data\train\India\images\India_005372.jpg,India,2,1,0,0,1,"['D00', 'D40']",D00,train,2743
C:\Users\ASUS\Desktop\SLIIT\Year 4\Semester 2\Deep Learning\Assignment\SE4050-Deep-Learning-Assignment\data\train\India\images\India_005373.jpg,India,1,0,0,0,1,['D40'],D40,test,2744
C:\Users\ASUS\Desktop\SLIIT\Year 4\Semester 2\Deep Learning\Assignment\SE4050-Deep-Learning-Assignment\data\train\India\images\India_005374.jpg,India,1,0,0,1,0,['D20'],D20,val,2745
C:\Users\ASUS\Desktop\SLIIT\Year 4\Semester 2\Deep Learning\Assignment\SE4050-Deep-Learning-Assignment\data\train\India\images\India_005376.jpg,India,3,1,0,1,0,"['D00', 'D20']",D00,train,2746
C:\Users\ASUS\Desktop\SLIIT\Year 4\Semester 2\Deep Learning\Assignment\SE4050-Deep-Learning-Assignment\data\train\India\images\India_005389.jpg,India,1,0,0,1,0,['D20'],D20,test,2747
C:\Users\ASUS\Desktop\SLIIT\Year 4\Semester 2\Deep Learning\Assignment\SE4050-Deep-Learning-Assignment\data\train\India\images\India_005393.jpg,India,2,0,0,1,0,['D20'],D20,train,2748
C:\Users\ASUS\Desktop\SLIIT\Year 4\Semester 2\Deep Learning\Assignment\SE4050-Deep-Learning-Assignment\data\train\India\images\India_005394.jpg,India,3,1,0,1,0,"['D00', 'D20']",D00,train,2749
C:\Users\ASUS\Desktop\SLIIT\Year 4\Semester 2\Deep Learning\Assignment\SE4050-Deep-Learning-Assignment\data\train\India\images\India_005397.jpg,India,2,0,0,0,1,['D40'],D40,train,2750
C:\Users\ASUS\Desktop\SLIIT\Year 4\Semester 2\Deep Learning\Assignment\SE4050-Deep-Learning-Assignment\data\train\India\images\India_005398.jpg,India,4,1,0,1,0,"['D00', 'D20']",D00,train,2751
C:\Users\ASUS\Desktop\SLIIT\Year 4\Semester 2\Deep Learning\Assignment\SE4050-Deep-Learning-Assignment\data\train\India\images\India_005399.jpg,India,2,0,0,1,1,"['D20', 'D40']",D20,train,2752
C:\Users\ASUS\Desktop\SLIIT\Year 4\Semester 2\Deep Learning\Assignment\SE4050-Deep-Learning-Assignment\data\train\India\images\India_005402.jpg,India,2,0,0,1,1,"['D20', 'D40']",D20,val,2753
C:\Users\ASUS\Desktop\SLIIT\Year 4\Semester 2\Deep Learning\Assignment\SE4050-Deep-Learning-Assignment\data\train\India\images\India_005404.jpg,India,1,0,0,1,0,['D20'],D20,train,2754
C:\Users\ASUS\Desktop\SLIIT\Year 4\Semester 2\Deep Learning\Assignment\SE4050-Deep-Learning-Assignment\data\train\India\images\India_005410.jpg,India,2,1,0,1,0,"['D00', 'D20']",D00,test,2755
C:\Users\ASUS\Desktop\SLIIT\Year 4\Semester 2\Deep Learning\Assignment\SE4050-Deep-Learning-Assignment\data\train\India\images\India_005411.jpg,India,2,0,0,1,1,"['D20', 'D40']",D20,train,2756
C:\Users\ASUS\Desktop\SLIIT\Year 4\Semester 2\Deep Learning\Assignment\SE4050-Deep-Learning-Assignment\data\train\India\images\India_005412.jpg,India,4,1,0,1,1,"['D00', 'D20', 'D40']",D00,train,2757
C:\Users\ASUS\Desktop\SLIIT\Year 4\Semester 2\Deep Learning\Assignment\SE4050-Deep-Learning-Assignment\data\train\India\images\India_005415.jpg,India,2,0,0,1,0,['D20'],D20,train,2758
C:\Users\ASUS\Desktop\SLIIT\Year 4\Semester 2\Deep Learning\Assignment\SE4050-Deep-Learning-Assignment\data\train\India\images\India_005419.jpg,India,3,0,0,1,0,['D20'],D20,val,2759
C:\Users\ASUS\Desktop\SLIIT\Year 4\Semester 2\Deep Learning\Assignment\SE4050-Deep-Learning-Assignment\data\train\India\images\India_005420.jpg,India,4,0,0,0,1,['D40'],D40,train,2760
C:\Users\ASUS\Desktop\SLIIT\Year 4\Semester 2\Deep Learning\Assignment\SE4050-Deep-Learning-Assignment\data\train\India\images\India_005421.jpg,India,7,1,0,0,1,"['D00', 'D40']",D00,test,2761
C:\Users\ASUS\Desktop\SLIIT\Year 4\Semester 2\Deep Learning\Assignment\SE4050-Deep-Learning-Assignment\data\train\India\images\India_005422.jpg,India,1,0,0,1,0,['D20'],D20,train,2762
C:\Users\ASUS\Desktop\SLIIT\Year 4\Semester 2\Deep Learning\Assignment\SE4050-Deep-Learning-Assignment\data\train\India\images\India_005423.jpg,India,1,0,0,1,0,['D20'],D20,val,2763
C:\Users\ASUS\Desktop\SLIIT\Year 4\Semester 2\Deep Learning\Assignment\SE4050-Deep-Learning-Assignment\data\train\India\images\India_005424.jpg,India,1,0,0,1,0,['D20'],D20,train,2764
C:\Users\ASUS\Desktop\SLIIT\Year 4\Semester 2\Deep Learning\Assignment\SE4050-Deep-Learning-Assignment\data\train\India\images\India_005427.jpg,India,1,0,0,0,1,['D40'],D40,val,2765
C:\Users\ASUS\Desktop\SLIIT\Year 4\Semester 2\Deep Learning\Assignment\SE4050-Deep-Learning-Assignment\data\train\India\images\India_005428.jpg,India,1,1,0,0,0,['D00'],D00,train,2766
C:\Users\ASUS\Desktop\SLIIT\Year 4\Semester 2\Deep Learning\Assignment\SE4050-Deep-Learning-Assignment\data\train\India\images\India_005433.jpg,India,2,0,0,1,0,['D20'],D20,test,2767
C:\Users\ASUS\Desktop\SLIIT\Year 4\Semester 2\Deep Learning\Assignment\SE4050-Deep-Learning-Assignment\data\train\India\images\India_005436.jpg,India,2,1,0,0,1,"['D00', 'D40']",D00,val,2768
C:\Users\ASUS\Desktop\SLIIT\Year 4\Semester 2\Deep Learning\Assignment\SE4050-Deep-Learning-Assignment\data\train\India\images\India_005439.jpg,India,3,0,0,0,1,['D40'],D40,train,2769
C:\Users\ASUS\Desktop\SLIIT\Year 4\Semester 2\Deep Learning\Assignment\SE4050-Deep-Learning-Assignment\data\train\India\images\India_005441.jpg,India,2,1,0,0,0,['D00'],D00,train,2770
C:\Users\ASUS\Desktop\SLIIT\Year 4\Semester 2\Deep Learning\Assignment\SE4050-Deep-Learning-Assignment\data\train\India\images\India_005445.jpg,India,2,0,0,0,1,['D40'],D40,val,2771
C:\Users\ASUS\Desktop\SLIIT\Year 4\Semester 2\Deep Learning\Assignment\SE4050-Deep-Learning-Assignment\data\train\India\images\India_005446.jpg,India,1,0,0,0,1,['D40'],D40,train,2772
C:\Users\ASUS\Desktop\SLIIT\Year 4\Semester 2\Deep Learning\Assignment\SE4050-Deep-Learning-Assignment\data\train\India\images\India_005447.jpg,India,4,1,0,1,1,"['D00', 'D20', 'D40']",D00,test,2773
C:\Users\ASUS\Desktop\SLIIT\Year 4\Semester 2\Deep Learning\Assignment\SE4050-Deep-Learning-Assignment\data\train\India\images\India_005453.jpg,India,2,1,0,0,0,['D00'],D00,val,2774
C:\Users\ASUS\Desktop\SLIIT\Year 4\Semester 2\Deep Learning\Assignment\SE4050-Deep-Learning-Assignment\data\train\India\images\India_005455.jpg,India,3,0,0,0,1,['D40'],D40,train,2775
C:\Users\ASUS\Desktop\SLIIT\Year 4\Semester 2\Deep Learning\Assignment\SE4050-Deep-Learning-Assignment\data\train\India\images\India_005458.jpg,India,1,0,0,1,0,['D20'],D20,train,2776
C:\Users\ASUS\Desktop\SLIIT\Year 4\Semester 2\Deep Learning\Assignment\SE4050-Deep-Learning-Assignment\data\train\India\images\India_005461.jpg,India,1,1,0,0,0,['D00'],D00,test,2777
C:\Users\ASUS\Desktop\SLIIT\Year 4\Semester 2\Deep Learning\Assignment\SE4050-Deep-Learning-Assignment\data\train\India\images\India_005467.jpg,India,1,0,0,0,1,['D40'],D40,train,2778
C:\Users\ASUS\Desktop\SLIIT\Year 4\Semester 2\Deep Learning\Assignment\SE4050-Deep-Learning-Assignment\data\train\India\images\India_005469.jpg,India,4,0,0,0,1,['D40'],D40,test,2779
C:\Users\ASUS\Desktop\SLIIT\Year 4\Semester 2\Deep Learning\Assignment\SE4050-Deep-Learning-Assignment\data\train\India\images\India_005472.jpg,India,4,0,0,1,1,"['D20', 'D40']",D20,train,2780
C:\Users\ASUS\Desktop\SLIIT\Year 4\Semester 2\Deep Learning\Assignment\SE4050-Deep-Learning-Assignment\data\train\India\images\India_005473.jpg,India,4,1,0,0,1,"['D00', 'D40']",D00,train,2781
C:\Users\ASUS\Desktop\SLIIT\Year 4\Semester 2\Deep Learning\Assignment\SE4050-Deep-Learning-Assignment\data\train\India\images\India_005475.jpg,India,1,0,0,1,0,['D20'],D20,test,2782
C:\Users\ASUS\Desktop\SLIIT\Year 4\Semester 2\Deep Learning\Assignment\SE4050-Deep-Learning-Assignment\data\train\India\images\India_005486.jpg,India,3,0,0,1,1,"['D20', 'D40']",D20,test,2783
C:\Users\ASUS\Desktop\SLIIT\Year 4\Semester 2\Deep Learning\Assignment\SE4050-Deep-Learning-Assignment\data\train\India\images\India_005489.jpg,India,4,1,0,0,1,"['D00', 'D40']",D00,train,2784
C:\Users\ASUS\Desktop\SLIIT\Year 4\Semester 2\Deep Learning\Assignment\SE4050-Deep-Learning-Assignment\data\train\India\images\India_005490.jpg,India,3,0,0,0,1,['D40'],D40,val,2785
C:\Users\ASUS\Desktop\SLIIT\Year 4\Semester 2\Deep Learning\Assignment\SE4050-Deep-Learning-Assignment\data\train\India\images\India_005491.jpg,India,2,1,0,0,0,['D00'],D00,train,2786
C:\Users\ASUS\Desktop\SLIIT\Year 4\Semester 2\Deep Learning\Assignment\SE4050-Deep-Learning-Assignment\data\train\India\images\India_005493.jpg,India,1,0,0,1,0,['D20'],D20,train,2787
C:\Users\ASUS\Desktop\SLIIT\Year 4\Semester 2\Deep Learning\Assignment\SE4050-Deep-Learning-Assignment\data\train\India\images\India_005496.jpg,India,5,1,0,1,1,"['D00', 'D20', 'D40']",D00,train,2788
C:\Users\ASUS\Desktop\SLIIT\Year 4\Semester 2\Deep Learning\Assignment\SE4050-Deep-Learning-Assignment\data\train\India\images\India_005505.jpg,India,1,1,0,0,0,['D00'],D00,val,67
C:\Users\ASUS\Desktop\SLIIT\Year 4\Semester 2\Deep Learning\Assignment\SE4050-Deep-Learning-Assignment\data\train\India\images\India_005510.jpg,India,1,0,0,0,1,['D40'],D40,train,2789
C:\Users\ASUS\Desktop\SLIIT\Year 4\Semester 2\Deep Learning\Assignment\SE4050-Deep-Learning-Assignment\data\train\India\images\India_005519.jpg,India,4,1,0,0,1,"['D00', 'D40']",D00,train,2790
C:\Users\ASUS\Desktop\SLIIT\Year 4\Semester 2\Deep Learning\Assignment\SE4050-Deep-Learning-Assignment\data\train\India\images\India_005526.jpg,India,2,0,0,1,1,"['D20', 'D40']",D20,test,2791
C:\Users\ASUS\Desktop\SLIIT\Year 4\Semester 2\Deep Learning\Assignment\SE4050-Deep-Learning-Assignment\data\train\India\images\India_005535.jpg,India,1,0,0,1,0,['D20'],D20,train,2792
C:\Users\ASUS\Desktop\SLIIT\Year 4\Semester 2\Deep Learning\Assignment\SE4050-Deep-Learning-Assignment\data\train\India\images\India_005539.jpg,India,1,0,0,0,1,['D40'],D40,test,2793
C:\Users\ASUS\Desktop\SLIIT\Year 4\Semester 2\Deep Learning\Assignment\SE4050-Deep-Learning-Assignment\data\train\India\images\India_005541.jpg,India,3,1,0,1,1,"['D00', 'D20', 'D40']",D00,train,32
C:\Users\ASUS\Desktop\SLIIT\Year 4\Semester 2\Deep Learning\Assignment\SE4050-Deep-Learning-Assignment\data\train\India\images\India_005543.jpg,India,2,0,0,1,1,"['D20', 'D40']",D20,train,2794
C:\Users\ASUS\Desktop\SLIIT\Year 4\Semester 2\Deep Learning\Assignment\SE4050-Deep-Learning-Assignment\data\train\India\images\India_005544.jpg,India,2,1,0,0,0,['D00'],D00,train,2795
C:\Users\ASUS\Desktop\SLIIT\Year 4\Semester 2\Deep Learning\Assignment\SE4050-Deep-Learning-Assignment\data\train\India\images\India_005545.jpg,India,5,1,0,1,1,"['D00', 'D20', 'D40']",D00,val,2796
C:\Users\ASUS\Desktop\SLIIT\Year 4\Semester 2\Deep Learning\Assignment\SE4050-Deep-Learning-Assignment\data\train\India\images\India_005546.jpg,India,4,0,0,0,1,['D40'],D40,test,2797
C:\Users\ASUS\Desktop\SLIIT\Year 4\Semester 2\Deep Learning\Assignment\SE4050-Deep-Learning-Assignment\data\train\India\images\India_005547.jpg,India,3,0,0,1,1,"['D20', 'D40']",D20,test,68
C:\Users\ASUS\Desktop\SLIIT\Year 4\Semester 2\Deep Learning\Assignment\SE4050-Deep-Learning-Assignment\data\train\India\images\India_005548.jpg,India,2,0,0,0,1,['D40'],D40,train,2798
C:\Users\ASUS\Desktop\SLIIT\Year 4\Semester 2\Deep Learning\Assignment\SE4050-Deep-Learning-Assignment\data\train\India\images\India_005550.jpg,India,7,1,0,1,1,"['D00', 'D20', 'D40']",D00,val,2799
C:\Users\ASUS\Desktop\SLIIT\Year 4\Semester 2\Deep Learning\Assignment\SE4050-Deep-Learning-Assignment\data\train\India\images\India_005557.jpg,India,2,1,0,1,0,"['D00', 'D20']",D00,train,2800
C:\Users\ASUS\Desktop\SLIIT\Year 4\Semester 2\Deep Learning\Assignment\SE4050-Deep-Learning-Assignment\data\train\India\images\India_005559.jpg,India,3,0,0,1,1,"['D20', 'D40']",D20,train,2801
C:\Users\ASUS\Desktop\SLIIT\Year 4\Semester 2\Deep Learning\Assignment\SE4050-Deep-Learning-Assignment\data\train\India\images\India_005563.jpg,India,1,0,0,1,0,['D20'],D20,train,2802
C:\Users\ASUS\Desktop\SLIIT\Year 4\Semester 2\Deep Learning\Assignment\SE4050-Deep-Learning-Assignment\data\train\India\images\India_005564.jpg,India,4,0,0,0,1,['D40'],D40,test,2803
C:\Users\ASUS\Desktop\SLIIT\Year 4\Semester 2\Deep Learning\Assignment\SE4050-Deep-Learning-Assignment\data\train\India\images\India_005568.jpg,India,1,0,0,1,0,['D20'],D20,train,2804
C:\Users\ASUS\Desktop\SLIIT\Year 4\Semester 2\Deep Learning\Assignment\SE4050-Deep-Learning-Assignment\data\train\India\images\India_005569.jpg,India,2,0,0,1,1,"['D20', 'D40']",D20,train,2805
C:\Users\ASUS\Desktop\SLIIT\Year 4\Semester 2\Deep Learning\Assignment\SE4050-Deep-Learning-Assignment\data\train\India\images\India_005576.jpg,India,1,0,0,1,0,['D20'],D20,train,2806
C:\Users\ASUS\Desktop\SLIIT\Year 4\Semester 2\Deep Learning\Assignment\SE4050-Deep-Learning-Assignment\data\train\India\images\India_005578.jpg,India,4,0,0,1,1,"['D20', 'D40']",D20,val,2807
C:\Users\ASUS\Desktop\SLIIT\Year 4\Semester 2\Deep Learning\Assignment\SE4050-Deep-Learning-Assignment\data\train\India\images\India_005579.jpg,India,1,1,0,0,0,['D00'],D00,train,2808
C:\Users\ASUS\Desktop\SLIIT\Year 4\Semester 2\Deep Learning\Assignment\SE4050-Deep-Learning-Assignment\data\train\India\images\India_005580.jpg,India,1,0,0,1,0,['D20'],D20,test,2809
C:\Users\ASUS\Desktop\SLIIT\Year 4\Semester 2\Deep Learning\Assignment\SE4050-Deep-Learning-Assignment\data\train\India\images\India_005588.jpg,India,2,0,0,0,1,['D40'],D40,train,2810
C:\Users\ASUS\Desktop\SLIIT\Year 4\Semester 2\Deep Learning\Assignment\SE4050-Deep-Learning-Assignment\data\train\India\images\India_005593.jpg,India,2,0,0,1,0,['D20'],D20,train,2811
C:\Users\ASUS\Desktop\SLIIT\Year 4\Semester 2\Deep Learning\Assignment\SE4050-Deep-Learning-Assignment\data\train\India\images\India_005595.jpg,India,5,0,0,1,1,"['D20', 'D40']",D20,train,2812
C:\Users\ASUS\Desktop\SLIIT\Year 4\Semester 2\Deep Learning\Assignment\SE4050-Deep-Learning-Assignment\data\train\India\images\India_005600.jpg,India,1,0,0,1,0,['D20'],D20,train,2813
C:\Users\ASUS\Desktop\SLIIT\Year 4\Semester 2\Deep Learning\Assignment\SE4050-Deep-Learning-Assignment\data\train\India\images\India_005601.jpg,India,2,0,0,1,1,"['D20', 'D40']",D20,test,2814
C:\Users\ASUS\Desktop\SLIIT\Year 4\Semester 2\Deep Learning\Assignment\SE4050-Deep-Learning-Assignment\data\train\India\images\India_005603.jpg,India,6,1,0,1,1,"['D00', 'D20', 'D40']",D00,train,2815
C:\Users\ASUS\Desktop\SLIIT\Year 4\Semester 2\Deep Learning\Assignment\SE4050-Deep-Learning-Assignment\data\train\India\images\India_005608.jpg,India,1,0,0,1,0,['D20'],D20,train,2816
C:\Users\ASUS\Desktop\SLIIT\Year 4\Semester 2\Deep Learning\Assignment\SE4050-Deep-Learning-Assignment\data\train\India\images\India_005611.jpg,India,5,1,0,0,1,"['D00', 'D40']",D00,train,2817
C:\Users\ASUS\Desktop\SLIIT\Year 4\Semester 2\Deep Learning\Assignment\SE4050-Deep-Learning-Assignment\data\train\India\images\India_005612.jpg,India,2,0,0,1,1,"['D20', 'D40']",D20,train,2818
C:\Users\ASUS\Desktop\SLIIT\Year 4\Semester 2\Deep Learning\Assignment\SE4050-Deep-Learning-Assignment\data\train\India\images\India_005616.jpg,India,1,1,0,0,0,['D00'],D00,test,2819
C:\Users\ASUS\Desktop\SLIIT\Year 4\Semester 2\Deep Learning\Assignment\SE4050-Deep-Learning-Assignment\data\train\India\images\India_005619.jpg,India,2,1,0,1,0,"['D00', 'D20']",D00,train,2820
C:\Users\ASUS\Desktop\SLIIT\Year 4\Semester 2\Deep Learning\Assignment\SE4050-Deep-Learning-Assignment\data\train\India\images\India_005621.jpg,India,1,0,0,0,1,['D40'],D40,train,2821
C:\Users\ASUS\Desktop\SLIIT\Year 4\Semester 2\Deep Learning\Assignment\SE4050-Deep-Learning-Assignment\data\train\India\images\India_005636.jpg,India,1,0,0,1,0,['D20'],D20,train,2822
C:\Users\ASUS\Desktop\SLIIT\Year 4\Semester 2\Deep Learning\Assignment\SE4050-Deep-Learning-Assignment\data\train\India\images\India_005639.jpg,India,3,1,0,0,0,['D00'],D00,val,2823
C:\Users\ASUS\Desktop\SLIIT\Year 4\Semester 2\Deep Learning\Assignment\SE4050-Deep-Learning-Assignment\data\train\India\images\India_005643.jpg,India,1,0,0,0,1,['D40'],D40,train,2824
C:\Users\ASUS\Desktop\SLIIT\Year 4\Semester 2\Deep Learning\Assignment\SE4050-Deep-Learning-Assignment\data\train\India\images\India_005655.jpg,India,3,0,0,0,1,['D40'],D40,train,2825
C:\Users\ASUS\Desktop\SLIIT\Year 4\Semester 2\Deep Learning\Assignment\SE4050-Deep-Learning-Assignment\data\train\India\images\India_005656.jpg,India,4,0,0,0,1,['D40'],D40,train,2826
C:\Users\ASUS\Desktop\SLIIT\Year 4\Semester 2\Deep Learning\Assignment\SE4050-Deep-Learning-Assignment\data\train\India\images\India_005660.jpg,India,4,1,0,1,1,"['D00', 'D20', 'D40']",D00,train,2827
C:\Users\ASUS\Desktop\SLIIT\Year 4\Semester 2\Deep Learning\Assignment\SE4050-Deep-Learning-Assignment\data\train\India\images\India_005661.jpg,India,3,0,0,0,1,['D40'],D40,train,2828
C:\Users\ASUS\Desktop\SLIIT\Year 4\Semester 2\Deep Learning\Assignment\SE4050-Deep-Learning-Assignment\data\train\India\images\India_005670.jpg,India,2,0,0,1,0,['D20'],D20,val,2829
C:\Users\ASUS\Desktop\SLIIT\Year 4\Semester 2\Deep Learning\Assignment\SE4050-Deep-Learning-Assignment\data\train\India\images\India_005672.jpg,India,2,0,0,1,0,['D20'],D20,train,2830
C:\Users\ASUS\Desktop\SLIIT\Year 4\Semester 2\Deep Learning\Assignment\SE4050-Deep-Learning-Assignment\data\train\India\images\India_005676.jpg,India,4,0,0,1,1,"['D20', 'D40']",D20,train,2831
C:\Users\ASUS\Desktop\SLIIT\Year 4\Semester 2\Deep Learning\Assignment\SE4050-Deep-Learning-Assignment\data\train\India\images\India_005678.jpg,India,1,0,0,1,0,['D20'],D20,test,2832
C:\Users\ASUS\Desktop\SLIIT\Year 4\Semester 2\Deep Learning\Assignment\SE4050-Deep-Learning-Assignment\data\train\India\images\India_005680.jpg,India,2,1,0,1,0,"['D00', 'D20']",D00,test,2833
C:\Users\ASUS\Desktop\SLIIT\Year 4\Semester 2\Deep Learning\Assignment\SE4050-Deep-Learning-Assignment\data\train\India\images\India_005681.jpg,India,2,1,0,1,0,"['D00', 'D20']",D00,train,2834
C:\Users\ASUS\Desktop\SLIIT\Year 4\Semester 2\Deep Learning\Assignment\SE4050-Deep-Learning-Assignment\data\train\India\images\India_005682.jpg,India,1,1,0,0,0,['D00'],D00,test,2835
C:\Users\ASUS\Desktop\SLIIT\Year 4\Semester 2\Deep Learning\Assignment\SE4050-Deep-Learning-Assignment\data\train\India\images\India_005693.jpg,India,4,1,0,0,1,"['D00', 'D40']",D00,train,2836
C:\Users\ASUS\Desktop\SLIIT\Year 4\Semester 2\Deep Learning\Assignment\SE4050-Deep-Learning-Assignment\data\train\India\images\India_005697.jpg,India,4,1,0,1,1,"['D00', 'D20', 'D40']",D00,train,2837
C:\Users\ASUS\Desktop\SLIIT\Year 4\Semester 2\Deep Learning\Assignment\SE4050-Deep-Learning-Assignment\data\train\India\images\India_005698.jpg,India,1,0,0,0,1,['D40'],D40,val,2838
C:\Users\ASUS\Desktop\SLIIT\Year 4\Semester 2\Deep Learning\Assignment\SE4050-Deep-Learning-Assignment\data\train\India\images\India_005699.jpg,India,2,1,0,1,0,"['D00', 'D20']",D00,train,0
C:\Users\ASUS\Desktop\SLIIT\Year 4\Semester 2\Deep Learning\Assignment\SE4050-Deep-Learning-Assignment\data\train\India\images\India_005700.jpg,India,1,0,0,1,0,['D20'],D20,train,2839
C:\Users\ASUS\Desktop\SLIIT\Year 4\Semester 2\Deep Learning\Assignment\SE4050-Deep-Learning-Assignment\data\train\India\images\India_005701.jpg,India,4,0,0,0,1,['D40'],D40,train,2
C:\Users\ASUS\Desktop\SLIIT\Year 4\Semester 2\Deep Learning\Assignment\SE4050-Deep-Learning-Assignment\data\train\India\images\India_005702.jpg,India,1,1,0,0,0,['D00'],D00,test,2840
C:\Users\ASUS\Desktop\SLIIT\Year 4\Semester 2\Deep Learning\Assignment\SE4050-Deep-Learning-Assignment\data\train\India\images\India_005704.jpg,India,1,0,0,0,1,['D40'],D40,test,48
C:\Users\ASUS\Desktop\SLIIT\Year 4\Semester 2\Deep Learning\Assignment\SE4050-Deep-Learning-Assignment\data\train\India\images\India_005706.jpg,India,1,1,0,0,0,['D00'],D00,train,2841
C:\Users\ASUS\Desktop\SLIIT\Year 4\Semester 2\Deep Learning\Assignment\SE4050-Deep-Learning-Assignment\data\train\India\images\India_005711.jpg,India,1,1,0,0,0,['D00'],D00,val,2842
C:\Users\ASUS\Desktop\SLIIT\Year 4\Semester 2\Deep Learning\Assignment\SE4050-Deep-Learning-Assignment\data\train\India\images\India_005713.jpg,India,3,1,0,1,1,"['D00', 'D20', 'D40']",D00,train,2843
C:\Users\ASUS\Desktop\SLIIT\Year 4\Semester 2\Deep Learning\Assignment\SE4050-Deep-Learning-Assignment\data\train\India\images\India_005714.jpg,India,1,0,0,1,0,['D20'],D20,train,2844
C:\Users\ASUS\Desktop\SLIIT\Year 4\Semester 2\Deep Learning\Assignment\SE4050-Deep-Learning-Assignment\data\train\India\images\India_005715.jpg,India,3,0,0,1,1,"['D20', 'D40']",D20,train,2845
C:\Users\ASUS\Desktop\SLIIT\Year 4\Semester 2\Deep Learning\Assignment\SE4050-Deep-Learning-Assignment\data\train\India\images\India_005717.jpg,India,4,1,0,0,1,"['D00', 'D40']",D00,train,2846
C:\Users\ASUS\Desktop\SLIIT\Year 4\Semester 2\Deep Learning\Assignment\SE4050-Deep-Learning-Assignment\data\train\India\images\India_005724.jpg,India,1,0,0,0,1,['D40'],D40,train,2847
C:\Users\ASUS\Desktop\SLIIT\Year 4\Semester 2\Deep Learning\Assignment\SE4050-Deep-Learning-Assignment\data\train\India\images\India_005726.jpg,India,2,0,0,1,0,['D20'],D20,train,65
C:\Users\ASUS\Desktop\SLIIT\Year 4\Semester 2\Deep Learning\Assignment\SE4050-Deep-Learning-Assignment\data\train\India\images\India_005728.jpg,India,2,0,0,1,0,['D20'],D20,train,2848
C:\Users\ASUS\Desktop\SLIIT\Year 4\Semester 2\Deep Learning\Assignment\SE4050-Deep-Learning-Assignment\data\train\India\images\India_005732.jpg,India,1,0,0,1,0,['D20'],D20,train,2849
C:\Users\ASUS\Desktop\SLIIT\Year 4\Semester 2\Deep Learning\Assignment\SE4050-Deep-Learning-Assignment\data\train\India\images\India_005743.jpg,India,9,1,0,0,1,"['D00', 'D40']",D00,train,2850
C:\Users\ASUS\Desktop\SLIIT\Year 4\Semester 2\Deep Learning\Assignment\SE4050-Deep-Learning-Assignment\data\train\India\images\India_005746.jpg,India,2,0,0,1,0,['D20'],D20,val,2851
C:\Users\ASUS\Desktop\SLIIT\Year 4\Semester 2\Deep Learning\Assignment\SE4050-Deep-Learning-Assignment\data\train\India\images\India_005751.jpg,India,1,0,0,1,0,['D20'],D20,val,2852
C:\Users\ASUS\Desktop\SLIIT\Year 4\Semester 2\Deep Learning\Assignment\SE4050-Deep-Learning-Assignment\data\train\India\images\India_005755.jpg,India,2,0,0,1,1,"['D20', 'D40']",D20,train,2853
C:\Users\ASUS\Desktop\SLIIT\Year 4\Semester 2\Deep Learning\Assignment\SE4050-Deep-Learning-Assignment\data\train\India\images\India_005757.jpg,India,3,0,0,1,1,"['D20', 'D40']",D20,train,2854
C:\Users\ASUS\Desktop\SLIIT\Year 4\Semester 2\Deep Learning\Assignment\SE4050-Deep-Learning-Assignment\data\train\India\images\India_005758.jpg,India,1,1,0,0,0,['D00'],D00,test,2855
C:\Users\ASUS\Desktop\SLIIT\Year 4\Semester 2\Deep Learning\Assignment\SE4050-Deep-Learning-Assignment\data\train\India\images\India_005760.jpg,India,1,0,0,0,1,['D40'],D40,train,2856
C:\Users\ASUS\Desktop\SLIIT\Year 4\Semester 2\Deep Learning\Assignment\SE4050-Deep-Learning-Assignment\data\train\India\images\India_005761.jpg,India,2,0,0,1,1,"['D20', 'D40']",D20,train,52
C:\Users\ASUS\Desktop\SLIIT\Year 4\Semester 2\Deep Learning\Assignment\SE4050-Deep-Learning-Assignment\data\train\India\images\India_005762.jpg,India,3,1,1,0,1,"['D00', 'D10', 'D40']",D00,train,2857
C:\Users\ASUS\Desktop\SLIIT\Year 4\Semester 2\Deep Learning\Assignment\SE4050-Deep-Learning-Assignment\data\train\India\images\India_005765.jpg,India,3,0,0,1,0,['D20'],D20,train,2858
C:\Users\ASUS\Desktop\SLIIT\Year 4\Semester 2\Deep Learning\Assignment\SE4050-Deep-Learning-Assignment\data\train\India\images\India_005774.jpg,India,3,1,0,0,1,"['D00', 'D40']",D00,train,2859
C:\Users\ASUS\Desktop\SLIIT\Year 4\Semester 2\Deep Learning\Assignment\SE4050-Deep-Learning-Assignment\data\train\India\images\India_005775.jpg,India,2,0,0,0,1,['D40'],D40,train,2860
C:\Users\ASUS\Desktop\SLIIT\Year 4\Semester 2\Deep Learning\Assignment\SE4050-Deep-Learning-Assignment\data\train\India\images\India_005777.jpg,India,1,0,0,0,1,['D40'],D40,train,2861
C:\Users\ASUS\Desktop\SLIIT\Year 4\Semester 2\Deep Learning\Assignment\SE4050-Deep-Learning-Assignment\data\train\India\images\India_005778.jpg,India,2,0,0,1,0,['D20'],D20,val,2862
C:\Users\ASUS\Desktop\SLIIT\Year 4\Semester 2\Deep Learning\Assignment\SE4050-Deep-Learning-Assignment\data\train\India\images\India_005781.jpg,India,13,0,0,1,1,"['D20', 'D40']",D20,train,2863
C:\Users\ASUS\Desktop\SLIIT\Year 4\Semester 2\Deep Learning\Assignment\SE4050-Deep-Learning-Assignment\data\train\India\images\India_005783.jpg,India,1,0,0,1,0,['D20'],D20,train,2864
C:\Users\ASUS\Desktop\SLIIT\Year 4\Semester 2\Deep Learning\Assignment\SE4050-Deep-Learning-Assignment\data\train\India\images\India_005784.jpg,India,1,0,0,0,1,['D40'],D40,train,2865
C:\Users\ASUS\Desktop\SLIIT\Year 4\Semester 2\Deep Learning\Assignment\SE4050-Deep-Learning-Assignment\data\train\India\images\India_005788.jpg,India,3,0,0,1,0,['D20'],D20,train,2866
C:\Users\ASUS\Desktop\SLIIT\Year 4\Semester 2\Deep Learning\Assignment\SE4050-Deep-Learning-Assignment\data\train\India\images\India_005797.jpg,India,1,0,0,0,1,['D40'],D40,val,2867
C:\Users\ASUS\Desktop\SLIIT\Year 4\Semester 2\Deep Learning\Assignment\SE4050-Deep-Learning-Assignment\data\train\India\images\India_005801.jpg,India,1,0,0,0,1,['D40'],D40,train,2868
C:\Users\ASUS\Desktop\SLIIT\Year 4\Semester 2\Deep Learning\Assignment\SE4050-Deep-Learning-Assignment\data\train\India\images\India_005807.jpg,India,1,0,0,1,0,['D20'],D20,train,2869
C:\Users\ASUS\Desktop\SLIIT\Year 4\Semester 2\Deep Learning\Assignment\SE4050-Deep-Learning-Assignment\data\train\India\images\India_005810.jpg,India,3,1,0,1,1,"['D00', 'D20', 'D40']",D00,train,11
C:\Users\ASUS\Desktop\SLIIT\Year 4\Semester 2\Deep Learning\Assignment\SE4050-Deep-Learning-Assignment\data\train\India\images\India_005811.jpg,India,1,0,0,1,0,['D20'],D20,train,2870
C:\Users\ASUS\Desktop\SLIIT\Year 4\Semester 2\Deep Learning\Assignment\SE4050-Deep-Learning-Assignment\data\train\India\images\India_005812.jpg,India,2,1,0,0,0,['D00'],D00,train,2871
C:\Users\ASUS\Desktop\SLIIT\Year 4\Semester 2\Deep Learning\Assignment\SE4050-Deep-Learning-Assignment\data\train\India\images\India_005817.jpg,India,2,0,0,1,0,['D20'],D20,train,2872
C:\Users\ASUS\Desktop\SLIIT\Year 4\Semester 2\Deep Learning\Assignment\SE4050-Deep-Learning-Assignment\data\train\India\images\India_005820.jpg,India,2,0,0,0,1,['D40'],D40,train,2873
C:\Users\ASUS\Desktop\SLIIT\Year 4\Semester 2\Deep Learning\Assignment\SE4050-Deep-Learning-Assignment\data\train\India\images\India_005824.jpg,India,5,0,0,1,1,"['D20', 'D40']",D20,val,2874
C:\Users\ASUS\Desktop\SLIIT\Year 4\Semester 2\Deep Learning\Assignment\SE4050-Deep-Learning-Assignment\data\train\India\images\India_005829.jpg,India,1,0,0,1,0,['D20'],D20,train,2875
C:\Users\ASUS\Desktop\SLIIT\Year 4\Semester 2\Deep Learning\Assignment\SE4050-Deep-Learning-Assignment\data\train\India\images\India_005830.jpg,India,2,1,0,1,0,"['D00', 'D20']",D00,train,2876
C:\Users\ASUS\Desktop\SLIIT\Year 4\Semester 2\Deep Learning\Assignment\SE4050-Deep-Learning-Assignment\data\train\India\images\India_005835.jpg,India,3,0,1,0,0,['D10'],D10,val,2877
C:\Users\ASUS\Desktop\SLIIT\Year 4\Semester 2\Deep Learning\Assignment\SE4050-Deep-Learning-Assignment\data\train\India\images\India_005839.jpg,India,2,0,0,1,0,['D20'],D20,test,2878
C:\Users\ASUS\Desktop\SLIIT\Year 4\Semester 2\Deep Learning\Assignment\SE4050-Deep-Learning-Assignment\data\train\India\images\India_005842.jpg,India,3,1,0,0,0,['D00'],D00,train,2879
C:\Users\ASUS\Desktop\SLIIT\Year 4\Semester 2\Deep Learning\Assignment\SE4050-Deep-Learning-Assignment\data\train\India\images\India_005843.jpg,India,1,0,0,1,0,['D20'],D20,train,2880
C:\Users\ASUS\Desktop\SLIIT\Year 4\Semester 2\Deep Learning\Assignment\SE4050-Deep-Learning-Assignment\data\train\India\images\India_005844.jpg,India,3,1,0,1,0,"['D00', 'D20']",D00,test,2881
C:\Users\ASUS\Desktop\SLIIT\Year 4\Semester 2\Deep Learning\Assignment\SE4050-Deep-Learning-Assignment\data\train\India\images\India_005847.jpg,India,3,1,0,1,0,"['D00', 'D20']",D00,train,2882
C:\Users\ASUS\Desktop\SLIIT\Year 4\Semester 2\Deep Learning\Assignment\SE4050-Deep-Learning-Assignment\data\train\India\images\India_005848.jpg,India,1,1,0,0,0,['D00'],D00,train,2883
C:\Users\ASUS\Desktop\SLIIT\Year 4\Semester 2\Deep Learning\Assignment\SE4050-Deep-Learning-Assignment\data\train\India\images\India_005849.jpg,India,3,0,0,1,0,['D20'],D20,test,2884
C:\Users\ASUS\Desktop\SLIIT\Year 4\Semester 2\Deep Learning\Assignment\SE4050-Deep-Learning-Assignment\data\train\India\images\India_005853.jpg,India,3,1,0,1,0,"['D00', 'D20']",D00,test,3
C:\Users\ASUS\Desktop\SLIIT\Year 4\Semester 2\Deep Learning\Assignment\SE4050-Deep-Learning-Assignment\data\train\India\images\India_005856.jpg,India,2,0,0,1,1,"['D20', 'D40']",D20,train,2885
C:\Users\ASUS\Desktop\SLIIT\Year 4\Semester 2\Deep Learning\Assignment\SE4050-Deep-Learning-Assignment\data\train\India\images\India_005857.jpg,India,1,0,0,1,0,['D20'],D20,train,9
C:\Users\ASUS\Desktop\SLIIT\Year 4\Semester 2\Deep Learning\Assignment\SE4050-Deep-Learning-Assignment\data\train\India\images\India_005859.jpg,India,2,1,0,1,0,"['D00', 'D20']",D00,train,2886
C:\Users\ASUS\Desktop\SLIIT\Year 4\Semester 2\Deep Learning\Assignment\SE4050-Deep-Learning-Assignment\data\train\India\images\India_005862.jpg,India,1,1,0,0,0,['D00'],D00,val,69
C:\Users\ASUS\Desktop\SLIIT\Year 4\Semester 2\Deep Learning\Assignment\SE4050-Deep-Learning-Assignment\data\train\India\images\India_005866.jpg,India,1,1,0,0,0,['D00'],D00,train,2887
C:\Users\ASUS\Desktop\SLIIT\Year 4\Semester 2\Deep Learning\Assignment\SE4050-Deep-Learning-Assignment\data\train\India\images\India_005868.jpg,India,4,1,0,1,0,"['D00', 'D20']",D00,train,2888
C:\Users\ASUS\Desktop\SLIIT\Year 4\Semester 2\Deep Learning\Assignment\SE4050-Deep-Learning-Assignment\data\train\India\images\India_005870.jpg,India,5,0,0,1,1,"['D20', 'D40']",D20,train,2
C:\Users\ASUS\Desktop\SLIIT\Year 4\Semester 2\Deep Learning\Assignment\SE4050-Deep-Learning-Assignment\data\train\India\images\India_005871.jpg,India,1,0,0,1,0,['D20'],D20,train,2889
C:\Users\ASUS\Desktop\SLIIT\Year 4\Semester 2\Deep Learning\Assignment\SE4050-Deep-Learning-Assignment\data\train\India\images\India_005875.jpg,India,2,1,1,0,0,"['D00', 'D10']",D00,val,2890
C:\Users\ASUS\Desktop\SLIIT\Year 4\Semester 2\Deep Learning\Assignment\SE4050-Deep-Learning-Assignment\data\train\India\images\India_005876.jpg,India,1,1,0,0,0,['D00'],D00,test,2891
C:\Users\ASUS\Desktop\SLIIT\Year 4\Semester 2\Deep Learning\Assignment\SE4050-Deep-Learning-Assignment\data\train\India\images\India_005878.jpg,India,3,0,0,0,1,['D40'],D40,train,2892
C:\Users\ASUS\Desktop\SLIIT\Year 4\Semester 2\Deep Learning\Assignment\SE4050-Deep-Learning-Assignment\data\train\India\images\India_005881.jpg,India,2,0,0,1,0,['D20'],D20,train,2893
C:\Users\ASUS\Desktop\SLIIT\Year 4\Semester 2\Deep Learning\Assignment\SE4050-Deep-Learning-Assignment\data\train\India\images\India_005882.jpg,India,5,1,0,1,0,"['D00', 'D20']",D00,train,2894
C:\Users\ASUS\Desktop\SLIIT\Year 4\Semester 2\Deep Learning\Assignment\SE4050-Deep-Learning-Assignment\data\train\India\images\India_005883.jpg,India,2,1,0,1,0,"['D00', 'D20']",D00,train,2895
C:\Users\ASUS\Desktop\SLIIT\Year 4\Semester 2\Deep Learning\Assignment\SE4050-Deep-Learning-Assignment\data\train\India\images\India_005884.jpg,India,1,0,0,0,1,['D40'],D40,test,2896
C:\Users\ASUS\Desktop\SLIIT\Year 4\Semester 2\Deep Learning\Assignment\SE4050-Deep-Learning-Assignment\data\train\India\images\India_005886.jpg,India,2,0,0,1,1,"['D20', 'D40']",D20,train,2897
C:\Users\ASUS\Desktop\SLIIT\Year 4\Semester 2\Deep Learning\Assignment\SE4050-Deep-Learning-Assignment\data\train\India\images\India_005887.jpg,India,4,1,0,0,1,"['D00', 'D40']",D00,val,2898
C:\Users\ASUS\Desktop\SLIIT\Year 4\Semester 2\Deep Learning\Assignment\SE4050-Deep-Learning-Assignment\data\train\India\images\India_005890.jpg,India,1,0,0,1,0,['D20'],D20,train,2899
C:\Users\ASUS\Desktop\SLIIT\Year 4\Semester 2\Deep Learning\Assignment\SE4050-Deep-Learning-Assignment\data\train\India\images\India_005894.jpg,India,1,0,0,1,0,['D20'],D20,train,2900
C:\Users\ASUS\Desktop\SLIIT\Year 4\Semester 2\Deep Learning\Assignment\SE4050-Deep-Learning-Assignment\data\train\India\images\India_005895.jpg,India,1,0,0,0,1,['D40'],D40,test,2901
C:\Users\ASUS\Desktop\SLIIT\Year 4\Semester 2\Deep Learning\Assignment\SE4050-Deep-Learning-Assignment\data\train\India\images\India_005900.jpg,India,2,1,0,0,1,"['D00', 'D40']",D00,test,18
C:\Users\ASUS\Desktop\SLIIT\Year 4\Semester 2\Deep Learning\Assignment\SE4050-Deep-Learning-Assignment\data\train\India\images\India_005903.jpg,India,2,1,0,0,0,['D00'],D00,val,2902
C:\Users\ASUS\Desktop\SLIIT\Year 4\Semester 2\Deep Learning\Assignment\SE4050-Deep-Learning-Assignment\data\train\India\images\India_005905.jpg,India,1,0,0,1,0,['D20'],D20,train,0
C:\Users\ASUS\Desktop\SLIIT\Year 4\Semester 2\Deep Learning\Assignment\SE4050-Deep-Learning-Assignment\data\train\India\images\India_005911.jpg,India,1,0,0,1,0,['D20'],D20,train,2903
C:\Users\ASUS\Desktop\SLIIT\Year 4\Semester 2\Deep Learning\Assignment\SE4050-Deep-Learning-Assignment\data\train\India\images\India_005916.jpg,India,1,0,0,1,0,['D20'],D20,train,2904
C:\Users\ASUS\Desktop\SLIIT\Year 4\Semester 2\Deep Learning\Assignment\SE4050-Deep-Learning-Assignment\data\train\India\images\India_005917.jpg,India,2,1,0,0,0,['D00'],D00,train,2905
C:\Users\ASUS\Desktop\SLIIT\Year 4\Semester 2\Deep Learning\Assignment\SE4050-Deep-Learning-Assignment\data\train\India\images\India_005921.jpg,India,1,0,0,1,0,['D20'],D20,test,2906
C:\Users\ASUS\Desktop\SLIIT\Year 4\Semester 2\Deep Learning\Assignment\SE4050-Deep-Learning-Assignment\data\train\India\images\India_005923.jpg,India,2,1,0,0,0,['D00'],D00,val,2907
C:\Users\ASUS\Desktop\SLIIT\Year 4\Semester 2\Deep Learning\Assignment\SE4050-Deep-Learning-Assignment\data\train\India\images\India_005926.jpg,India,1,0,0,1,0,['D20'],D20,test,2908
C:\Users\ASUS\Desktop\SLIIT\Year 4\Semester 2\Deep Learning\Assignment\SE4050-Deep-Learning-Assignment\data\train\India\images\India_005933.jpg,India,1,1,0,0,0,['D00'],D00,test,2909
C:\Users\ASUS\Desktop\SLIIT\Year 4\Semester 2\Deep Learning\Assignment\SE4050-Deep-Learning-Assignment\data\train\India\images\India_005936.jpg,India,2,1,0,0,0,['D00'],D00,train,2910
C:\Users\ASUS\Desktop\SLIIT\Year 4\Semester 2\Deep Learning\Assignment\SE4050-Deep-Learning-Assignment\data\train\India\images\India_005937.jpg,India,1,0,0,0,1,['D40'],D40,test,2911
C:\Users\ASUS\Desktop\SLIIT\Year 4\Semester 2\Deep Learning\Assignment\SE4050-Deep-Learning-Assignment\data\train\India\images\India_005938.jpg,India,4,1,0,1,1,"['D00', 'D20', 'D40']",D00,val,2912
C:\Users\ASUS\Desktop\SLIIT\Year 4\Semester 2\Deep Learning\Assignment\SE4050-Deep-Learning-Assignment\data\train\India\images\India_005941.jpg,India,2,0,0,1,1,"['D20', 'D40']",D20,val,2913
C:\Users\ASUS\Desktop\SLIIT\Year 4\Semester 2\Deep Learning\Assignment\SE4050-Deep-Learning-Assignment\data\train\India\images\India_005944.jpg,India,2,0,0,1,0,['D20'],D20,train,2914
C:\Users\ASUS\Desktop\SLIIT\Year 4\Semester 2\Deep Learning\Assignment\SE4050-Deep-Learning-Assignment\data\train\India\images\India_005948.jpg,India,2,0,0,1,0,['D20'],D20,train,2915
C:\Users\ASUS\Desktop\SLIIT\Year 4\Semester 2\Deep Learning\Assignment\SE4050-Deep-Learning-Assignment\data\train\India\images\India_005949.jpg,India,2,0,0,1,0,['D20'],D20,train,0
C:\Users\ASUS\Desktop\SLIIT\Year 4\Semester 2\Deep Learning\Assignment\SE4050-Deep-Learning-Assignment\data\train\India\images\India_005954.jpg,India,2,0,0,1,0,['D20'],D20,train,2916
C:\Users\ASUS\Desktop\SLIIT\Year 4\Semester 2\Deep Learning\Assignment\SE4050-Deep-Learning-Assignment\data\train\India\images\India_005959.jpg,India,1,1,0,0,0,['D00'],D00,train,2917
C:\Users\ASUS\Desktop\SLIIT\Year 4\Semester 2\Deep Learning\Assignment\SE4050-Deep-Learning-Assignment\data\train\India\images\India_005962.jpg,India,1,0,0,0,1,['D40'],D40,train,2918
C:\Users\ASUS\Desktop\SLIIT\Year 4\Semester 2\Deep Learning\Assignment\SE4050-Deep-Learning-Assignment\data\train\India\images\India_005964.jpg,India,1,0,0,1,0,['D20'],D20,test,2919
C:\Users\ASUS\Desktop\SLIIT\Year 4\Semester 2\Deep Learning\Assignment\SE4050-Deep-Learning-Assignment\data\train\India\images\India_005967.jpg,India,2,1,0,0,0,['D00'],D00,train,2920
C:\Users\ASUS\Desktop\SLIIT\Year 4\Semester 2\Deep Learning\Assignment\SE4050-Deep-Learning-Assignment\data\train\India\images\India_005968.jpg,India,3,0,0,1,1,"['D20', 'D40']",D20,train,2921
C:\Users\ASUS\Desktop\SLIIT\Year 4\Semester 2\Deep Learning\Assignment\SE4050-Deep-Learning-Assignment\data\train\India\images\India_005969.jpg,India,1,1,0,0,0,['D00'],D00,test,2922
C:\Users\ASUS\Desktop\SLIIT\Year 4\Semester 2\Deep Learning\Assignment\SE4050-Deep-Learning-Assignment\data\train\India\images\India_005970.jpg,India,2,0,0,1,0,['D20'],D20,train,2923
C:\Users\ASUS\Desktop\SLIIT\Year 4\Semester 2\Deep Learning\Assignment\SE4050-Deep-Learning-Assignment\data\train\India\images\India_005971.jpg,India,2,0,0,1,0,['D20'],D20,train,2924
C:\Users\ASUS\Desktop\SLIIT\Year 4\Semester 2\Deep Learning\Assignment\SE4050-Deep-Learning-Assignment\data\train\India\images\India_005974.jpg,India,2,0,0,1,0,['D20'],D20,train,0
C:\Users\ASUS\Desktop\SLIIT\Year 4\Semester 2\Deep Learning\Assignment\SE4050-Deep-Learning-Assignment\data\train\India\images\India_005975.jpg,India,2,1,0,0,0,['D00'],D00,train,10
C:\Users\ASUS\Desktop\SLIIT\Year 4\Semester 2\Deep Learning\Assignment\SE4050-Deep-Learning-Assignment\data\train\India\images\India_005976.jpg,India,1,0,0,0,1,['D40'],D40,train,2925
C:\Users\ASUS\Desktop\SLIIT\Year 4\Semester 2\Deep Learning\Assignment\SE4050-Deep-Learning-Assignment\data\train\India\images\India_005983.jpg,India,1,0,0,1,0,['D20'],D20,train,2926
C:\Users\ASUS\Desktop\SLIIT\Year 4\Semester 2\Deep Learning\Assignment\SE4050-Deep-Learning-Assignment\data\train\India\images\India_005988.jpg,India,2,0,0,1,0,['D20'],D20,train,2927
C:\Users\ASUS\Desktop\SLIIT\Year 4\Semester 2\Deep Learning\Assignment\SE4050-Deep-Learning-Assignment\data\train\India\images\India_005991.jpg,India,2,0,0,1,0,['D20'],D20,test,2928
C:\Users\ASUS\Desktop\SLIIT\Year 4\Semester 2\Deep Learning\Assignment\SE4050-Deep-Learning-Assignment\data\train\India\images\India_005992.jpg,India,3,1,0,0,0,['D00'],D00,test,2929
C:\Users\ASUS\Desktop\SLIIT\Year 4\Semester 2\Deep Learning\Assignment\SE4050-Deep-Learning-Assignment\data\train\India\images\India_005993.jpg,India,4,0,0,1,1,"['D20', 'D40']",D20,train,2930
C:\Users\ASUS\Desktop\SLIIT\Year 4\Semester 2\Deep Learning\Assignment\SE4050-Deep-Learning-Assignment\data\train\India\images\India_005994.jpg,India,2,0,0,1,0,['D20'],D20,test,2931
C:\Users\ASUS\Desktop\SLIIT\Year 4\Semester 2\Deep Learning\Assignment\SE4050-Deep-Learning-Assignment\data\train\India\images\India_005995.jpg,India,1,0,0,0,1,['D40'],D40,train,2932
C:\Users\ASUS\Desktop\SLIIT\Year 4\Semester 2\Deep Learning\Assignment\SE4050-Deep-Learning-Assignment\data\train\India\images\India_005996.jpg,India,1,0,0,1,0,['D20'],D20,test,2933
C:\Users\ASUS\Desktop\SLIIT\Year 4\Semester 2\Deep Learning\Assignment\SE4050-Deep-Learning-Assignment\data\train\India\images\India_006000.jpg,India,2,1,0,0,0,['D00'],D00,train,2934
C:\Users\ASUS\Desktop\SLIIT\Year 4\Semester 2\Deep Learning\Assignment\SE4050-Deep-Learning-Assignment\data\train\India\images\India_006004.jpg,India,1,0,0,0,1,['D40'],D40,test,68
C:\Users\ASUS\Desktop\SLIIT\Year 4\Semester 2\Deep Learning\Assignment\SE4050-Deep-Learning-Assignment\data\train\India\images\India_006012.jpg,India,4,1,0,0,0,['D00'],D00,train,2935
C:\Users\ASUS\Desktop\SLIIT\Year 4\Semester 2\Deep Learning\Assignment\SE4050-Deep-Learning-Assignment\data\train\India\images\India_006014.jpg,India,4,1,0,1,0,"['D00', 'D20']",D00,train,2936
C:\Users\ASUS\Desktop\SLIIT\Year 4\Semester 2\Deep Learning\Assignment\SE4050-Deep-Learning-Assignment\data\train\India\images\India_006020.jpg,India,3,1,0,1,0,"['D00', 'D20']",D00,train,2937
C:\Users\ASUS\Desktop\SLIIT\Year 4\Semester 2\Deep Learning\Assignment\SE4050-Deep-Learning-Assignment\data\train\India\images\India_006025.jpg,India,1,1,0,0,0,['D00'],D00,train,2938
C:\Users\ASUS\Desktop\SLIIT\Year 4\Semester 2\Deep Learning\Assignment\SE4050-Deep-Learning-Assignment\data\train\India\images\India_006026.jpg,India,2,1,0,1,0,"['D00', 'D20']",D00,train,64
C:\Users\ASUS\Desktop\SLIIT\Year 4\Semester 2\Deep Learning\Assignment\SE4050-Deep-Learning-Assignment\data\train\India\images\India_006027.jpg,India,3,1,0,1,1,"['D00', 'D20', 'D40']",D00,val,2939
C:\Users\ASUS\Desktop\SLIIT\Year 4\Semester 2\Deep Learning\Assignment\SE4050-Deep-Learning-Assignment\data\train\India\images\India_006029.jpg,India,3,1,0,1,0,"['D00', 'D20']",D00,train,2940
C:\Users\ASUS\Desktop\SLIIT\Year 4\Semester 2\Deep Learning\Assignment\SE4050-Deep-Learning-Assignment\data\train\India\images\India_006030.jpg,India,3,0,0,1,0,['D20'],D20,train,2941
C:\Users\ASUS\Desktop\SLIIT\Year 4\Semester 2\Deep Learning\Assignment\SE4050-Deep-Learning-Assignment\data\train\India\images\India_006031.jpg,India,3,1,1,0,1,"['D00', 'D10', 'D40']",D00,train,2942
C:\Users\ASUS\Desktop\SLIIT\Year 4\Semester 2\Deep Learning\Assignment\SE4050-Deep-Learning-Assignment\data\train\India\images\India_006033.jpg,India,2,0,0,0,1,['D40'],D40,train,2943
C:\Users\ASUS\Desktop\SLIIT\Year 4\Semester 2\Deep Learning\Assignment\SE4050-Deep-Learning-Assignment\data\train\India\images\India_006042.jpg,India,2,0,0,1,0,['D20'],D20,test,2944
C:\Users\ASUS\Desktop\SLIIT\Year 4\Semester 2\Deep Learning\Assignment\SE4050-Deep-Learning-Assignment\data\train\India\images\India_006045.jpg,India,7,1,0,1,1,"['D00', 'D20', 'D40']",D00,test,2945
C:\Users\ASUS\Desktop\SLIIT\Year 4\Semester 2\Deep Learning\Assignment\SE4050-Deep-Learning-Assignment\data\train\India\images\India_006050.jpg,India,1,1,0,0,0,['D00'],D00,train,2946
C:\Users\ASUS\Desktop\SLIIT\Year 4\Semester 2\Deep Learning\Assignment\SE4050-Deep-Learning-Assignment\data\train\India\images\India_006057.jpg,India,2,1,0,1,0,"['D00', 'D20']",D00,train,2947
C:\Users\ASUS\Desktop\SLIIT\Year 4\Semester 2\Deep Learning\Assignment\SE4050-Deep-Learning-Assignment\data\train\India\images\India_006058.jpg,India,4,1,0,1,0,"['D00', 'D20']",D00,train,2948
C:\Users\ASUS\Desktop\SLIIT\Year 4\Semester 2\Deep Learning\Assignment\SE4050-Deep-Learning-Assignment\data\train\India\images\India_006060.jpg,India,2,0,0,1,0,['D20'],D20,val,2949
C:\Users\ASUS\Desktop\SLIIT\Year 4\Semester 2\Deep Learning\Assignment\SE4050-Deep-Learning-Assignment\data\train\India\images\India_006061.jpg,India,3,0,0,0,1,['D40'],D40,val,2950
C:\Users\ASUS\Desktop\SLIIT\Year 4\Semester 2\Deep Learning\Assignment\SE4050-Deep-Learning-Assignment\data\train\India\images\India_006062.jpg,India,1,0,0,1,0,['D20'],D20,val,70
C:\Users\ASUS\Desktop\SLIIT\Year 4\Semester 2\Deep Learning\Assignment\SE4050-Deep-Learning-Assignment\data\train\India\images\India_006063.jpg,India,1,0,0,1,0,['D20'],D20,val,2951
C:\Users\ASUS\Desktop\SLIIT\Year 4\Semester 2\Deep Learning\Assignment\SE4050-Deep-Learning-Assignment\data\train\India\images\India_006065.jpg,India,2,0,0,1,0,['D20'],D20,train,2952
C:\Users\ASUS\Desktop\SLIIT\Year 4\Semester 2\Deep Learning\Assignment\SE4050-Deep-Learning-Assignment\data\train\India\images\India_006071.jpg,India,2,1,0,1,0,"['D00', 'D20']",D00,train,2953
C:\Users\ASUS\Desktop\SLIIT\Year 4\Semester 2\Deep Learning\Assignment\SE4050-Deep-Learning-Assignment\data\train\India\images\India_006074.jpg,India,1,1,0,0,0,['D00'],D00,val,2954
C:\Users\ASUS\Desktop\SLIIT\Year 4\Semester 2\Deep Learning\Assignment\SE4050-Deep-Learning-Assignment\data\train\India\images\India_006076.jpg,India,1,0,0,0,1,['D40'],D40,val,2955
C:\Users\ASUS\Desktop\SLIIT\Year 4\Semester 2\Deep Learning\Assignment\SE4050-Deep-Learning-Assignment\data\train\India\images\India_006077.jpg,India,1,0,0,1,0,['D20'],D20,val,2956
C:\Users\ASUS\Desktop\SLIIT\Year 4\Semester 2\Deep Learning\Assignment\SE4050-Deep-Learning-Assignment\data\train\India\images\India_006080.jpg,India,2,1,0,0,0,['D00'],D00,train,2957
C:\Users\ASUS\Desktop\SLIIT\Year 4\Semester 2\Deep Learning\Assignment\SE4050-Deep-Learning-Assignment\data\train\India\images\India_006087.jpg,India,3,1,0,1,1,"['D00', 'D20', 'D40']",D00,train,2958
C:\Users\ASUS\Desktop\SLIIT\Year 4\Semester 2\Deep Learning\Assignment\SE4050-Deep-Learning-Assignment\data\train\India\images\India_006088.jpg,India,1,0,0,1,0,['D20'],D20,test,2959
C:\Users\ASUS\Desktop\SLIIT\Year 4\Semester 2\Deep Learning\Assignment\SE4050-Deep-Learning-Assignment\data\train\India\images\India_006091.jpg,India,1,1,0,0,0,['D00'],D00,test,2960
C:\Users\ASUS\Desktop\SLIIT\Year 4\Semester 2\Deep Learning\Assignment\SE4050-Deep-Learning-Assignment\data\train\India\images\India_006094.jpg,India,1,0,0,1,0,['D20'],D20,train,2961
C:\Users\ASUS\Desktop\SLIIT\Year 4\Semester 2\Deep Learning\Assignment\SE4050-Deep-Learning-Assignment\data\train\India\images\India_006095.jpg,India,3,1,0,0,1,"['D00', 'D40']",D00,train,2962
C:\Users\ASUS\Desktop\SLIIT\Year 4\Semester 2\Deep Learning\Assignment\SE4050-Deep-Learning-Assignment\data\train\India\images\India_006096.jpg,India,1,0,0,1,0,['D20'],D20,val,2963
C:\Users\ASUS\Desktop\SLIIT\Year 4\Semester 2\Deep Learning\Assignment\SE4050-Deep-Learning-Assignment\data\train\India\images\India_006097.jpg,India,3,1,0,1,0,"['D00', 'D20']",D00,train,2964
C:\Users\ASUS\Desktop\SLIIT\Year 4\Semester 2\Deep Learning\Assignment\SE4050-Deep-Learning-Assignment\data\train\India\images\India_006098.jpg,India,1,0,0,0,1,['D40'],D40,test,2965
C:\Users\ASUS\Desktop\SLIIT\Year 4\Semester 2\Deep Learning\Assignment\SE4050-Deep-Learning-Assignment\data\train\India\images\India_006100.jpg,India,3,0,0,1,1,"['D20', 'D40']",D20,train,2966
C:\Users\ASUS\Desktop\SLIIT\Year 4\Semester 2\Deep Learning\Assignment\SE4050-Deep-Learning-Assignment\data\train\India\images\India_006103.jpg,India,4,0,0,0,1,['D40'],D40,train,2967
C:\Users\ASUS\Desktop\SLIIT\Year 4\Semester 2\Deep Learning\Assignment\SE4050-Deep-Learning-Assignment\data\train\India\images\India_006104.jpg,India,1,1,0,0,0,['D00'],D00,train,2968
C:\Users\ASUS\Desktop\SLIIT\Year 4\Semester 2\Deep Learning\Assignment\SE4050-Deep-Learning-Assignment\data\train\India\images\India_006108.jpg,India,1,0,0,1,0,['D20'],D20,val,2969
C:\Users\ASUS\Desktop\SLIIT\Year 4\Semester 2\Deep Learning\Assignment\SE4050-Deep-Learning-Assignment\data\train\India\images\India_006109.jpg,India,1,0,0,0,1,['D40'],D40,train,2970
C:\Users\ASUS\Desktop\SLIIT\Year 4\Semester 2\Deep Learning\Assignment\SE4050-Deep-Learning-Assignment\data\train\India\images\India_006111.jpg,India,2,0,0,1,0,['D20'],D20,train,2971
C:\Users\ASUS\Desktop\SLIIT\Year 4\Semester 2\Deep Learning\Assignment\SE4050-Deep-Learning-Assignment\data\train\India\images\India_006112.jpg,India,2,0,0,0,1,['D40'],D40,test,2972
C:\Users\ASUS\Desktop\SLIIT\Year 4\Semester 2\Deep Learning\Assignment\SE4050-Deep-Learning-Assignment\data\train\India\images\India_006114.jpg,India,4,0,0,0,1,['D40'],D40,train,2973
C:\Users\ASUS\Desktop\SLIIT\Year 4\Semester 2\Deep Learning\Assignment\SE4050-Deep-Learning-Assignment\data\train\India\images\India_006115.jpg,India,2,0,0,0,1,['D40'],D40,train,2974
C:\Users\ASUS\Desktop\SLIIT\Year 4\Semester 2\Deep Learning\Assignment\SE4050-Deep-Learning-Assignment\data\train\India\images\India_006117.jpg,India,3,0,0,0,1,['D40'],D40,train,2975
C:\Users\ASUS\Desktop\SLIIT\Year 4\Semester 2\Deep Learning\Assignment\SE4050-Deep-Learning-Assignment\data\train\India\images\India_006121.jpg,India,2,1,0,1,0,"['D00', 'D20']",D00,test,2976
C:\Users\ASUS\Desktop\SLIIT\Year 4\Semester 2\Deep Learning\Assignment\SE4050-Deep-Learning-Assignment\data\train\India\images\India_006124.jpg,India,1,0,0,1,0,['D20'],D20,train,2977
C:\Users\ASUS\Desktop\SLIIT\Year 4\Semester 2\Deep Learning\Assignment\SE4050-Deep-Learning-Assignment\data\train\India\images\India_006125.jpg,India,1,1,0,0,0,['D00'],D00,train,2978
C:\Users\ASUS\Desktop\SLIIT\Year 4\Semester 2\Deep Learning\Assignment\SE4050-Deep-Learning-Assignment\data\train\India\images\India_006126.jpg,India,1,0,0,1,0,['D20'],D20,train,2979
C:\Users\ASUS\Desktop\SLIIT\Year 4\Semester 2\Deep Learning\Assignment\SE4050-Deep-Learning-Assignment\data\train\India\images\India_006127.jpg,India,2,0,0,0,1,['D40'],D40,train,2980
C:\Users\ASUS\Desktop\SLIIT\Year 4\Semester 2\Deep Learning\Assignment\SE4050-Deep-Learning-Assignment\data\train\India\images\India_006128.jpg,India,1,0,0,1,0,['D20'],D20,train,2981
C:\Users\ASUS\Desktop\SLIIT\Year 4\Semester 2\Deep Learning\Assignment\SE4050-Deep-Learning-Assignment\data\train\India\images\India_006129.jpg,India,3,1,0,0,0,['D00'],D00,test,8
C:\Users\ASUS\Desktop\SLIIT\Year 4\Semester 2\Deep Learning\Assignment\SE4050-Deep-Learning-Assignment\data\train\India\images\India_006132.jpg,India,2,0,0,0,1,['D40'],D40,train,2982
C:\Users\ASUS\Desktop\SLIIT\Year 4\Semester 2\Deep Learning\Assignment\SE4050-Deep-Learning-Assignment\data\train\India\images\India_006133.jpg,India,1,0,0,1,0,['D20'],D20,train,2983
C:\Users\ASUS\Desktop\SLIIT\Year 4\Semester 2\Deep Learning\Assignment\SE4050-Deep-Learning-Assignment\data\train\India\images\India_006137.jpg,India,1,0,0,0,1,['D40'],D40,train,2984
C:\Users\ASUS\Desktop\SLIIT\Year 4\Semester 2\Deep Learning\Assignment\SE4050-Deep-Learning-Assignment\data\train\India\images\India_006148.jpg,India,1,0,0,0,1,['D40'],D40,val,2985
C:\Users\ASUS\Desktop\SLIIT\Year 4\Semester 2\Deep Learning\Assignment\SE4050-Deep-Learning-Assignment\data\train\India\images\India_006150.jpg,India,1,1,0,0,0,['D00'],D00,train,2986
C:\Users\ASUS\Desktop\SLIIT\Year 4\Semester 2\Deep Learning\Assignment\SE4050-Deep-Learning-Assignment\data\train\India\images\India_006152.jpg,India,1,1,0,0,0,['D00'],D00,test,2987
C:\Users\ASUS\Desktop\SLIIT\Year 4\Semester 2\Deep Learning\Assignment\SE4050-Deep-Learning-Assignment\data\train\India\images\India_006160.jpg,India,2,0,0,1,1,"['D20', 'D40']",D20,train,2988
C:\Users\ASUS\Desktop\SLIIT\Year 4\Semester 2\Deep Learning\Assignment\SE4050-Deep-Learning-Assignment\data\train\India\images\India_006165.jpg,India,1,0,1,0,0,['D10'],D10,train,2989
C:\Users\ASUS\Desktop\SLIIT\Year 4\Semester 2\Deep Learning\Assignment\SE4050-Deep-Learning-Assignment\data\train\India\images\India_006167.jpg,India,3,0,0,1,1,"['D20', 'D40']",D20,train,2990
C:\Users\ASUS\Desktop\SLIIT\Year 4\Semester 2\Deep Learning\Assignment\SE4050-Deep-Learning-Assignment\data\train\India\images\India_006174.jpg,India,2,1,0,0,1,"['D00', 'D40']",D00,train,2991
C:\Users\ASUS\Desktop\SLIIT\Year 4\Semester 2\Deep Learning\Assignment\SE4050-Deep-Learning-Assignment\data\train\India\images\India_006175.jpg,India,1,0,0,1,0,['D20'],D20,train,2992
C:\Users\ASUS\Desktop\SLIIT\Year 4\Semester 2\Deep Learning\Assignment\SE4050-Deep-Learning-Assignment\data\train\India\images\India_006177.jpg,India,7,0,0,1,1,"['D20', 'D40']",D20,val,2993
C:\Users\ASUS\Desktop\SLIIT\Year 4\Semester 2\Deep Learning\Assignment\SE4050-Deep-Learning-Assignment\data\train\India\images\India_006180.jpg,India,1,0,0,1,0,['D20'],D20,val,2994
C:\Users\ASUS\Desktop\SLIIT\Year 4\Semester 2\Deep Learning\Assignment\SE4050-Deep-Learning-Assignment\data\train\India\images\India_006187.jpg,India,4,0,0,0,1,['D40'],D40,train,2995
C:\Users\ASUS\Desktop\SLIIT\Year 4\Semester 2\Deep Learning\Assignment\SE4050-Deep-Learning-Assignment\data\train\India\images\India_006192.jpg,India,2,0,0,1,0,['D20'],D20,test,2996
C:\Users\ASUS\Desktop\SLIIT\Year 4\Semester 2\Deep Learning\Assignment\SE4050-Deep-Learning-Assignment\data\train\India\images\India_006194.jpg,India,1,0,0,1,0,['D20'],D20,train,2997
C:\Users\ASUS\Desktop\SLIIT\Year 4\Semester 2\Deep Learning\Assignment\SE4050-Deep-Learning-Assignment\data\train\India\images\India_006197.jpg,India,4,1,0,0,1,"['D00', 'D40']",D00,train,2998
C:\Users\ASUS\Desktop\SLIIT\Year 4\Semester 2\Deep Learning\Assignment\SE4050-Deep-Learning-Assignment\data\train\India\images\India_006201.jpg,India,6,0,0,1,1,"['D20', 'D40']",D20,train,2999
C:\Users\ASUS\Desktop\SLIIT\Year 4\Semester 2\Deep Learning\Assignment\SE4050-Deep-Learning-Assignment\data\train\India\images\India_006202.jpg,India,3,0,0,1,1,"['D20', 'D40']",D20,train,3000
C:\Users\ASUS\Desktop\SLIIT\Year 4\Semester 2\Deep Learning\Assignment\SE4050-Deep-Learning-Assignment\data\train\India\images\India_006205.jpg,India,2,1,0,0,0,['D00'],D00,train,3001
C:\Users\ASUS\Desktop\SLIIT\Year 4\Semester 2\Deep Learning\Assignment\SE4050-Deep-Learning-Assignment\data\train\India\images\India_006210.jpg,India,1,0,0,1,0,['D20'],D20,train,3002
C:\Users\ASUS\Desktop\SLIIT\Year 4\Semester 2\Deep Learning\Assignment\SE4050-Deep-Learning-Assignment\data\train\India\images\India_006212.jpg,India,5,0,0,1,1,"['D20', 'D40']",D20,train,3003
C:\Users\ASUS\Desktop\SLIIT\Year 4\Semester 2\Deep Learning\Assignment\SE4050-Deep-Learning-Assignment\data\train\India\images\India_006213.jpg,India,1,1,0,0,0,['D00'],D00,train,6
C:\Users\ASUS\Desktop\SLIIT\Year 4\Semester 2\Deep Learning\Assignment\SE4050-Deep-Learning-Assignment\data\train\India\images\India_006214.jpg,India,2,0,0,0,1,['D40'],D40,train,3004
C:\Users\ASUS\Desktop\SLIIT\Year 4\Semester 2\Deep Learning\Assignment\SE4050-Deep-Learning-Assignment\data\train\India\images\India_006215.jpg,India,1,1,0,0,0,['D00'],D00,train,3005
C:\Users\ASUS\Desktop\SLIIT\Year 4\Semester 2\Deep Learning\Assignment\SE4050-Deep-Learning-Assignment\data\train\India\images\India_006219.jpg,India,1,0,0,1,0,['D20'],D20,test,3006
C:\Users\ASUS\Desktop\SLIIT\Year 4\Semester 2\Deep Learning\Assignment\SE4050-Deep-Learning-Assignment\data\train\India\images\India_006228.jpg,India,1,0,0,1,0,['D20'],D20,train,3007
C:\Users\ASUS\Desktop\SLIIT\Year 4\Semester 2\Deep Learning\Assignment\SE4050-Deep-Learning-Assignment\data\train\India\images\India_006229.jpg,India,1,0,0,1,0,['D20'],D20,val,70
C:\Users\ASUS\Desktop\SLIIT\Year 4\Semester 2\Deep Learning\Assignment\SE4050-Deep-Learning-Assignment\data\train\India\images\India_006233.jpg,India,3,1,0,1,0,"['D00', 'D20']",D00,train,3008
C:\Users\ASUS\Desktop\SLIIT\Year 4\Semester 2\Deep Learning\Assignment\SE4050-Deep-Learning-Assignment\data\train\India\images\India_006237.jpg,India,1,0,0,0,1,['D40'],D40,train,3009
C:\Users\ASUS\Desktop\SLIIT\Year 4\Semester 2\Deep Learning\Assignment\SE4050-Deep-Learning-Assignment\data\train\India\images\India_006238.jpg,India,4,1,0,1,0,"['D00', 'D20']",D00,test,3010
C:\Users\ASUS\Desktop\SLIIT\Year 4\Semester 2\Deep Learning\Assignment\SE4050-Deep-Learning-Assignment\data\train\India\images\India_006239.jpg,India,5,1,0,1,1,"['D00', 'D20', 'D40']",D00,train,3011
C:\Users\ASUS\Desktop\SLIIT\Year 4\Semester 2\Deep Learning\Assignment\SE4050-Deep-Learning-Assignment\data\train\India\images\India_006240.jpg,India,1,1,0,0,0,['D00'],D00,train,3012
C:\Users\ASUS\Desktop\SLIIT\Year 4\Semester 2\Deep Learning\Assignment\SE4050-Deep-Learning-Assignment\data\train\India\images\India_006241.jpg,India,1,0,0,1,0,['D20'],D20,val,3013
C:\Users\ASUS\Desktop\SLIIT\Year 4\Semester 2\Deep Learning\Assignment\SE4050-Deep-Learning-Assignment\data\train\India\images\India_006244.jpg,India,3,1,1,0,0,"['D00', 'D10']",D00,val,3014
C:\Users\ASUS\Desktop\SLIIT\Year 4\Semester 2\Deep Learning\Assignment\SE4050-Deep-Learning-Assignment\data\train\India\images\India_006248.jpg,India,4,0,0,0,1,['D40'],D40,val,3015
C:\Users\ASUS\Desktop\SLIIT\Year 4\Semester 2\Deep Learning\Assignment\SE4050-Deep-Learning-Assignment\data\train\India\images\India_006250.jpg,India,1,0,0,0,1,['D40'],D40,test,3016
C:\Users\ASUS\Desktop\SLIIT\Year 4\Semester 2\Deep Learning\Assignment\SE4050-Deep-Learning-Assignment\data\train\India\images\India_006253.jpg,India,2,0,0,1,0,['D20'],D20,train,3017
C:\Users\ASUS\Desktop\SLIIT\Year 4\Semester 2\Deep Learning\Assignment\SE4050-Deep-Learning-Assignment\data\train\India\images\India_006255.jpg,India,4,0,1,0,0,['D10'],D10,test,3018
C:\Users\ASUS\Desktop\SLIIT\Year 4\Semester 2\Deep Learning\Assignment\SE4050-Deep-Learning-Assignment\data\train\India\images\India_006257.jpg,India,2,0,0,0,1,['D40'],D40,train,3019
C:\Users\ASUS\Desktop\SLIIT\Year 4\Semester 2\Deep Learning\Assignment\SE4050-Deep-Learning-Assignment\data\train\India\images\India_006260.jpg,India,2,1,0,1,0,"['D00', 'D20']",D00,val,3020
C:\Users\ASUS\Desktop\SLIIT\Year 4\Semester 2\Deep Learning\Assignment\SE4050-Deep-Learning-Assignment\data\train\India\images\India_006266.jpg,India,2,1,0,1,0,"['D00', 'D20']",D00,train,3021
C:\Users\ASUS\Desktop\SLIIT\Year 4\Semester 2\Deep Learning\Assignment\SE4050-Deep-Learning-Assignment\data\train\India\images\India_006269.jpg,India,2,0,0,1,1,"['D20', 'D40']",D20,test,3022
C:\Users\ASUS\Desktop\SLIIT\Year 4\Semester 2\Deep Learning\Assignment\SE4050-Deep-Learning-Assignment\data\train\India\images\India_006274.jpg,India,9,1,0,1,1,"['D00', 'D20', 'D40']",D00,train,3023
C:\Users\ASUS\Desktop\SLIIT\Year 4\Semester 2\Deep Learning\Assignment\SE4050-Deep-Learning-Assignment\data\train\India\images\India_006275.jpg,India,3,0,0,1,1,"['D20', 'D40']",D20,test,3024
C:\Users\ASUS\Desktop\SLIIT\Year 4\Semester 2\Deep Learning\Assignment\SE4050-Deep-Learning-Assignment\data\train\India\images\India_006280.jpg,India,1,0,0,1,0,['D20'],D20,train,3025
C:\Users\ASUS\Desktop\SLIIT\Year 4\Semester 2\Deep Learning\Assignment\SE4050-Deep-Learning-Assignment\data\train\India\images\India_006281.jpg,India,1,0,0,1,0,['D20'],D20,train,3026
C:\Users\ASUS\Desktop\SLIIT\Year 4\Semester 2\Deep Learning\Assignment\SE4050-Deep-Learning-Assignment\data\train\India\images\India_006286.jpg,India,1,0,0,1,0,['D20'],D20,train,3027
C:\Users\ASUS\Desktop\SLIIT\Year 4\Semester 2\Deep Learning\Assignment\SE4050-Deep-Learning-Assignment\data\train\India\images\India_006287.jpg,India,3,1,0,1,0,"['D00', 'D20']",D00,train,3028
C:\Users\ASUS\Desktop\SLIIT\Year 4\Semester 2\Deep Learning\Assignment\SE4050-Deep-Learning-Assignment\data\train\India\images\India_006290.jpg,India,7,0,0,0,1,['D40'],D40,train,3029
C:\Users\ASUS\Desktop\SLIIT\Year 4\Semester 2\Deep Learning\Assignment\SE4050-Deep-Learning-Assignment\data\train\India\images\India_006293.jpg,India,4,0,0,1,1,"['D20', 'D40']",D20,train,3030
C:\Users\ASUS\Desktop\SLIIT\Year 4\Semester 2\Deep Learning\Assignment\SE4050-Deep-Learning-Assignment\data\train\India\images\India_006295.jpg,India,4,0,0,1,1,"['D20', 'D40']",D20,train,3031
C:\Users\ASUS\Desktop\SLIIT\Year 4\Semester 2\Deep Learning\Assignment\SE4050-Deep-Learning-Assignment\data\train\India\images\India_006297.jpg,India,1,0,0,0,1,['D40'],D40,train,3032
C:\Users\ASUS\Desktop\SLIIT\Year 4\Semester 2\Deep Learning\Assignment\SE4050-Deep-Learning-Assignment\data\train\India\images\India_006300.jpg,India,1,1,0,0,0,['D00'],D00,val,3033
C:\Users\ASUS\Desktop\SLIIT\Year 4\Semester 2\Deep Learning\Assignment\SE4050-Deep-Learning-Assignment\data\train\India\images\India_006305.jpg,India,2,0,0,0,1,['D40'],D40,val,3034
C:\Users\ASUS\Desktop\SLIIT\Year 4\Semester 2\Deep Learning\Assignment\SE4050-Deep-Learning-Assignment\data\train\India\images\India_006310.jpg,India,1,0,0,1,0,['D20'],D20,train,3035
C:\Users\ASUS\Desktop\SLIIT\Year 4\Semester 2\Deep Learning\Assignment\SE4050-Deep-Learning-Assignment\data\train\India\images\India_006316.jpg,India,2,0,0,1,1,"['D20', 'D40']",D20,train,3036
C:\Users\ASUS\Desktop\SLIIT\Year 4\Semester 2\Deep Learning\Assignment\SE4050-Deep-Learning-Assignment\data\train\India\images\India_006318.jpg,India,3,0,1,0,1,"['D10', 'D40']",D10,train,3037
C:\Users\ASUS\Desktop\SLIIT\Year 4\Semester 2\Deep Learning\Assignment\SE4050-Deep-Learning-Assignment\data\train\India\images\India_006320.jpg,India,2,1,0,0,1,"['D00', 'D40']",D00,train,3038
C:\Users\ASUS\Desktop\SLIIT\Year 4\Semester 2\Deep Learning\Assignment\SE4050-Deep-Learning-Assignment\data\train\India\images\India_006322.jpg,India,2,1,0,0,1,"['D00', 'D40']",D00,train,3039
C:\Users\ASUS\Desktop\SLIIT\Year 4\Semester 2\Deep Learning\Assignment\SE4050-Deep-Learning-Assignment\data\train\India\images\India_006325.jpg,India,5,1,0,1,1,"['D00', 'D20', 'D40']",D00,train,6
C:\Users\ASUS\Desktop\SLIIT\Year 4\Semester 2\Deep Learning\Assignment\SE4050-Deep-Learning-Assignment\data\train\India\images\India_006326.jpg,India,1,0,0,0,1,['D40'],D40,train,3040
C:\Users\ASUS\Desktop\SLIIT\Year 4\Semester 2\Deep Learning\Assignment\SE4050-Deep-Learning-Assignment\data\train\India\images\India_006327.jpg,India,3,0,0,0,1,['D40'],D40,train,3041
C:\Users\ASUS\Desktop\SLIIT\Year 4\Semester 2\Deep Learning\Assignment\SE4050-Deep-Learning-Assignment\data\train\India\images\India_006328.jpg,India,2,0,0,0,1,['D40'],D40,train,3042
C:\Users\ASUS\Desktop\SLIIT\Year 4\Semester 2\Deep Learning\Assignment\SE4050-Deep-Learning-Assignment\data\train\India\images\India_006329.jpg,India,1,0,0,1,0,['D20'],D20,train,3043
C:\Users\ASUS\Desktop\SLIIT\Year 4\Semester 2\Deep Learning\Assignment\SE4050-Deep-Learning-Assignment\data\train\India\images\India_006330.jpg,India,1,0,0,1,0,['D20'],D20,train,3044
C:\Users\ASUS\Desktop\SLIIT\Year 4\Semester 2\Deep Learning\Assignment\SE4050-Deep-Learning-Assignment\data\train\India\images\India_006336.jpg,India,1,0,0,0,1,['D40'],D40,train,3045
C:\Users\ASUS\Desktop\SLIIT\Year 4\Semester 2\Deep Learning\Assignment\SE4050-Deep-Learning-Assignment\data\train\India\images\India_006338.jpg,India,1,0,0,1,0,['D20'],D20,train,3046
C:\Users\ASUS\Desktop\SLIIT\Year 4\Semester 2\Deep Learning\Assignment\SE4050-Deep-Learning-Assignment\data\train\India\images\India_006339.jpg,India,3,0,0,1,1,"['D20', 'D40']",D20,test,3047
C:\Users\ASUS\Desktop\SLIIT\Year 4\Semester 2\Deep Learning\Assignment\SE4050-Deep-Learning-Assignment\data\train\India\images\India_006342.jpg,India,7,1,0,1,1,"['D00', 'D20', 'D40']",D00,val,3048
C:\Users\ASUS\Desktop\SLIIT\Year 4\Semester 2\Deep Learning\Assignment\SE4050-Deep-Learning-Assignment\data\train\India\images\India_006362.jpg,India,3,0,0,1,1,"['D20', 'D40']",D20,train,2
C:\Users\ASUS\Desktop\SLIIT\Year 4\Semester 2\Deep Learning\Assignment\SE4050-Deep-Learning-Assignment\data\train\India\images\India_006363.jpg,India,2,1,0,1,0,"['D00', 'D20']",D00,val,3049
C:\Users\ASUS\Desktop\SLIIT\Year 4\Semester 2\Deep Learning\Assignment\SE4050-Deep-Learning-Assignment\data\train\India\images\India_006364.jpg,India,1,0,0,0,1,['D40'],D40,test,3050
C:\Users\ASUS\Desktop\SLIIT\Year 4\Semester 2\Deep Learning\Assignment\SE4050-Deep-Learning-Assignment\data\train\India\images\India_006365.jpg,India,2,0,0,0,1,['D40'],D40,val,3051
C:\Users\ASUS\Desktop\SLIIT\Year 4\Semester 2\Deep Learning\Assignment\SE4050-Deep-Learning-Assignment\data\train\India\images\India_006367.jpg,India,5,0,0,0,1,['D40'],D40,train,3052
C:\Users\ASUS\Desktop\SLIIT\Year 4\Semester 2\Deep Learning\Assignment\SE4050-Deep-Learning-Assignment\data\train\India\images\India_006368.jpg,India,6,0,0,1,1,"['D20', 'D40']",D20,train,3053
C:\Users\ASUS\Desktop\SLIIT\Year 4\Semester 2\Deep Learning\Assignment\SE4050-Deep-Learning-Assignment\data\train\India\images\India_006369.jpg,India,3,0,0,1,1,"['D20', 'D40']",D20,train,3054
C:\Users\ASUS\Desktop\SLIIT\Year 4\Semester 2\Deep Learning\Assignment\SE4050-Deep-Learning-Assignment\data\train\India\images\India_006370.jpg,India,2,1,0,1,0,"['D00', 'D20']",D00,val,3055
C:\Users\ASUS\Desktop\SLIIT\Year 4\Semester 2\Deep Learning\Assignment\SE4050-Deep-Learning-Assignment\data\train\India\images\India_006371.jpg,India,6,1,0,0,0,['D00'],D00,train,3056
C:\Users\ASUS\Desktop\SLIIT\Year 4\Semester 2\Deep Learning\Assignment\SE4050-Deep-Learning-Assignment\data\train\India\images\India_006373.jpg,India,2,0,0,0,1,['D40'],D40,train,3057
C:\Users\ASUS\Desktop\SLIIT\Year 4\Semester 2\Deep Learning\Assignment\SE4050-Deep-Learning-Assignment\data\train\India\images\India_006375.jpg,India,3,0,0,1,0,['D20'],D20,test,3058
C:\Users\ASUS\Desktop\SLIIT\Year 4\Semester 2\Deep Learning\Assignment\SE4050-Deep-Learning-Assignment\data\train\India\images\India_006378.jpg,India,3,1,0,0,1,"['D00', 'D40']",D00,test,3059
C:\Users\ASUS\Desktop\SLIIT\Year 4\Semester 2\Deep Learning\Assignment\SE4050-Deep-Learning-Assignment\data\train\India\images\India_006381.jpg,India,1,0,0,1,0,['D20'],D20,train,0
C:\Users\ASUS\Desktop\SLIIT\Year 4\Semester 2\Deep Learning\Assignment\SE4050-Deep-Learning-Assignment\data\train\India\images\India_006382.jpg,India,3,0,0,1,1,"['D20', 'D40']",D20,val,3060
C:\Users\ASUS\Desktop\SLIIT\Year 4\Semester 2\Deep Learning\Assignment\SE4050-Deep-Learning-Assignment\data\train\India\images\India_006383.jpg,India,1,0,0,1,0,['D20'],D20,test,3061
C:\Users\ASUS\Desktop\SLIIT\Year 4\Semester 2\Deep Learning\Assignment\SE4050-Deep-Learning-Assignment\data\train\India\images\India_006386.jpg,India,2,0,0,1,0,['D20'],D20,train,3062
C:\Users\ASUS\Desktop\SLIIT\Year 4\Semester 2\Deep Learning\Assignment\SE4050-Deep-Learning-Assignment\data\train\India\images\India_006388.jpg,India,2,1,0,0,1,"['D00', 'D40']",D00,train,3063
C:\Users\ASUS\Desktop\SLIIT\Year 4\Semester 2\Deep Learning\Assignment\SE4050-Deep-Learning-Assignment\data\train\India\images\India_006390.jpg,India,1,0,0,1,0,['D20'],D20,test,3064
C:\Users\ASUS\Desktop\SLIIT\Year 4\Semester 2\Deep Learning\Assignment\SE4050-Deep-Learning-Assignment\data\train\India\images\India_006392.jpg,India,1,0,0,1,0,['D20'],D20,train,3065
C:\Users\ASUS\Desktop\SLIIT\Year 4\Semester 2\Deep Learning\Assignment\SE4050-Deep-Learning-Assignment\data\train\India\images\India_006395.jpg,India,5,1,0,1,0,"['D00', 'D20']",D00,train,3066
C:\Users\ASUS\Desktop\SLIIT\Year 4\Semester 2\Deep Learning\Assignment\SE4050-Deep-Learning-Assignment\data\train\India\images\India_006397.jpg,India,5,0,0,0,1,['D40'],D40,train,71
C:\Users\ASUS\Desktop\SLIIT\Year 4\Semester 2\Deep Learning\Assignment\SE4050-Deep-Learning-Assignment\data\train\India\images\India_006398.jpg,India,1,0,0,1,0,['D20'],D20,train,3067
C:\Users\ASUS\Desktop\SLIIT\Year 4\Semester 2\Deep Learning\Assignment\SE4050-Deep-Learning-Assignment\data\train\India\images\India_006401.jpg,India,5,1,0,0,0,['D00'],D00,train,3068
C:\Users\ASUS\Desktop\SLIIT\Year 4\Semester 2\Deep Learning\Assignment\SE4050-Deep-Learning-Assignment\data\train\India\images\India_006406.jpg,India,1,0,0,0,1,['D40'],D40,train,3069
C:\Users\ASUS\Desktop\SLIIT\Year 4\Semester 2\Deep Learning\Assignment\SE4050-Deep-Learning-Assignment\data\train\India\images\India_006411.jpg,India,3,0,0,0,1,['D40'],D40,test,3070
C:\Users\ASUS\Desktop\SLIIT\Year 4\Semester 2\Deep Learning\Assignment\SE4050-Deep-Learning-Assignment\data\train\India\images\India_006414.jpg,India,1,0,1,0,0,['D10'],D10,val,3071
C:\Users\ASUS\Desktop\SLIIT\Year 4\Semester 2\Deep Learning\Assignment\SE4050-Deep-Learning-Assignment\data\train\India\images\India_006426.jpg,India,1,1,0,0,0,['D00'],D00,val,3072
C:\Users\ASUS\Desktop\SLIIT\Year 4\Semester 2\Deep Learning\Assignment\SE4050-Deep-Learning-Assignment\data\train\India\images\India_006433.jpg,India,9,1,0,1,1,"['D00', 'D20', 'D40']",D00,train,3073
C:\Users\ASUS\Desktop\SLIIT\Year 4\Semester 2\Deep Learning\Assignment\SE4050-Deep-Learning-Assignment\data\train\India\images\India_006441.jpg,India,1,0,0,1,0,['D20'],D20,train,49
C:\Users\ASUS\Desktop\SLIIT\Year 4\Semester 2\Deep Learning\Assignment\SE4050-Deep-Learning-Assignment\data\train\India\images\India_006444.jpg,India,2,0,0,1,1,"['D20', 'D40']",D20,train,3074
C:\Users\ASUS\Desktop\SLIIT\Year 4\Semester 2\Deep Learning\Assignment\SE4050-Deep-Learning-Assignment\data\train\India\images\India_006446.jpg,India,1,0,0,1,0,['D20'],D20,train,3075
C:\Users\ASUS\Desktop\SLIIT\Year 4\Semester 2\Deep Learning\Assignment\SE4050-Deep-Learning-Assignment\data\train\India\images\India_006447.jpg,India,2,0,0,0,1,['D40'],D40,train,3076
C:\Users\ASUS\Desktop\SLIIT\Year 4\Semester 2\Deep Learning\Assignment\SE4050-Deep-Learning-Assignment\data\train\India\images\India_006450.jpg,India,3,1,0,1,1,"['D00', 'D20', 'D40']",D00,val,3077
C:\Users\ASUS\Desktop\SLIIT\Year 4\Semester 2\Deep Learning\Assignment\SE4050-Deep-Learning-Assignment\data\train\India\images\India_006452.jpg,India,1,0,0,0,1,['D40'],D40,train,3078
C:\Users\ASUS\Desktop\SLIIT\Year 4\Semester 2\Deep Learning\Assignment\SE4050-Deep-Learning-Assignment\data\train\India\images\India_006460.jpg,India,2,1,0,0,0,['D00'],D00,train,3079
C:\Users\ASUS\Desktop\SLIIT\Year 4\Semester 2\Deep Learning\Assignment\SE4050-Deep-Learning-Assignment\data\train\India\images\India_006462.jpg,India,1,0,0,0,1,['D40'],D40,train,3080
C:\Users\ASUS\Desktop\SLIIT\Year 4\Semester 2\Deep Learning\Assignment\SE4050-Deep-Learning-Assignment\data\train\India\images\India_006464.jpg,India,3,1,0,0,0,['D00'],D00,val,3081
C:\Users\ASUS\Desktop\SLIIT\Year 4\Semester 2\Deep Learning\Assignment\SE4050-Deep-Learning-Assignment\data\train\India\images\India_006465.jpg,India,6,0,0,0,1,['D40'],D40,train,72
C:\Users\ASUS\Desktop\SLIIT\Year 4\Semester 2\Deep Learning\Assignment\SE4050-Deep-Learning-Assignment\data\train\India\images\India_006466.jpg,India,3,0,0,0,1,['D40'],D40,train,3082
C:\Users\ASUS\Desktop\SLIIT\Year 4\Semester 2\Deep Learning\Assignment\SE4050-Deep-Learning-Assignment\data\train\India\images\India_006469.jpg,India,3,0,0,1,1,"['D20', 'D40']",D20,test,3083
C:\Users\ASUS\Desktop\SLIIT\Year 4\Semester 2\Deep Learning\Assignment\SE4050-Deep-Learning-Assignment\data\train\India\images\India_006473.jpg,India,5,0,0,1,1,"['D20', 'D40']",D20,train,3084
C:\Users\ASUS\Desktop\SLIIT\Year 4\Semester 2\Deep Learning\Assignment\SE4050-Deep-Learning-Assignment\data\train\India\images\India_006474.jpg,India,1,0,0,0,1,['D40'],D40,train,3085
C:\Users\ASUS\Desktop\SLIIT\Year 4\Semester 2\Deep Learning\Assignment\SE4050-Deep-Learning-Assignment\data\train\India\images\India_006476.jpg,India,1,0,0,0,1,['D40'],D40,val,3086
C:\Users\ASUS\Desktop\SLIIT\Year 4\Semester 2\Deep Learning\Assignment\SE4050-Deep-Learning-Assignment\data\train\India\images\India_006479.jpg,India,1,1,0,0,0,['D00'],D00,train,3087
C:\Users\ASUS\Desktop\SLIIT\Year 4\Semester 2\Deep Learning\Assignment\SE4050-Deep-Learning-Assignment\data\train\India\images\India_006488.jpg,India,1,0,0,1,0,['D20'],D20,test,3088
C:\Users\ASUS\Desktop\SLIIT\Year 4\Semester 2\Deep Learning\Assignment\SE4050-Deep-Learning-Assignment\data\train\India\images\India_006490.jpg,India,3,0,1,0,1,"['D10', 'D40']",D10,train,3089
C:\Users\ASUS\Desktop\SLIIT\Year 4\Semester 2\Deep Learning\Assignment\SE4050-Deep-Learning-Assignment\data\train\India\images\India_006491.jpg,India,1,0,0,1,0,['D20'],D20,test,3090
C:\Users\ASUS\Desktop\SLIIT\Year 4\Semester 2\Deep Learning\Assignment\SE4050-Deep-Learning-Assignment\data\train\India\images\India_006493.jpg,India,3,1,0,1,0,"['D00', 'D20']",D00,val,3091
C:\Users\ASUS\Desktop\SLIIT\Year 4\Semester 2\Deep Learning\Assignment\SE4050-Deep-Learning-Assignment\data\train\India\images\India_006495.jpg,India,2,1,0,0,0,['D00'],D00,test,3092
C:\Users\ASUS\Desktop\SLIIT\Year 4\Semester 2\Deep Learning\Assignment\SE4050-Deep-Learning-Assignment\data\train\India\images\India_006498.jpg,India,4,1,0,0,0,['D00'],D00,test,3093
C:\Users\ASUS\Desktop\SLIIT\Year 4\Semester 2\Deep Learning\Assignment\SE4050-Deep-Learning-Assignment\data\train\India\images\India_006502.jpg,India,1,0,0,0,1,['D40'],D40,train,3094
C:\Users\ASUS\Desktop\SLIIT\Year 4\Semester 2\Deep Learning\Assignment\SE4050-Deep-Learning-Assignment\data\train\India\images\India_006518.jpg,India,1,0,0,0,1,['D40'],D40,train,3095
C:\Users\ASUS\Desktop\SLIIT\Year 4\Semester 2\Deep Learning\Assignment\SE4050-Deep-Learning-Assignment\data\train\India\images\India_006519.jpg,India,1,0,0,1,0,['D20'],D20,train,3096
C:\Users\ASUS\Desktop\SLIIT\Year 4\Semester 2\Deep Learning\Assignment\SE4050-Deep-Learning-Assignment\data\train\India\images\India_006520.jpg,India,2,0,0,0,1,['D40'],D40,train,3097
C:\Users\ASUS\Desktop\SLIIT\Year 4\Semester 2\Deep Learning\Assignment\SE4050-Deep-Learning-Assignment\data\train\India\images\India_006524.jpg,India,6,0,0,1,1,"['D20', 'D40']",D20,val,3098
C:\Users\ASUS\Desktop\SLIIT\Year 4\Semester 2\Deep Learning\Assignment\SE4050-Deep-Learning-Assignment\data\train\India\images\India_006529.jpg,India,3,1,0,0,1,"['D00', 'D40']",D00,train,3099
C:\Users\ASUS\Desktop\SLIIT\Year 4\Semester 2\Deep Learning\Assignment\SE4050-Deep-Learning-Assignment\data\train\India\images\India_006530.jpg,India,2,0,0,0,1,['D40'],D40,train,3100
C:\Users\ASUS\Desktop\SLIIT\Year 4\Semester 2\Deep Learning\Assignment\SE4050-Deep-Learning-Assignment\data\train\India\images\India_006532.jpg,India,1,0,0,0,1,['D40'],D40,train,3101
C:\Users\ASUS\Desktop\SLIIT\Year 4\Semester 2\Deep Learning\Assignment\SE4050-Deep-Learning-Assignment\data\train\India\images\India_006533.jpg,India,1,1,0,0,0,['D00'],D00,train,3102
C:\Users\ASUS\Desktop\SLIIT\Year 4\Semester 2\Deep Learning\Assignment\SE4050-Deep-Learning-Assignment\data\train\India\images\India_006535.jpg,India,3,0,0,1,1,"['D20', 'D40']",D20,train,3103
C:\Users\ASUS\Desktop\SLIIT\Year 4\Semester 2\Deep Learning\Assignment\SE4050-Deep-Learning-Assignment\data\train\India\images\India_006536.jpg,India,4,0,0,1,1,"['D20', 'D40']",D20,test,3104
C:\Users\ASUS\Desktop\SLIIT\Year 4\Semester 2\Deep Learning\Assignment\SE4050-Deep-Learning-Assignment\data\train\India\images\India_006537.jpg,India,1,0,0,1,0,['D20'],D20,train,73
C:\Users\ASUS\Desktop\SLIIT\Year 4\Semester 2\Deep Learning\Assignment\SE4050-Deep-Learning-Assignment\data\train\India\images\India_006538.jpg,India,1,1,0,0,0,['D00'],D00,train,3105
C:\Users\ASUS\Desktop\SLIIT\Year 4\Semester 2\Deep Learning\Assignment\SE4050-Deep-Learning-Assignment\data\train\India\images\India_006543.jpg,India,2,1,0,1,0,"['D00', 'D20']",D00,test,3106
C:\Users\ASUS\Desktop\SLIIT\Year 4\Semester 2\Deep Learning\Assignment\SE4050-Deep-Learning-Assignment\data\train\India\images\India_006544.jpg,India,2,0,0,0,1,['D40'],D40,val,3107
C:\Users\ASUS\Desktop\SLIIT\Year 4\Semester 2\Deep Learning\Assignment\SE4050-Deep-Learning-Assignment\data\train\India\images\India_006545.jpg,India,1,0,0,1,0,['D20'],D20,train,0
C:\Users\ASUS\Desktop\SLIIT\Year 4\Semester 2\Deep Learning\Assignment\SE4050-Deep-Learning-Assignment\data\train\India\images\India_006549.jpg,India,2,0,0,0,1,['D40'],D40,train,3108
C:\Users\ASUS\Desktop\SLIIT\Year 4\Semester 2\Deep Learning\Assignment\SE4050-Deep-Learning-Assignment\data\train\India\images\India_006555.jpg,India,2,0,0,0,1,['D40'],D40,train,3109
C:\Users\ASUS\Desktop\SLIIT\Year 4\Semester 2\Deep Learning\Assignment\SE4050-Deep-Learning-Assignment\data\train\India\images\India_006557.jpg,India,1,0,0,1,0,['D20'],D20,train,3110
C:\Users\ASUS\Desktop\SLIIT\Year 4\Semester 2\Deep Learning\Assignment\SE4050-Deep-Learning-Assignment\data\train\India\images\India_006561.jpg,India,3,0,1,0,0,['D10'],D10,test,3111
C:\Users\ASUS\Desktop\SLIIT\Year 4\Semester 2\Deep Learning\Assignment\SE4050-Deep-Learning-Assignment\data\train\India\images\India_006564.jpg,India,2,0,0,0,1,['D40'],D40,train,3112
C:\Users\ASUS\Desktop\SLIIT\Year 4\Semester 2\Deep Learning\Assignment\SE4050-Deep-Learning-Assignment\data\train\India\images\India_006580.jpg,India,2,0,0,1,1,"['D20', 'D40']",D20,test,3113
C:\Users\ASUS\Desktop\SLIIT\Year 4\Semester 2\Deep Learning\Assignment\SE4050-Deep-Learning-Assignment\data\train\India\images\India_006581.jpg,India,4,1,0,0,1,"['D00', 'D40']",D00,train,3114
C:\Users\ASUS\Desktop\SLIIT\Year 4\Semester 2\Deep Learning\Assignment\SE4050-Deep-Learning-Assignment\data\train\India\images\India_006582.jpg,India,3,0,0,1,0,['D20'],D20,val,3115
C:\Users\ASUS\Desktop\SLIIT\Year 4\Semester 2\Deep Learning\Assignment\SE4050-Deep-Learning-Assignment\data\train\India\images\India_006589.jpg,India,1,0,0,1,0,['D20'],D20,train,3116
C:\Users\ASUS\Desktop\SLIIT\Year 4\Semester 2\Deep Learning\Assignment\SE4050-Deep-Learning-Assignment\data\train\India\images\India_006592.jpg,India,2,0,0,1,0,['D20'],D20,train,3117
C:\Users\ASUS\Desktop\SLIIT\Year 4\Semester 2\Deep Learning\Assignment\SE4050-Deep-Learning-Assignment\data\train\India\images\India_006593.jpg,India,1,0,0,0,1,['D40'],D40,train,3118
C:\Users\ASUS\Desktop\SLIIT\Year 4\Semester 2\Deep Learning\Assignment\SE4050-Deep-Learning-Assignment\data\train\India\images\India_006594.jpg,India,1,0,0,1,0,['D20'],D20,train,3119
C:\Users\ASUS\Desktop\SLIIT\Year 4\Semester 2\Deep Learning\Assignment\SE4050-Deep-Learning-Assignment\data\train\India\images\India_006595.jpg,India,3,1,0,0,1,"['D00', 'D40']",D00,val,3120
C:\Users\ASUS\Desktop\SLIIT\Year 4\Semester 2\Deep Learning\Assignment\SE4050-Deep-Learning-Assignment\data\train\India\images\India_006598.jpg,India,1,0,0,1,0,['D20'],D20,train,3121
C:\Users\ASUS\Desktop\SLIIT\Year 4\Semester 2\Deep Learning\Assignment\SE4050-Deep-Learning-Assignment\data\train\India\images\India_006601.jpg,India,3,0,0,1,1,"['D20', 'D40']",D20,train,3122
C:\Users\ASUS\Desktop\SLIIT\Year 4\Semester 2\Deep Learning\Assignment\SE4050-Deep-Learning-Assignment\data\train\India\images\India_006602.jpg,India,1,1,0,0,0,['D00'],D00,val,3123
C:\Users\ASUS\Desktop\SLIIT\Year 4\Semester 2\Deep Learning\Assignment\SE4050-Deep-Learning-Assignment\data\train\India\images\India_006603.jpg,India,6,0,0,1,1,"['D20', 'D40']",D20,train,3124
C:\Users\ASUS\Desktop\SLIIT\Year 4\Semester 2\Deep Learning\Assignment\SE4050-Deep-Learning-Assignment\data\train\India\images\India_006607.jpg,India,3,1,0,1,0,"['D00', 'D20']",D00,train,3125
C:\Users\ASUS\Desktop\SLIIT\Year 4\Semester 2\Deep Learning\Assignment\SE4050-Deep-Learning-Assignment\data\train\India\images\India_006608.jpg,India,1,0,0,0,1,['D40'],D40,test,3126
C:\Users\ASUS\Desktop\SLIIT\Year 4\Semester 2\Deep Learning\Assignment\SE4050-Deep-Learning-Assignment\data\train\India\images\India_006613.jpg,India,5,1,0,1,1,"['D00', 'D20', 'D40']",D00,test,3127
C:\Users\ASUS\Desktop\SLIIT\Year 4\Semester 2\Deep Learning\Assignment\SE4050-Deep-Learning-Assignment\data\train\India\images\India_006614.jpg,India,4,0,0,1,1,"['D20', 'D40']",D20,val,3128
C:\Users\ASUS\Desktop\SLIIT\Year 4\Semester 2\Deep Learning\Assignment\SE4050-Deep-Learning-Assignment\data\train\India\images\India_006619.jpg,India,5,1,1,0,1,"['D00', 'D10', 'D40']",D00,train,3129
C:\Users\ASUS\Desktop\SLIIT\Year 4\Semester 2\Deep Learning\Assignment\SE4050-Deep-Learning-Assignment\data\train\India\images\India_006622.jpg,India,3,0,0,1,1,"['D20', 'D40']",D20,test,3130
C:\Users\ASUS\Desktop\SLIIT\Year 4\Semester 2\Deep Learning\Assignment\SE4050-Deep-Learning-Assignment\data\train\India\images\India_006627.jpg,India,5,1,0,0,0,['D00'],D00,train,3131
C:\Users\ASUS\Desktop\SLIIT\Year 4\Semester 2\Deep Learning\Assignment\SE4050-Deep-Learning-Assignment\data\train\India\images\India_006630.jpg,India,5,0,0,1,1,"['D20', 'D40']",D20,train,3132
C:\Users\ASUS\Desktop\SLIIT\Year 4\Semester 2\Deep Learning\Assignment\SE4050-Deep-Learning-Assignment\data\train\India\images\India_006633.jpg,India,3,0,0,1,1,"['D20', 'D40']",D20,val,3133
C:\Users\ASUS\Desktop\SLIIT\Year 4\Semester 2\Deep Learning\Assignment\SE4050-Deep-Learning-Assignment\data\train\India\images\India_006634.jpg,India,1,0,0,0,1,['D40'],D40,train,3134
C:\Users\ASUS\Desktop\SLIIT\Year 4\Semester 2\Deep Learning\Assignment\SE4050-Deep-Learning-Assignment\data\train\India\images\India_006640.jpg,India,5,0,0,1,1,"['D20', 'D40']",D20,train,3135
C:\Users\ASUS\Desktop\SLIIT\Year 4\Semester 2\Deep Learning\Assignment\SE4050-Deep-Learning-Assignment\data\train\India\images\India_006643.jpg,India,3,0,0,1,0,['D20'],D20,train,3136
C:\Users\ASUS\Desktop\SLIIT\Year 4\Semester 2\Deep Learning\Assignment\SE4050-Deep-Learning-Assignment\data\train\India\images\India_006644.jpg,India,1,0,0,1,0,['D20'],D20,train,3137
C:\Users\ASUS\Desktop\SLIIT\Year 4\Semester 2\Deep Learning\Assignment\SE4050-Deep-Learning-Assignment\data\train\India\images\India_006645.jpg,India,3,0,0,1,0,['D20'],D20,train,0
C:\Users\ASUS\Desktop\SLIIT\Year 4\Semester 2\Deep Learning\Assignment\SE4050-Deep-Learning-Assignment\data\train\India\images\India_006646.jpg,India,1,1,0,0,0,['D00'],D00,train,3138
C:\Users\ASUS\Desktop\SLIIT\Year 4\Semester 2\Deep Learning\Assignment\SE4050-Deep-Learning-Assignment\data\train\India\images\India_006647.jpg,India,2,0,0,0,1,['D40'],D40,train,3139
C:\Users\ASUS\Desktop\SLIIT\Year 4\Semester 2\Deep Learning\Assignment\SE4050-Deep-Learning-Assignment\data\train\India\images\India_006651.jpg,India,2,0,0,1,1,"['D20', 'D40']",D20,val,3140
C:\Users\ASUS\Desktop\SLIIT\Year 4\Semester 2\Deep Learning\Assignment\SE4050-Deep-Learning-Assignment\data\train\India\images\India_006654.jpg,India,1,0,0,1,0,['D20'],D20,train,3141
C:\Users\ASUS\Desktop\SLIIT\Year 4\Semester 2\Deep Learning\Assignment\SE4050-Deep-Learning-Assignment\data\train\India\images\India_006656.jpg,India,1,0,0,1,0,['D20'],D20,train,3142
C:\Users\ASUS\Desktop\SLIIT\Year 4\Semester 2\Deep Learning\Assignment\SE4050-Deep-Learning-Assignment\data\train\India\images\India_006663.jpg,India,1,0,0,1,0,['D20'],D20,train,73
C:\Users\ASUS\Desktop\SLIIT\Year 4\Semester 2\Deep Learning\Assignment\SE4050-Deep-Learning-Assignment\data\train\India\images\India_006665.jpg,India,2,0,0,0,1,['D40'],D40,val,3143
C:\Users\ASUS\Desktop\SLIIT\Year 4\Semester 2\Deep Learning\Assignment\SE4050-Deep-Learning-Assignment\data\train\India\images\India_006666.jpg,India,1,0,0,1,0,['D20'],D20,train,3144
C:\Users\ASUS\Desktop\SLIIT\Year 4\Semester 2\Deep Learning\Assignment\SE4050-Deep-Learning-Assignment\data\train\India\images\India_006668.jpg,India,3,1,0,1,0,"['D00', 'D20']",D00,test,3145
C:\Users\ASUS\Desktop\SLIIT\Year 4\Semester 2\Deep Learning\Assignment\SE4050-Deep-Learning-Assignment\data\train\India\images\India_006670.jpg,India,5,1,0,1,1,"['D00', 'D20', 'D40']",D00,train,3146
C:\Users\ASUS\Desktop\SLIIT\Year 4\Semester 2\Deep Learning\Assignment\SE4050-Deep-Learning-Assignment\data\train\India\images\India_006672.jpg,India,3,0,0,1,1,"['D20', 'D40']",D20,train,3147
C:\Users\ASUS\Desktop\SLIIT\Year 4\Semester 2\Deep Learning\Assignment\SE4050-Deep-Learning-Assignment\data\train\India\images\India_006673.jpg,India,3,0,0,0,1,['D40'],D40,train,3148
C:\Users\ASUS\Desktop\SLIIT\Year 4\Semester 2\Deep Learning\Assignment\SE4050-Deep-Learning-Assignment\data\train\India\images\India_006674.jpg,India,2,1,0,1,0,"['D00', 'D20']",D00,train,3149
C:\Users\ASUS\Desktop\SLIIT\Year 4\Semester 2\Deep Learning\Assignment\SE4050-Deep-Learning-Assignment\data\train\India\images\India_006675.jpg,India,2,0,0,1,0,['D20'],D20,train,3150
C:\Users\ASUS\Desktop\SLIIT\Year 4\Semester 2\Deep Learning\Assignment\SE4050-Deep-Learning-Assignment\data\train\India\images\India_006676.jpg,India,2,1,0,0,0,['D00'],D00,val,3151
C:\Users\ASUS\Desktop\SLIIT\Year 4\Semester 2\Deep Learning\Assignment\SE4050-Deep-Learning-Assignment\data\train\India\images\India_006677.jpg,India,1,0,0,0,1,['D40'],D40,val,3152
C:\Users\ASUS\Desktop\SLIIT\Year 4\Semester 2\Deep Learning\Assignment\SE4050-Deep-Learning-Assignment\data\train\India\images\India_006690.jpg,India,1,1,0,0,0,['D00'],D00,train,3153
C:\Users\ASUS\Desktop\SLIIT\Year 4\Semester 2\Deep Learning\Assignment\SE4050-Deep-Learning-Assignment\data\train\India\images\India_006691.jpg,India,4,0,0,0,1,['D40'],D40,train,3154
C:\Users\ASUS\Desktop\SLIIT\Year 4\Semester 2\Deep Learning\Assignment\SE4050-Deep-Learning-Assignment\data\train\India\images\India_006692.jpg,India,2,0,0,1,0,['D20'],D20,train,0
C:\Users\ASUS\Desktop\SLIIT\Year 4\Semester 2\Deep Learning\Assignment\SE4050-Deep-Learning-Assignment\data\train\India\images\India_006697.jpg,India,1,0,0,0,1,['D40'],D40,val,3155
C:\Users\ASUS\Desktop\SLIIT\Year 4\Semester 2\Deep Learning\Assignment\SE4050-Deep-Learning-Assignment\data\train\India\images\India_006698.jpg,India,1,1,0,0,0,['D00'],D00,train,3156
C:\Users\ASUS\Desktop\SLIIT\Year 4\Semester 2\Deep Learning\Assignment\SE4050-Deep-Learning-Assignment\data\train\India\images\India_006699.jpg,India,5,0,0,1,1,"['D20', 'D40']",D20,train,3157
C:\Users\ASUS\Desktop\SLIIT\Year 4\Semester 2\Deep Learning\Assignment\SE4050-Deep-Learning-Assignment\data\train\India\images\India_006702.jpg,India,1,0,0,0,1,['D40'],D40,test,3158
C:\Users\ASUS\Desktop\SLIIT\Year 4\Semester 2\Deep Learning\Assignment\SE4050-Deep-Learning-Assignment\data\train\India\images\India_006704.jpg,India,1,1,0,0,0,['D00'],D00,train,3159
C:\Users\ASUS\Desktop\SLIIT\Year 4\Semester 2\Deep Learning\Assignment\SE4050-Deep-Learning-Assignment\data\train\India\images\India_006705.jpg,India,3,1,0,0,0,['D00'],D00,train,10
C:\Users\ASUS\Desktop\SLIIT\Year 4\Semester 2\Deep Learning\Assignment\SE4050-Deep-Learning-Assignment\data\train\India\images\India_006707.jpg,India,7,0,0,1,1,"['D20', 'D40']",D20,train,3160
C:\Users\ASUS\Desktop\SLIIT\Year 4\Semester 2\Deep Learning\Assignment\SE4050-Deep-Learning-Assignment\data\train\India\images\India_006710.jpg,India,3,0,0,0,1,['D40'],D40,train,3161
C:\Users\ASUS\Desktop\SLIIT\Year 4\Semester 2\Deep Learning\Assignment\SE4050-Deep-Learning-Assignment\data\train\India\images\India_006713.jpg,India,6,1,0,0,1,"['D00', 'D40']",D00,train,3162
C:\Users\ASUS\Desktop\SLIIT\Year 4\Semester 2\Deep Learning\Assignment\SE4050-Deep-Learning-Assignment\data\train\India\images\India_006714.jpg,India,1,0,0,0,1,['D40'],D40,train,3163
C:\Users\ASUS\Desktop\SLIIT\Year 4\Semester 2\Deep Learning\Assignment\SE4050-Deep-Learning-Assignment\data\train\India\images\India_006715.jpg,India,1,0,0,1,0,['D20'],D20,train,3164
C:\Users\ASUS\Desktop\SLIIT\Year 4\Semester 2\Deep Learning\Assignment\SE4050-Deep-Learning-Assignment\data\train\India\images\India_006727.jpg,India,1,0,0,1,0,['D20'],D20,train,3165
C:\Users\ASUS\Desktop\SLIIT\Year 4\Semester 2\Deep Learning\Assignment\SE4050-Deep-Learning-Assignment\data\train\India\images\India_006730.jpg,India,1,0,0,1,0,['D20'],D20,train,0
C:\Users\ASUS\Desktop\SLIIT\Year 4\Semester 2\Deep Learning\Assignment\SE4050-Deep-Learning-Assignment\data\train\India\images\India_006736.jpg,India,1,0,1,0,0,['D10'],D10,train,3166
C:\Users\ASUS\Desktop\SLIIT\Year 4\Semester 2\Deep Learning\Assignment\SE4050-Deep-Learning-Assignment\data\train\India\images\India_006739.jpg,India,2,0,0,0,1,['D40'],D40,test,3167
C:\Users\ASUS\Desktop\SLIIT\Year 4\Semester 2\Deep Learning\Assignment\SE4050-Deep-Learning-Assignment\data\train\India\images\India_006749.jpg,India,2,0,0,1,1,"['D20', 'D40']",D20,test,3168
C:\Users\ASUS\Desktop\SLIIT\Year 4\Semester 2\Deep Learning\Assignment\SE4050-Deep-Learning-Assignment\data\train\India\images\India_006751.jpg,India,2,0,0,0,1,['D40'],D40,train,3169
C:\Users\ASUS\Desktop\SLIIT\Year 4\Semester 2\Deep Learning\Assignment\SE4050-Deep-Learning-Assignment\data\train\India\images\India_006756.jpg,India,2,0,0,1,1,"['D20', 'D40']",D20,test,4
C:\Users\ASUS\Desktop\SLIIT\Year 4\Semester 2\Deep Learning\Assignment\SE4050-Deep-Learning-Assignment\data\train\India\images\India_006759.jpg,India,2,1,0,1,0,"['D00', 'D20']",D00,train,3170
C:\Users\ASUS\Desktop\SLIIT\Year 4\Semester 2\Deep Learning\Assignment\SE4050-Deep-Learning-Assignment\data\train\India\images\India_006760.jpg,India,3,0,0,1,1,"['D20', 'D40']",D20,val,3171
C:\Users\ASUS\Desktop\SLIIT\Year 4\Semester 2\Deep Learning\Assignment\SE4050-Deep-Learning-Assignment\data\train\India\images\India_006767.jpg,India,5,1,1,0,1,"['D00', 'D10', 'D40']",D00,train,3172
C:\Users\ASUS\Desktop\SLIIT\Year 4\Semester 2\Deep Learning\Assignment\SE4050-Deep-Learning-Assignment\data\train\India\images\India_006768.jpg,India,5,0,0,0,1,['D40'],D40,train,3173
C:\Users\ASUS\Desktop\SLIIT\Year 4\Semester 2\Deep Learning\Assignment\SE4050-Deep-Learning-Assignment\data\train\India\images\India_006769.jpg,India,1,0,0,1,0,['D20'],D20,train,3174
C:\Users\ASUS\Desktop\SLIIT\Year 4\Semester 2\Deep Learning\Assignment\SE4050-Deep-Learning-Assignment\data\train\India\images\India_006773.jpg,India,1,1,0,0,0,['D00'],D00,train,3175
C:\Users\ASUS\Desktop\SLIIT\Year 4\Semester 2\Deep Learning\Assignment\SE4050-Deep-Learning-Assignment\data\train\India\images\India_006777.jpg,India,2,0,0,0,1,['D40'],D40,train,3176
C:\Users\ASUS\Desktop\SLIIT\Year 4\Semester 2\Deep Learning\Assignment\SE4050-Deep-Learning-Assignment\data\train\India\images\India_006779.jpg,India,2,0,0,1,0,['D20'],D20,test,3177
C:\Users\ASUS\Desktop\SLIIT\Year 4\Semester 2\Deep Learning\Assignment\SE4050-Deep-Learning-Assignment\data\train\India\images\India_006780.jpg,India,2,0,0,1,1,"['D20', 'D40']",D20,train,3178
C:\Users\ASUS\Desktop\SLIIT\Year 4\Semester 2\Deep Learning\Assignment\SE4050-Deep-Learning-Assignment\data\train\India\images\India_006781.jpg,India,2,0,0,1,0,['D20'],D20,val,3179
C:\Users\ASUS\Desktop\SLIIT\Year 4\Semester 2\Deep Learning\Assignment\SE4050-Deep-Learning-Assignment\data\train\India\images\India_006787.jpg,India,6,1,0,1,1,"['D00', 'D20', 'D40']",D00,train,3180
C:\Users\ASUS\Desktop\SLIIT\Year 4\Semester 2\Deep Learning\Assignment\SE4050-Deep-Learning-Assignment\data\train\India\images\India_006789.jpg,India,2,0,0,1,0,['D20'],D20,train,3181
C:\Users\ASUS\Desktop\SLIIT\Year 4\Semester 2\Deep Learning\Assignment\SE4050-Deep-Learning-Assignment\data\train\India\images\India_006794.jpg,India,2,0,0,0,1,['D40'],D40,test,3182
C:\Users\ASUS\Desktop\SLIIT\Year 4\Semester 2\Deep Learning\Assignment\SE4050-Deep-Learning-Assignment\data\train\India\images\India_006808.jpg,India,1,0,0,0,1,['D40'],D40,train,72
C:\Users\ASUS\Desktop\SLIIT\Year 4\Semester 2\Deep Learning\Assignment\SE4050-Deep-Learning-Assignment\data\train\India\images\India_006809.jpg,India,2,1,0,0,0,['D00'],D00,train,3183
C:\Users\ASUS\Desktop\SLIIT\Year 4\Semester 2\Deep Learning\Assignment\SE4050-Deep-Learning-Assignment\data\train\India\images\India_006811.jpg,India,1,0,0,1,0,['D20'],D20,train,3184
C:\Users\ASUS\Desktop\SLIIT\Year 4\Semester 2\Deep Learning\Assignment\SE4050-Deep-Learning-Assignment\data\train\India\images\India_006813.jpg,India,1,1,0,0,0,['D00'],D00,train,56
C:\Users\ASUS\Desktop\SLIIT\Year 4\Semester 2\Deep Learning\Assignment\SE4050-Deep-Learning-Assignment\data\train\India\images\India_006815.jpg,India,2,0,0,1,0,['D20'],D20,train,3185
C:\Users\ASUS\Desktop\SLIIT\Year 4\Semester 2\Deep Learning\Assignment\SE4050-Deep-Learning-Assignment\data\train\India\images\India_006817.jpg,India,1,0,0,1,0,['D20'],D20,train,66
C:\Users\ASUS\Desktop\SLIIT\Year 4\Semester 2\Deep Learning\Assignment\SE4050-Deep-Learning-Assignment\data\train\India\images\India_006820.jpg,India,2,0,0,1,0,['D20'],D20,train,0
C:\Users\ASUS\Desktop\SLIIT\Year 4\Semester 2\Deep Learning\Assignment\SE4050-Deep-Learning-Assignment\data\train\India\images\India_006822.jpg,India,2,1,0,1,0,"['D00', 'D20']",D00,train,3186
C:\Users\ASUS\Desktop\SLIIT\Year 4\Semester 2\Deep Learning\Assignment\SE4050-Deep-Learning-Assignment\data\train\India\images\India_006823.jpg,India,2,0,0,1,0,['D20'],D20,train,3187
C:\Users\ASUS\Desktop\SLIIT\Year 4\Semester 2\Deep Learning\Assignment\SE4050-Deep-Learning-Assignment\data\train\India\images\India_006825.jpg,India,1,0,0,1,0,['D20'],D20,train,3188
C:\Users\ASUS\Desktop\SLIIT\Year 4\Semester 2\Deep Learning\Assignment\SE4050-Deep-Learning-Assignment\data\train\India\images\India_006831.jpg,India,1,0,0,1,0,['D20'],D20,val,3189
C:\Users\ASUS\Desktop\SLIIT\Year 4\Semester 2\Deep Learning\Assignment\SE4050-Deep-Learning-Assignment\data\train\India\images\India_006832.jpg,India,3,0,0,1,0,['D20'],D20,val,3190
C:\Users\ASUS\Desktop\SLIIT\Year 4\Semester 2\Deep Learning\Assignment\SE4050-Deep-Learning-Assignment\data\train\India\images\India_006835.jpg,India,1,0,0,1,0,['D20'],D20,train,2
C:\Users\ASUS\Desktop\SLIIT\Year 4\Semester 2\Deep Learning\Assignment\SE4050-Deep-Learning-Assignment\data\train\India\images\India_006839.jpg,India,3,0,0,1,0,['D20'],D20,train,3191
C:\Users\ASUS\Desktop\SLIIT\Year 4\Semester 2\Deep Learning\Assignment\SE4050-Deep-Learning-Assignment\data\train\India\images\India_006843.jpg,India,1,0,0,1,0,['D20'],D20,val,3192
C:\Users\ASUS\Desktop\SLIIT\Year 4\Semester 2\Deep Learning\Assignment\SE4050-Deep-Learning-Assignment\data\train\India\images\India_006844.jpg,India,1,1,0,0,0,['D00'],D00,val,3193
C:\Users\ASUS\Desktop\SLIIT\Year 4\Semester 2\Deep Learning\Assignment\SE4050-Deep-Learning-Assignment\data\train\India\images\India_006845.jpg,India,1,0,0,0,1,['D40'],D40,train,3194
C:\Users\ASUS\Desktop\SLIIT\Year 4\Semester 2\Deep Learning\Assignment\SE4050-Deep-Learning-Assignment\data\train\India\images\India_006847.jpg,India,3,0,0,0,1,['D40'],D40,train,3195
C:\Users\ASUS\Desktop\SLIIT\Year 4\Semester 2\Deep Learning\Assignment\SE4050-Deep-Learning-Assignment\data\train\India\images\India_006850.jpg,India,3,0,0,1,0,['D20'],D20,test,3196
C:\Users\ASUS\Desktop\SLIIT\Year 4\Semester 2\Deep Learning\Assignment\SE4050-Deep-Learning-Assignment\data\train\India\images\India_006851.jpg,India,2,0,0,0,1,['D40'],D40,train,3197
C:\Users\ASUS\Desktop\SLIIT\Year 4\Semester 2\Deep Learning\Assignment\SE4050-Deep-Learning-Assignment\data\train\India\images\India_006862.jpg,India,9,1,0,1,1,"['D00', 'D20', 'D40']",D00,val,3198
C:\Users\ASUS\Desktop\SLIIT\Year 4\Semester 2\Deep Learning\Assignment\SE4050-Deep-Learning-Assignment\data\train\India\images\India_006863.jpg,India,1,0,0,1,0,['D20'],D20,train,3199
C:\Users\ASUS\Desktop\SLIIT\Year 4\Semester 2\Deep Learning\Assignment\SE4050-Deep-Learning-Assignment\data\train\India\images\India_006867.jpg,India,1,1,0,0,0,['D00'],D00,train,3200
C:\Users\ASUS\Desktop\SLIIT\Year 4\Semester 2\Deep Learning\Assignment\SE4050-Deep-Learning-Assignment\data\train\India\images\India_006873.jpg,India,2,0,0,1,1,"['D20', 'D40']",D20,train,3201
C:\Users\ASUS\Desktop\SLIIT\Year 4\Semester 2\Deep Learning\Assignment\SE4050-Deep-Learning-Assignment\data\train\India\images\India_006874.jpg,India,3,1,0,1,1,"['D00', 'D20', 'D40']",D00,train,3202
C:\Users\ASUS\Desktop\SLIIT\Year 4\Semester 2\Deep Learning\Assignment\SE4050-Deep-Learning-Assignment\data\train\India\images\India_006876.jpg,India,1,0,0,1,0,['D20'],D20,train,3203
C:\Users\ASUS\Desktop\SLIIT\Year 4\Semester 2\Deep Learning\Assignment\SE4050-Deep-Learning-Assignment\data\train\India\images\India_006882.jpg,India,2,0,0,1,0,['D20'],D20,val,3204
C:\Users\ASUS\Desktop\SLIIT\Year 4\Semester 2\Deep Learning\Assignment\SE4050-Deep-Learning-Assignment\data\train\India\images\India_006883.jpg,India,3,0,0,0,1,['D40'],D40,train,3205
C:\Users\ASUS\Desktop\SLIIT\Year 4\Semester 2\Deep Learning\Assignment\SE4050-Deep-Learning-Assignment\data\train\India\images\India_006885.jpg,India,1,0,0,1,0,['D20'],D20,train,3206
C:\Users\ASUS\Desktop\SLIIT\Year 4\Semester 2\Deep Learning\Assignment\SE4050-Deep-Learning-Assignment\data\train\India\images\India_006888.jpg,India,1,1,0,0,0,['D00'],D00,train,3207
C:\Users\ASUS\Desktop\SLIIT\Year 4\Semester 2\Deep Learning\Assignment\SE4050-Deep-Learning-Assignment\data\train\India\images\India_006889.jpg,India,4,1,0,1,1,"['D00', 'D20', 'D40']",D00,train,3208
C:\Users\ASUS\Desktop\SLIIT\Year 4\Semester 2\Deep Learning\Assignment\SE4050-Deep-Learning-Assignment\data\train\India\images\India_006893.jpg,India,3,1,0,0,0,['D00'],D00,train,3209
C:\Users\ASUS\Desktop\SLIIT\Year 4\Semester 2\Deep Learning\Assignment\SE4050-Deep-Learning-Assignment\data\train\India\images\India_006896.jpg,India,1,0,0,0,1,['D40'],D40,test,3210
C:\Users\ASUS\Desktop\SLIIT\Year 4\Semester 2\Deep Learning\Assignment\SE4050-Deep-Learning-Assignment\data\train\India\images\India_006899.jpg,India,1,0,0,0,1,['D40'],D40,train,3211
C:\Users\ASUS\Desktop\SLIIT\Year 4\Semester 2\Deep Learning\Assignment\SE4050-Deep-Learning-Assignment\data\train\India\images\India_006901.jpg,India,2,1,0,0,0,['D00'],D00,test,3212
C:\Users\ASUS\Desktop\SLIIT\Year 4\Semester 2\Deep Learning\Assignment\SE4050-Deep-Learning-Assignment\data\train\India\images\India_006910.jpg,India,2,0,0,0,1,['D40'],D40,train,3213
C:\Users\ASUS\Desktop\SLIIT\Year 4\Semester 2\Deep Learning\Assignment\SE4050-Deep-Learning-Assignment\data\train\India\images\India_006912.jpg,India,4,0,0,0,1,['D40'],D40,val,3214
C:\Users\ASUS\Desktop\SLIIT\Year 4\Semester 2\Deep Learning\Assignment\SE4050-Deep-Learning-Assignment\data\train\India\images\India_006920.jpg,India,3,0,0,0,1,['D40'],D40,test,3215
C:\Users\ASUS\Desktop\SLIIT\Year 4\Semester 2\Deep Learning\Assignment\SE4050-Deep-Learning-Assignment\data\train\India\images\India_006925.jpg,India,1,0,0,1,0,['D20'],D20,train,3216
C:\Users\ASUS\Desktop\SLIIT\Year 4\Semester 2\Deep Learning\Assignment\SE4050-Deep-Learning-Assignment\data\train\India\images\India_006928.jpg,India,1,0,0,0,1,['D40'],D40,train,3217
C:\Users\ASUS\Desktop\SLIIT\Year 4\Semester 2\Deep Learning\Assignment\SE4050-Deep-Learning-Assignment\data\train\India\images\India_006933.jpg,India,3,0,0,0,1,['D40'],D40,train,3218
C:\Users\ASUS\Desktop\SLIIT\Year 4\Semester 2\Deep Learning\Assignment\SE4050-Deep-Learning-Assignment\data\train\India\images\India_006936.jpg,India,2,0,0,1,0,['D20'],D20,val,3219
C:\Users\ASUS\Desktop\SLIIT\Year 4\Semester 2\Deep Learning\Assignment\SE4050-Deep-Learning-Assignment\data\train\India\images\India_006938.jpg,India,3,1,0,0,1,"['D00', 'D40']",D00,train,3220
C:\Users\ASUS\Desktop\SLIIT\Year 4\Semester 2\Deep Learning\Assignment\SE4050-Deep-Learning-Assignment\data\train\India\images\India_006943.jpg,India,1,0,0,1,0,['D20'],D20,train,3221
C:\Users\ASUS\Desktop\SLIIT\Year 4\Semester 2\Deep Learning\Assignment\SE4050-Deep-Learning-Assignment\data\train\India\images\India_006945.jpg,India,2,0,0,0,1,['D40'],D40,train,3222
C:\Users\ASUS\Desktop\SLIIT\Year 4\Semester 2\Deep Learning\Assignment\SE4050-Deep-Learning-Assignment\data\train\India\images\India_006952.jpg,India,2,1,0,0,0,['D00'],D00,val,3223
C:\Users\ASUS\Desktop\SLIIT\Year 4\Semester 2\Deep Learning\Assignment\SE4050-Deep-Learning-Assignment\data\train\India\images\India_006953.jpg,India,1,0,0,0,1,['D40'],D40,train,3224
C:\Users\ASUS\Desktop\SLIIT\Year 4\Semester 2\Deep Learning\Assignment\SE4050-Deep-Learning-Assignment\data\train\India\images\India_006960.jpg,India,1,1,0,0,0,['D00'],D00,train,3225
C:\Users\ASUS\Desktop\SLIIT\Year 4\Semester 2\Deep Learning\Assignment\SE4050-Deep-Learning-Assignment\data\train\India\images\India_006962.jpg,India,1,0,0,0,1,['D40'],D40,train,3226
C:\Users\ASUS\Desktop\SLIIT\Year 4\Semester 2\Deep Learning\Assignment\SE4050-Deep-Learning-Assignment\data\train\India\images\India_006967.jpg,India,5,0,1,1,1,"['D10', 'D20', 'D40']",D10,train,3227
C:\Users\ASUS\Desktop\SLIIT\Year 4\Semester 2\Deep Learning\Assignment\SE4050-Deep-Learning-Assignment\data\train\India\images\India_006968.jpg,India,4,0,0,1,0,['D20'],D20,val,3228
C:\Users\ASUS\Desktop\SLIIT\Year 4\Semester 2\Deep Learning\Assignment\SE4050-Deep-Learning-Assignment\data\train\India\images\India_006970.jpg,India,3,0,0,0,1,['D40'],D40,train,3229
C:\Users\ASUS\Desktop\SLIIT\Year 4\Semester 2\Deep Learning\Assignment\SE4050-Deep-Learning-Assignment\data\train\India\images\India_006973.jpg,India,5,0,0,0,1,['D40'],D40,val,3230
C:\Users\ASUS\Desktop\SLIIT\Year 4\Semester 2\Deep Learning\Assignment\SE4050-Deep-Learning-Assignment\data\train\India\images\India_006974.jpg,India,3,0,0,0,1,['D40'],D40,train,3231
C:\Users\ASUS\Desktop\SLIIT\Year 4\Semester 2\Deep Learning\Assignment\SE4050-Deep-Learning-Assignment\data\train\India\images\India_006976.jpg,India,1,0,0,1,0,['D20'],D20,train,3232
C:\Users\ASUS\Desktop\SLIIT\Year 4\Semester 2\Deep Learning\Assignment\SE4050-Deep-Learning-Assignment\data\train\India\images\India_006977.jpg,India,9,1,0,1,1,"['D00', 'D20', 'D40']",D00,test,3233
C:\Users\ASUS\Desktop\SLIIT\Year 4\Semester 2\Deep Learning\Assignment\SE4050-Deep-Learning-Assignment\data\train\India\images\India_006982.jpg,India,2,1,0,0,0,['D00'],D00,val,3234
C:\Users\ASUS\Desktop\SLIIT\Year 4\Semester 2\Deep Learning\Assignment\SE4050-Deep-Learning-Assignment\data\train\India\images\India_006983.jpg,India,1,0,0,1,0,['D20'],D20,test,3235
C:\Users\ASUS\Desktop\SLIIT\Year 4\Semester 2\Deep Learning\Assignment\SE4050-Deep-Learning-Assignment\data\train\India\images\India_006988.jpg,India,1,0,0,1,0,['D20'],D20,train,3236
C:\Users\ASUS\Desktop\SLIIT\Year 4\Semester 2\Deep Learning\Assignment\SE4050-Deep-Learning-Assignment\data\train\India\images\India_006995.jpg,India,4,0,0,1,1,"['D20', 'D40']",D20,test,3237
C:\Users\ASUS\Desktop\SLIIT\Year 4\Semester 2\Deep Learning\Assignment\SE4050-Deep-Learning-Assignment\data\train\India\images\India_006998.jpg,India,1,0,0,0,1,['D40'],D40,train,3238
C:\Users\ASUS\Desktop\SLIIT\Year 4\Semester 2\Deep Learning\Assignment\SE4050-Deep-Learning-Assignment\data\train\India\images\India_006999.jpg,India,3,0,0,0,1,['D40'],D40,train,3239
C:\Users\ASUS\Desktop\SLIIT\Year 4\Semester 2\Deep Learning\Assignment\SE4050-Deep-Learning-Assignment\data\train\India\images\India_007000.jpg,India,5,1,0,0,1,"['D00', 'D40']",D00,train,3240
C:\Users\ASUS\Desktop\SLIIT\Year 4\Semester 2\Deep Learning\Assignment\SE4050-Deep-Learning-Assignment\data\train\India\images\India_007001.jpg,India,2,1,0,0,1,"['D00', 'D40']",D00,val,3241
C:\Users\ASUS\Desktop\SLIIT\Year 4\Semester 2\Deep Learning\Assignment\SE4050-Deep-Learning-Assignment\data\train\India\images\India_007002.jpg,India,5,0,0,1,1,"['D20', 'D40']",D20,train,3242
C:\Users\ASUS\Desktop\SLIIT\Year 4\Semester 2\Deep Learning\Assignment\SE4050-Deep-Learning-Assignment\data\train\India\images\India_007007.jpg,India,2,0,0,0,1,['D40'],D40,train,3243
C:\Users\ASUS\Desktop\SLIIT\Year 4\Semester 2\Deep Learning\Assignment\SE4050-Deep-Learning-Assignment\data\train\India\images\India_007008.jpg,India,1,1,0,0,0,['D00'],D00,train,3244
C:\Users\ASUS\Desktop\SLIIT\Year 4\Semester 2\Deep Learning\Assignment\SE4050-Deep-Learning-Assignment\data\train\India\images\India_007009.jpg,India,1,0,0,1,0,['D20'],D20,train,3245
C:\Users\ASUS\Desktop\SLIIT\Year 4\Semester 2\Deep Learning\Assignment\SE4050-Deep-Learning-Assignment\data\train\India\images\India_007016.jpg,India,1,0,0,1,0,['D20'],D20,train,3246
C:\Users\ASUS\Desktop\SLIIT\Year 4\Semester 2\Deep Learning\Assignment\SE4050-Deep-Learning-Assignment\data\train\India\images\India_007024.jpg,India,2,0,0,1,0,['D20'],D20,train,3247
C:\Users\ASUS\Desktop\SLIIT\Year 4\Semester 2\Deep Learning\Assignment\SE4050-Deep-Learning-Assignment\data\train\India\images\India_007033.jpg,India,4,1,0,1,0,"['D00', 'D20']",D00,train,3248
C:\Users\ASUS\Desktop\SLIIT\Year 4\Semester 2\Deep Learning\Assignment\SE4050-Deep-Learning-Assignment\data\train\India\images\India_007034.jpg,India,4,1,0,1,1,"['D00', 'D20', 'D40']",D00,train,3249
C:\Users\ASUS\Desktop\SLIIT\Year 4\Semester 2\Deep Learning\Assignment\SE4050-Deep-Learning-Assignment\data\train\India\images\India_007037.jpg,India,1,0,0,1,0,['D20'],D20,train,0
C:\Users\ASUS\Desktop\SLIIT\Year 4\Semester 2\Deep Learning\Assignment\SE4050-Deep-Learning-Assignment\data\train\India\images\India_007042.jpg,India,3,0,0,0,1,['D40'],D40,val,3250
C:\Users\ASUS\Desktop\SLIIT\Year 4\Semester 2\Deep Learning\Assignment\SE4050-Deep-Learning-Assignment\data\train\India\images\India_007043.jpg,India,1,0,0,1,0,['D20'],D20,val,3251
C:\Users\ASUS\Desktop\SLIIT\Year 4\Semester 2\Deep Learning\Assignment\SE4050-Deep-Learning-Assignment\data\train\India\images\India_007048.jpg,India,3,0,0,1,0,['D20'],D20,train,3252
C:\Users\ASUS\Desktop\SLIIT\Year 4\Semester 2\Deep Learning\Assignment\SE4050-Deep-Learning-Assignment\data\train\India\images\India_007051.jpg,India,1,0,0,0,1,['D40'],D40,val,3253
C:\Users\ASUS\Desktop\SLIIT\Year 4\Semester 2\Deep Learning\Assignment\SE4050-Deep-Learning-Assignment\data\train\India\images\India_007052.jpg,India,2,1,0,1,0,"['D00', 'D20']",D00,train,9
C:\Users\ASUS\Desktop\SLIIT\Year 4\Semester 2\Deep Learning\Assignment\SE4050-Deep-Learning-Assignment\data\train\India\images\India_007053.jpg,India,5,1,0,1,1,"['D00', 'D20', 'D40']",D00,train,3254
C:\Users\ASUS\Desktop\SLIIT\Year 4\Semester 2\Deep Learning\Assignment\SE4050-Deep-Learning-Assignment\data\train\India\images\India_007055.jpg,India,3,1,0,1,0,"['D00', 'D20']",D00,test,3255
C:\Users\ASUS\Desktop\SLIIT\Year 4\Semester 2\Deep Learning\Assignment\SE4050-Deep-Learning-Assignment\data\train\India\images\India_007058.jpg,India,2,1,0,1,0,"['D00', 'D20']",D00,val,3256
C:\Users\ASUS\Desktop\SLIIT\Year 4\Semester 2\Deep Learning\Assignment\SE4050-Deep-Learning-Assignment\data\train\India\images\India_007059.jpg,India,1,0,0,1,0,['D20'],D20,val,3257
C:\Users\ASUS\Desktop\SLIIT\Year 4\Semester 2\Deep Learning\Assignment\SE4050-Deep-Learning-Assignment\data\train\India\images\India_007062.jpg,India,1,0,0,1,0,['D20'],D20,test,3258
C:\Users\ASUS\Desktop\SLIIT\Year 4\Semester 2\Deep Learning\Assignment\SE4050-Deep-Learning-Assignment\data\train\India\images\India_007066.jpg,India,5,0,0,0,1,['D40'],D40,train,3259
C:\Users\ASUS\Desktop\SLIIT\Year 4\Semester 2\Deep Learning\Assignment\SE4050-Deep-Learning-Assignment\data\train\India\images\India_007067.jpg,India,1,1,0,0,0,['D00'],D00,train,3260
C:\Users\ASUS\Desktop\SLIIT\Year 4\Semester 2\Deep Learning\Assignment\SE4050-Deep-Learning-Assignment\data\train\India\images\India_007069.jpg,India,1,0,0,1,0,['D20'],D20,train,74
C:\Users\ASUS\Desktop\SLIIT\Year 4\Semester 2\Deep Learning\Assignment\SE4050-Deep-Learning-Assignment\data\train\India\images\India_007071.jpg,India,7,0,0,1,1,"['D20', 'D40']",D20,train,3261
C:\Users\ASUS\Desktop\SLIIT\Year 4\Semester 2\Deep Learning\Assignment\SE4050-Deep-Learning-Assignment\data\train\India\images\India_007072.jpg,India,1,1,0,0,0,['D00'],D00,train,3262
C:\Users\ASUS\Desktop\SLIIT\Year 4\Semester 2\Deep Learning\Assignment\SE4050-Deep-Learning-Assignment\data\train\India\images\India_007074.jpg,India,2,0,0,1,1,"['D20', 'D40']",D20,val,1
C:\Users\ASUS\Desktop\SLIIT\Year 4\Semester 2\Deep Learning\Assignment\SE4050-Deep-Learning-Assignment\data\train\India\images\India_007088.jpg,India,1,0,0,1,0,['D20'],D20,train,3263
C:\Users\ASUS\Desktop\SLIIT\Year 4\Semester 2\Deep Learning\Assignment\SE4050-Deep-Learning-Assignment\data\train\India\images\India_007094.jpg,India,2,1,0,0,0,['D00'],D00,test,3264
C:\Users\ASUS\Desktop\SLIIT\Year 4\Semester 2\Deep Learning\Assignment\SE4050-Deep-Learning-Assignment\data\train\India\images\India_007099.jpg,India,1,0,0,1,0,['D20'],D20,train,3265
C:\Users\ASUS\Desktop\SLIIT\Year 4\Semester 2\Deep Learning\Assignment\SE4050-Deep-Learning-Assignment\data\train\India\images\India_007101.jpg,India,2,0,0,0,1,['D40'],D40,train,3266
C:\Users\ASUS\Desktop\SLIIT\Year 4\Semester 2\Deep Learning\Assignment\SE4050-Deep-Learning-Assignment\data\train\India\images\India_007105.jpg,India,1,0,0,0,1,['D40'],D40,train,3267
C:\Users\ASUS\Desktop\SLIIT\Year 4\Semester 2\Deep Learning\Assignment\SE4050-Deep-Learning-Assignment\data\train\India\images\India_007109.jpg,India,2,0,0,1,0,['D20'],D20,train,3268
C:\Users\ASUS\Desktop\SLIIT\Year 4\Semester 2\Deep Learning\Assignment\SE4050-Deep-Learning-Assignment\data\train\India\images\India_007113.jpg,India,1,0,0,0,1,['D40'],D40,train,3269
C:\Users\ASUS\Desktop\SLIIT\Year 4\Semester 2\Deep Learning\Assignment\SE4050-Deep-Learning-Assignment\data\train\India\images\India_007116.jpg,India,2,1,1,0,0,"['D00', 'D10']",D00,train,3270
C:\Users\ASUS\Desktop\SLIIT\Year 4\Semester 2\Deep Learning\Assignment\SE4050-Deep-Learning-Assignment\data\train\India\images\India_007117.jpg,India,1,0,0,1,0,['D20'],D20,val,3271
C:\Users\ASUS\Desktop\SLIIT\Year 4\Semester 2\Deep Learning\Assignment\SE4050-Deep-Learning-Assignment\data\train\India\images\India_007122.jpg,India,1,0,0,1,0,['D20'],D20,train,3272
C:\Users\ASUS\Desktop\SLIIT\Year 4\Semester 2\Deep Learning\Assignment\SE4050-Deep-Learning-Assignment\data\train\India\images\India_007123.jpg,India,2,0,0,0,1,['D40'],D40,val,3273
C:\Users\ASUS\Desktop\SLIIT\Year 4\Semester 2\Deep Learning\Assignment\SE4050-Deep-Learning-Assignment\data\train\India\images\India_007125.jpg,India,2,0,0,1,0,['D20'],D20,train,3274
C:\Users\ASUS\Desktop\SLIIT\Year 4\Semester 2\Deep Learning\Assignment\SE4050-Deep-Learning-Assignment\data\train\India\images\India_007130.jpg,India,1,1,0,0,0,['D00'],D00,train,3275
C:\Users\ASUS\Desktop\SLIIT\Year 4\Semester 2\Deep Learning\Assignment\SE4050-Deep-Learning-Assignment\data\train\India\images\India_007132.jpg,India,2,0,1,0,0,['D10'],D10,train,3276
C:\Users\ASUS\Desktop\SLIIT\Year 4\Semester 2\Deep Learning\Assignment\SE4050-Deep-Learning-Assignment\data\train\India\images\India_007133.jpg,India,1,0,0,1,0,['D20'],D20,train,3277
C:\Users\ASUS\Desktop\SLIIT\Year 4\Semester 2\Deep Learning\Assignment\SE4050-Deep-Learning-Assignment\data\train\India\images\India_007134.jpg,India,3,1,0,1,0,"['D00', 'D20']",D00,train,3278
C:\Users\ASUS\Desktop\SLIIT\Year 4\Semester 2\Deep Learning\Assignment\SE4050-Deep-Learning-Assignment\data\train\India\images\India_007136.jpg,India,3,1,0,1,0,"['D00', 'D20']",D00,val,3279
C:\Users\ASUS\Desktop\SLIIT\Year 4\Semester 2\Deep Learning\Assignment\SE4050-Deep-Learning-Assignment\data\train\India\images\India_007137.jpg,India,1,0,0,1,0,['D20'],D20,train,3280
C:\Users\ASUS\Desktop\SLIIT\Year 4\Semester 2\Deep Learning\Assignment\SE4050-Deep-Learning-Assignment\data\train\India\images\India_007138.jpg,India,1,0,0,1,0,['D20'],D20,train,3281
C:\Users\ASUS\Desktop\SLIIT\Year 4\Semester 2\Deep Learning\Assignment\SE4050-Deep-Learning-Assignment\data\train\India\images\India_007141.jpg,India,2,1,0,1,0,"['D00', 'D20']",D00,test,8
C:\Users\ASUS\Desktop\SLIIT\Year 4\Semester 2\Deep Learning\Assignment\SE4050-Deep-Learning-Assignment\data\train\India\images\India_007146.jpg,India,1,1,0,0,0,['D00'],D00,train,3282
C:\Users\ASUS\Desktop\SLIIT\Year 4\Semester 2\Deep Learning\Assignment\SE4050-Deep-Learning-Assignment\data\train\India\images\India_007147.jpg,India,8,0,0,1,1,"['D20', 'D40']",D20,val,3283
C:\Users\ASUS\Desktop\SLIIT\Year 4\Semester 2\Deep Learning\Assignment\SE4050-Deep-Learning-Assignment\data\train\India\images\India_007148.jpg,India,2,0,0,1,0,['D20'],D20,train,3284
C:\Users\ASUS\Desktop\SLIIT\Year 4\Semester 2\Deep Learning\Assignment\SE4050-Deep-Learning-Assignment\data\train\India\images\India_007152.jpg,India,1,0,0,1,0,['D20'],D20,test,3285
C:\Users\ASUS\Desktop\SLIIT\Year 4\Semester 2\Deep Learning\Assignment\SE4050-Deep-Learning-Assignment\data\train\India\images\India_007153.jpg,India,3,1,1,0,1,"['D00', 'D10', 'D40']",D00,train,3286
C:\Users\ASUS\Desktop\SLIIT\Year 4\Semester 2\Deep Learning\Assignment\SE4050-Deep-Learning-Assignment\data\train\India\images\India_007155.jpg,India,1,0,0,0,1,['D40'],D40,train,3287
C:\Users\ASUS\Desktop\SLIIT\Year 4\Semester 2\Deep Learning\Assignment\SE4050-Deep-Learning-Assignment\data\train\India\images\India_007159.jpg,India,3,0,0,1,1,"['D20', 'D40']",D20,train,3288
C:\Users\ASUS\Desktop\SLIIT\Year 4\Semester 2\Deep Learning\Assignment\SE4050-Deep-Learning-Assignment\data\train\India\images\India_007163.jpg,India,2,0,0,1,0,['D20'],D20,train,3289
C:\Users\ASUS\Desktop\SLIIT\Year 4\Semester 2\Deep Learning\Assignment\SE4050-Deep-Learning-Assignment\data\train\India\images\India_007168.jpg,India,2,0,0,0,1,['D40'],D40,train,3290
C:\Users\ASUS\Desktop\SLIIT\Year 4\Semester 2\Deep Learning\Assignment\SE4050-Deep-Learning-Assignment\data\train\India\images\India_007171.jpg,India,3,0,0,1,0,['D20'],D20,train,3291
C:\Users\ASUS\Desktop\SLIIT\Year 4\Semester 2\Deep Learning\Assignment\SE4050-Deep-Learning-Assignment\data\train\India\images\India_007172.jpg,India,2,0,0,1,1,"['D20', 'D40']",D20,val,3292
C:\Users\ASUS\Desktop\SLIIT\Year 4\Semester 2\Deep Learning\Assignment\SE4050-Deep-Learning-Assignment\data\train\India\images\India_007175.jpg,India,2,0,0,1,1,"['D20', 'D40']",D20,train,3293
C:\Users\ASUS\Desktop\SLIIT\Year 4\Semester 2\Deep Learning\Assignment\SE4050-Deep-Learning-Assignment\data\train\India\images\India_007178.jpg,India,2,0,0,1,0,['D20'],D20,test,3294
C:\Users\ASUS\Desktop\SLIIT\Year 4\Semester 2\Deep Learning\Assignment\SE4050-Deep-Learning-Assignment\data\train\India\images\India_007179.jpg,India,2,0,0,1,0,['D20'],D20,train,3295
C:\Users\ASUS\Desktop\SLIIT\Year 4\Semester 2\Deep Learning\Assignment\SE4050-Deep-Learning-Assignment\data\train\India\images\India_007183.jpg,India,1,0,0,1,0,['D20'],D20,train,3296
C:\Users\ASUS\Desktop\SLIIT\Year 4\Semester 2\Deep Learning\Assignment\SE4050-Deep-Learning-Assignment\data\train\India\images\India_007185.jpg,India,1,0,0,0,1,['D40'],D40,val,3297
C:\Users\ASUS\Desktop\SLIIT\Year 4\Semester 2\Deep Learning\Assignment\SE4050-Deep-Learning-Assignment\data\train\India\images\India_007188.jpg,India,1,1,0,0,0,['D00'],D00,train,3298
C:\Users\ASUS\Desktop\SLIIT\Year 4\Semester 2\Deep Learning\Assignment\SE4050-Deep-Learning-Assignment\data\train\India\images\India_007189.jpg,India,6,1,1,1,1,"['D00', 'D10', 'D20', 'D40']",D00,train,3299
C:\Users\ASUS\Desktop\SLIIT\Year 4\Semester 2\Deep Learning\Assignment\SE4050-Deep-Learning-Assignment\data\train\India\images\India_007194.jpg,India,1,0,0,1,0,['D20'],D20,train,3300
C:\Users\ASUS\Desktop\SLIIT\Year 4\Semester 2\Deep Learning\Assignment\SE4050-Deep-Learning-Assignment\data\train\India\images\India_007196.jpg,India,2,0,0,1,0,['D20'],D20,test,3301
C:\Users\ASUS\Desktop\SLIIT\Year 4\Semester 2\Deep Learning\Assignment\SE4050-Deep-Learning-Assignment\data\train\India\images\India_007198.jpg,India,1,0,0,0,1,['D40'],D40,val,3302
C:\Users\ASUS\Desktop\SLIIT\Year 4\Semester 2\Deep Learning\Assignment\SE4050-Deep-Learning-Assignment\data\train\India\images\India_007200.jpg,India,2,0,0,1,0,['D20'],D20,test,3303
C:\Users\ASUS\Desktop\SLIIT\Year 4\Semester 2\Deep Learning\Assignment\SE4050-Deep-Learning-Assignment\data\train\India\images\India_007204.jpg,India,4,0,0,1,1,"['D20', 'D40']",D20,val,3304
C:\Users\ASUS\Desktop\SLIIT\Year 4\Semester 2\Deep Learning\Assignment\SE4050-Deep-Learning-Assignment\data\train\India\images\India_007205.jpg,India,1,0,0,0,1,['D40'],D40,train,3305
C:\Users\ASUS\Desktop\SLIIT\Year 4\Semester 2\Deep Learning\Assignment\SE4050-Deep-Learning-Assignment\data\train\India\images\India_007208.jpg,India,3,1,0,1,0,"['D00', 'D20']",D00,test,3306
C:\Users\ASUS\Desktop\SLIIT\Year 4\Semester 2\Deep Learning\Assignment\SE4050-Deep-Learning-Assignment\data\train\India\images\India_007211.jpg,India,2,0,0,0,1,['D40'],D40,train,3307
C:\Users\ASUS\Desktop\SLIIT\Year 4\Semester 2\Deep Learning\Assignment\SE4050-Deep-Learning-Assignment\data\train\India\images\India_007213.jpg,India,2,1,0,1,0,"['D00', 'D20']",D00,train,11
C:\Users\ASUS\Desktop\SLIIT\Year 4\Semester 2\Deep Learning\Assignment\SE4050-Deep-Learning-Assignment\data\train\India\images\India_007214.jpg,India,3,1,0,1,0,"['D00', 'D20']",D00,train,3308
C:\Users\ASUS\Desktop\SLIIT\Year 4\Semester 2\Deep Learning\Assignment\SE4050-Deep-Learning-Assignment\data\train\India\images\India_007217.jpg,India,2,1,0,0,0,['D00'],D00,train,3309
C:\Users\ASUS\Desktop\SLIIT\Year 4\Semester 2\Deep Learning\Assignment\SE4050-Deep-Learning-Assignment\data\train\India\images\India_007224.jpg,India,2,0,0,1,0,['D20'],D20,train,0
C:\Users\ASUS\Desktop\SLIIT\Year 4\Semester 2\Deep Learning\Assignment\SE4050-Deep-Learning-Assignment\data\train\India\images\India_007226.jpg,India,1,0,0,0,1,['D40'],D40,train,3310
C:\Users\ASUS\Desktop\SLIIT\Year 4\Semester 2\Deep Learning\Assignment\SE4050-Deep-Learning-Assignment\data\train\India\images\India_007227.jpg,India,1,0,0,1,0,['D20'],D20,train,3311
C:\Users\ASUS\Desktop\SLIIT\Year 4\Semester 2\Deep Learning\Assignment\SE4050-Deep-Learning-Assignment\data\train\India\images\India_007231.jpg,India,1,0,0,1,0,['D20'],D20,train,3312
C:\Users\ASUS\Desktop\SLIIT\Year 4\Semester 2\Deep Learning\Assignment\SE4050-Deep-Learning-Assignment\data\train\India\images\India_007234.jpg,India,2,1,0,0,0,['D00'],D00,train,3313
C:\Users\ASUS\Desktop\SLIIT\Year 4\Semester 2\Deep Learning\Assignment\SE4050-Deep-Learning-Assignment\data\train\India\images\India_007236.jpg,India,1,0,0,1,0,['D20'],D20,val,3314
C:\Users\ASUS\Desktop\SLIIT\Year 4\Semester 2\Deep Learning\Assignment\SE4050-Deep-Learning-Assignment\data\train\India\images\India_007239.jpg,India,1,0,0,1,0,['D20'],D20,train,3315
C:\Users\ASUS\Desktop\SLIIT\Year 4\Semester 2\Deep Learning\Assignment\SE4050-Deep-Learning-Assignment\data\train\India\images\India_007240.jpg,India,1,0,0,0,1,['D40'],D40,test,75
C:\Users\ASUS\Desktop\SLIIT\Year 4\Semester 2\Deep Learning\Assignment\SE4050-Deep-Learning-Assignment\data\train\India\images\India_007246.jpg,India,1,0,0,0,1,['D40'],D40,train,3316
C:\Users\ASUS\Desktop\SLIIT\Year 4\Semester 2\Deep Learning\Assignment\SE4050-Deep-Learning-Assignment\data\train\India\images\India_007247.jpg,India,3,0,0,1,0,['D20'],D20,train,3317
C:\Users\ASUS\Desktop\SLIIT\Year 4\Semester 2\Deep Learning\Assignment\SE4050-Deep-Learning-Assignment\data\train\India\images\India_007256.jpg,India,1,0,0,1,0,['D20'],D20,train,3318
C:\Users\ASUS\Desktop\SLIIT\Year 4\Semester 2\Deep Learning\Assignment\SE4050-Deep-Learning-Assignment\data\train\India\images\India_007259.jpg,India,4,0,0,0,1,['D40'],D40,val,3319
C:\Users\ASUS\Desktop\SLIIT\Year 4\Semester 2\Deep Learning\Assignment\SE4050-Deep-Learning-Assignment\data\train\India\images\India_007267.jpg,India,3,0,0,1,0,['D20'],D20,train,3320
C:\Users\ASUS\Desktop\SLIIT\Year 4\Semester 2\Deep Learning\Assignment\SE4050-Deep-Learning-Assignment\data\train\India\images\India_007271.jpg,India,4,1,0,1,1,"['D00', 'D20', 'D40']",D00,train,3321
C:\Users\ASUS\Desktop\SLIIT\Year 4\Semester 2\Deep Learning\Assignment\SE4050-Deep-Learning-Assignment\data\train\India\images\India_007275.jpg,India,1,0,0,1,0,['D20'],D20,train,3322
C:\Users\ASUS\Desktop\SLIIT\Year 4\Semester 2\Deep Learning\Assignment\SE4050-Deep-Learning-Assignment\data\train\India\images\India_007276.jpg,India,1,0,0,1,0,['D20'],D20,train,3323
C:\Users\ASUS\Desktop\SLIIT\Year 4\Semester 2\Deep Learning\Assignment\SE4050-Deep-Learning-Assignment\data\train\India\images\India_007277.jpg,India,1,0,0,0,1,['D40'],D40,val,3324
C:\Users\ASUS\Desktop\SLIIT\Year 4\Semester 2\Deep Learning\Assignment\SE4050-Deep-Learning-Assignment\data\train\India\images\India_007278.jpg,India,1,0,0,1,0,['D20'],D20,train,3325
C:\Users\ASUS\Desktop\SLIIT\Year 4\Semester 2\Deep Learning\Assignment\SE4050-Deep-Learning-Assignment\data\train\India\images\India_007279.jpg,India,3,1,0,1,0,"['D00', 'D20']",D00,train,3326
C:\Users\ASUS\Desktop\SLIIT\Year 4\Semester 2\Deep Learning\Assignment\SE4050-Deep-Learning-Assignment\data\train\India\images\India_007281.jpg,India,2,1,0,0,1,"['D00', 'D40']",D00,train,42
C:\Users\ASUS\Desktop\SLIIT\Year 4\Semester 2\Deep Learning\Assignment\SE4050-Deep-Learning-Assignment\data\train\India\images\India_007285.jpg,India,3,1,0,1,0,"['D00', 'D20']",D00,train,3327
C:\Users\ASUS\Desktop\SLIIT\Year 4\Semester 2\Deep Learning\Assignment\SE4050-Deep-Learning-Assignment\data\train\India\images\India_007287.jpg,India,4,1,0,0,0,['D00'],D00,train,3328
C:\Users\ASUS\Desktop\SLIIT\Year 4\Semester 2\Deep Learning\Assignment\SE4050-Deep-Learning-Assignment\data\train\India\images\India_007291.jpg,India,2,0,0,0,1,['D40'],D40,train,3329
C:\Users\ASUS\Desktop\SLIIT\Year 4\Semester 2\Deep Learning\Assignment\SE4050-Deep-Learning-Assignment\data\train\India\images\India_007293.jpg,India,2,0,0,1,1,"['D20', 'D40']",D20,train,3330
C:\Users\ASUS\Desktop\SLIIT\Year 4\Semester 2\Deep Learning\Assignment\SE4050-Deep-Learning-Assignment\data\train\India\images\India_007299.jpg,India,4,0,0,1,1,"['D20', 'D40']",D20,val,3331
C:\Users\ASUS\Desktop\SLIIT\Year 4\Semester 2\Deep Learning\Assignment\SE4050-Deep-Learning-Assignment\data\train\India\images\India_007308.jpg,India,7,1,0,1,1,"['D00', 'D20', 'D40']",D00,train,3332
C:\Users\ASUS\Desktop\SLIIT\Year 4\Semester 2\Deep Learning\Assignment\SE4050-Deep-Learning-Assignment\data\train\India\images\India_007309.jpg,India,4,0,0,0,1,['D40'],D40,train,3333
C:\Users\ASUS\Desktop\SLIIT\Year 4\Semester 2\Deep Learning\Assignment\SE4050-Deep-Learning-Assignment\data\train\India\images\India_007310.jpg,India,2,1,0,0,1,"['D00', 'D40']",D00,test,3334
C:\Users\ASUS\Desktop\SLIIT\Year 4\Semester 2\Deep Learning\Assignment\SE4050-Deep-Learning-Assignment\data\train\India\images\India_007318.jpg,India,3,0,0,1,0,['D20'],D20,train,3335
C:\Users\ASUS\Desktop\SLIIT\Year 4\Semester 2\Deep Learning\Assignment\SE4050-Deep-Learning-Assignment\data\train\India\images\India_007319.jpg,India,1,0,0,1,0,['D20'],D20,train,3336
C:\Users\ASUS\Desktop\SLIIT\Year 4\Semester 2\Deep Learning\Assignment\SE4050-Deep-Learning-Assignment\data\train\India\images\India_007321.jpg,India,3,0,0,0,1,['D40'],D40,train,3337
C:\Users\ASUS\Desktop\SLIIT\Year 4\Semester 2\Deep Learning\Assignment\SE4050-Deep-Learning-Assignment\data\train\India\images\India_007322.jpg,India,1,0,0,0,1,['D40'],D40,train,3338
C:\Users\ASUS\Desktop\SLIIT\Year 4\Semester 2\Deep Learning\Assignment\SE4050-Deep-Learning-Assignment\data\train\India\images\India_007323.jpg,India,1,0,0,1,0,['D20'],D20,train,3339
C:\Users\ASUS\Desktop\SLIIT\Year 4\Semester 2\Deep Learning\Assignment\SE4050-Deep-Learning-Assignment\data\train\India\images\India_007327.jpg,India,2,0,0,0,1,['D40'],D40,train,3340
C:\Users\ASUS\Desktop\SLIIT\Year 4\Semester 2\Deep Learning\Assignment\SE4050-Deep-Learning-Assignment\data\train\India\images\India_007328.jpg,India,1,0,0,1,0,['D20'],D20,train,3341
C:\Users\ASUS\Desktop\SLIIT\Year 4\Semester 2\Deep Learning\Assignment\SE4050-Deep-Learning-Assignment\data\train\India\images\India_007329.jpg,India,5,1,1,0,1,"['D00', 'D10', 'D40']",D00,train,3342
C:\Users\ASUS\Desktop\SLIIT\Year 4\Semester 2\Deep Learning\Assignment\SE4050-Deep-Learning-Assignment\data\train\India\images\India_007333.jpg,India,1,0,0,1,0,['D20'],D20,train,3343
C:\Users\ASUS\Desktop\SLIIT\Year 4\Semester 2\Deep Learning\Assignment\SE4050-Deep-Learning-Assignment\data\train\India\images\India_007342.jpg,India,4,1,0,1,1,"['D00', 'D20', 'D40']",D00,train,3344
C:\Users\ASUS\Desktop\SLIIT\Year 4\Semester 2\Deep Learning\Assignment\SE4050-Deep-Learning-Assignment\data\train\India\images\India_007343.jpg,India,7,0,0,1,1,"['D20', 'D40']",D20,val,3345
C:\Users\ASUS\Desktop\SLIIT\Year 4\Semester 2\Deep Learning\Assignment\SE4050-Deep-Learning-Assignment\data\train\India\images\India_007345.jpg,India,1,0,0,1,0,['D20'],D20,train,3346
C:\Users\ASUS\Desktop\SLIIT\Year 4\Semester 2\Deep Learning\Assignment\SE4050-Deep-Learning-Assignment\data\train\India\images\India_007354.jpg,India,1,0,0,1,0,['D20'],D20,train,3347
C:\Users\ASUS\Desktop\SLIIT\Year 4\Semester 2\Deep Learning\Assignment\SE4050-Deep-Learning-Assignment\data\train\India\images\India_007357.jpg,India,2,0,0,0,1,['D40'],D40,train,3348
C:\Users\ASUS\Desktop\SLIIT\Year 4\Semester 2\Deep Learning\Assignment\SE4050-Deep-Learning-Assignment\data\train\India\images\India_007359.jpg,India,1,0,0,1,0,['D20'],D20,train,3349
C:\Users\ASUS\Desktop\SLIIT\Year 4\Semester 2\Deep Learning\Assignment\SE4050-Deep-Learning-Assignment\data\train\India\images\India_007362.jpg,India,7,0,0,1,1,"['D20', 'D40']",D20,test,3350
C:\Users\ASUS\Desktop\SLIIT\Year 4\Semester 2\Deep Learning\Assignment\SE4050-Deep-Learning-Assignment\data\train\India\images\India_007363.jpg,India,4,0,0,0,1,['D40'],D40,train,3351
C:\Users\ASUS\Desktop\SLIIT\Year 4\Semester 2\Deep Learning\Assignment\SE4050-Deep-Learning-Assignment\data\train\India\images\India_007368.jpg,India,2,0,0,1,1,"['D20', 'D40']",D20,train,3352
C:\Users\ASUS\Desktop\SLIIT\Year 4\Semester 2\Deep Learning\Assignment\SE4050-Deep-Learning-Assignment\data\train\India\images\India_007371.jpg,India,1,0,0,0,1,['D40'],D40,train,3353
C:\Users\ASUS\Desktop\SLIIT\Year 4\Semester 2\Deep Learning\Assignment\SE4050-Deep-Learning-Assignment\data\train\India\images\India_007372.jpg,India,2,0,0,1,0,['D20'],D20,train,3354
C:\Users\ASUS\Desktop\SLIIT\Year 4\Semester 2\Deep Learning\Assignment\SE4050-Deep-Learning-Assignment\data\train\India\images\India_007376.jpg,India,3,0,0,1,0,['D20'],D20,train,3355
C:\Users\ASUS\Desktop\SLIIT\Year 4\Semester 2\Deep Learning\Assignment\SE4050-Deep-Learning-Assignment\data\train\India\images\India_007377.jpg,India,2,0,0,1,0,['D20'],D20,train,3356
C:\Users\ASUS\Desktop\SLIIT\Year 4\Semester 2\Deep Learning\Assignment\SE4050-Deep-Learning-Assignment\data\train\India\images\India_007383.jpg,India,2,0,0,0,1,['D40'],D40,train,3357
C:\Users\ASUS\Desktop\SLIIT\Year 4\Semester 2\Deep Learning\Assignment\SE4050-Deep-Learning-Assignment\data\train\India\images\India_007385.jpg,India,2,0,0,1,0,['D20'],D20,train,3358
C:\Users\ASUS\Desktop\SLIIT\Year 4\Semester 2\Deep Learning\Assignment\SE4050-Deep-Learning-Assignment\data\train\India\images\India_007387.jpg,India,1,0,0,1,0,['D20'],D20,val,3359
C:\Users\ASUS\Desktop\SLIIT\Year 4\Semester 2\Deep Learning\Assignment\SE4050-Deep-Learning-Assignment\data\train\India\images\India_007390.jpg,India,2,0,0,1,1,"['D20', 'D40']",D20,train,3360
C:\Users\ASUS\Desktop\SLIIT\Year 4\Semester 2\Deep Learning\Assignment\SE4050-Deep-Learning-Assignment\data\train\India\images\India_007397.jpg,India,1,1,0,0,0,['D00'],D00,train,3361
C:\Users\ASUS\Desktop\SLIIT\Year 4\Semester 2\Deep Learning\Assignment\SE4050-Deep-Learning-Assignment\data\train\India\images\India_007398.jpg,India,5,1,0,1,0,"['D00', 'D20']",D00,train,3362
C:\Users\ASUS\Desktop\SLIIT\Year 4\Semester 2\Deep Learning\Assignment\SE4050-Deep-Learning-Assignment\data\train\India\images\India_007399.jpg,India,2,0,0,0,1,['D40'],D40,train,3363
C:\Users\ASUS\Desktop\SLIIT\Year 4\Semester 2\Deep Learning\Assignment\SE4050-Deep-Learning-Assignment\data\train\India\images\India_007402.jpg,India,4,0,0,1,0,['D20'],D20,train,3364
C:\Users\ASUS\Desktop\SLIIT\Year 4\Semester 2\Deep Learning\Assignment\SE4050-Deep-Learning-Assignment\data\train\India\images\India_007404.jpg,India,3,0,0,0,1,['D40'],D40,train,3365
C:\Users\ASUS\Desktop\SLIIT\Year 4\Semester 2\Deep Learning\Assignment\SE4050-Deep-Learning-Assignment\data\train\India\images\India_007409.jpg,India,2,0,0,0,1,['D40'],D40,val,3366
C:\Users\ASUS\Desktop\SLIIT\Year 4\Semester 2\Deep Learning\Assignment\SE4050-Deep-Learning-Assignment\data\train\India\images\India_007412.jpg,India,2,1,0,1,0,"['D00', 'D20']",D00,val,3367
C:\Users\ASUS\Desktop\SLIIT\Year 4\Semester 2\Deep Learning\Assignment\SE4050-Deep-Learning-Assignment\data\train\India\images\India_007417.jpg,India,2,0,0,1,0,['D20'],D20,train,3368
C:\Users\ASUS\Desktop\SLIIT\Year 4\Semester 2\Deep Learning\Assignment\SE4050-Deep-Learning-Assignment\data\train\India\images\India_007418.jpg,India,3,1,0,0,1,"['D00', 'D40']",D00,val,3369
C:\Users\ASUS\Desktop\SLIIT\Year 4\Semester 2\Deep Learning\Assignment\SE4050-Deep-Learning-Assignment\data\train\India\images\India_007420.jpg,India,4,0,0,1,1,"['D20', 'D40']",D20,test,3370
C:\Users\ASUS\Desktop\SLIIT\Year 4\Semester 2\Deep Learning\Assignment\SE4050-Deep-Learning-Assignment\data\train\India\images\India_007422.jpg,India,3,0,0,0,1,['D40'],D40,train,3371
C:\Users\ASUS\Desktop\SLIIT\Year 4\Semester 2\Deep Learning\Assignment\SE4050-Deep-Learning-Assignment\data\train\India\images\India_007431.jpg,India,1,0,0,1,0,['D20'],D20,val,3372
C:\Users\ASUS\Desktop\SLIIT\Year 4\Semester 2\Deep Learning\Assignment\SE4050-Deep-Learning-Assignment\data\train\India\images\India_007432.jpg,India,1,0,0,0,1,['D40'],D40,test,3373
C:\Users\ASUS\Desktop\SLIIT\Year 4\Semester 2\Deep Learning\Assignment\SE4050-Deep-Learning-Assignment\data\train\India\images\India_007438.jpg,India,1,1,0,0,0,['D00'],D00,train,3374
C:\Users\ASUS\Desktop\SLIIT\Year 4\Semester 2\Deep Learning\Assignment\SE4050-Deep-Learning-Assignment\data\train\India\images\India_007439.jpg,India,1,0,0,1,0,['D20'],D20,train,3375
C:\Users\ASUS\Desktop\SLIIT\Year 4\Semester 2\Deep Learning\Assignment\SE4050-Deep-Learning-Assignment\data\train\India\images\India_007450.jpg,India,1,0,0,0,1,['D40'],D40,val,16
C:\Users\ASUS\Desktop\SLIIT\Year 4\Semester 2\Deep Learning\Assignment\SE4050-Deep-Learning-Assignment\data\train\India\images\India_007456.jpg,India,2,0,0,1,0,['D20'],D20,val,3376
C:\Users\ASUS\Desktop\SLIIT\Year 4\Semester 2\Deep Learning\Assignment\SE4050-Deep-Learning-Assignment\data\train\India\images\India_007457.jpg,India,2,1,0,0,0,['D00'],D00,val,17
C:\Users\ASUS\Desktop\SLIIT\Year 4\Semester 2\Deep Learning\Assignment\SE4050-Deep-Learning-Assignment\data\train\India\images\India_007458.jpg,India,2,1,0,1,0,"['D00', 'D20']",D00,train,3377
C:\Users\ASUS\Desktop\SLIIT\Year 4\Semester 2\Deep Learning\Assignment\SE4050-Deep-Learning-Assignment\data\train\India\images\India_007460.jpg,India,2,1,0,1,0,"['D00', 'D20']",D00,train,3378
C:\Users\ASUS\Desktop\SLIIT\Year 4\Semester 2\Deep Learning\Assignment\SE4050-Deep-Learning-Assignment\data\train\India\images\India_007463.jpg,India,2,0,0,1,0,['D20'],D20,train,0
C:\Users\ASUS\Desktop\SLIIT\Year 4\Semester 2\Deep Learning\Assignment\SE4050-Deep-Learning-Assignment\data\train\India\images\India_007464.jpg,India,1,0,0,0,1,['D40'],D40,val,3379
C:\Users\ASUS\Desktop\SLIIT\Year 4\Semester 2\Deep Learning\Assignment\SE4050-Deep-Learning-Assignment\data\train\India\images\India_007465.jpg,India,3,1,0,0,1,"['D00', 'D40']",D00,train,3380
C:\Users\ASUS\Desktop\SLIIT\Year 4\Semester 2\Deep Learning\Assignment\SE4050-Deep-Learning-Assignment\data\train\India\images\India_007470.jpg,India,2,1,0,1,0,"['D00', 'D20']",D00,train,3381
C:\Users\ASUS\Desktop\SLIIT\Year 4\Semester 2\Deep Learning\Assignment\SE4050-Deep-Learning-Assignment\data\train\India\images\India_007474.jpg,India,5,1,0,0,1,"['D00', 'D40']",D00,val,3382
C:\Users\ASUS\Desktop\SLIIT\Year 4\Semester 2\Deep Learning\Assignment\SE4050-Deep-Learning-Assignment\data\train\India\images\India_007476.jpg,India,1,0,0,1,0,['D20'],D20,train,3383
C:\Users\ASUS\Desktop\SLIIT\Year 4\Semester 2\Deep Learning\Assignment\SE4050-Deep-Learning-Assignment\data\train\India\images\India_007478.jpg,India,1,0,0,1,0,['D20'],D20,train,3384
C:\Users\ASUS\Desktop\SLIIT\Year 4\Semester 2\Deep Learning\Assignment\SE4050-Deep-Learning-Assignment\data\train\India\images\India_007484.jpg,India,1,0,0,0,1,['D40'],D40,train,3385
C:\Users\ASUS\Desktop\SLIIT\Year 4\Semester 2\Deep Learning\Assignment\SE4050-Deep-Learning-Assignment\data\train\India\images\India_007487.jpg,India,1,0,0,1,0,['D20'],D20,train,3386
C:\Users\ASUS\Desktop\SLIIT\Year 4\Semester 2\Deep Learning\Assignment\SE4050-Deep-Learning-Assignment\data\train\India\images\India_007491.jpg,India,2,0,0,0,1,['D40'],D40,train,3387
C:\Users\ASUS\Desktop\SLIIT\Year 4\Semester 2\Deep Learning\Assignment\SE4050-Deep-Learning-Assignment\data\train\India\images\India_007492.jpg,India,2,0,0,1,0,['D20'],D20,train,3388
C:\Users\ASUS\Desktop\SLIIT\Year 4\Semester 2\Deep Learning\Assignment\SE4050-Deep-Learning-Assignment\data\train\India\images\India_007494.jpg,India,1,1,0,0,0,['D00'],D00,train,3389
C:\Users\ASUS\Desktop\SLIIT\Year 4\Semester 2\Deep Learning\Assignment\SE4050-Deep-Learning-Assignment\data\train\India\images\India_007497.jpg,India,2,0,0,1,0,['D20'],D20,train,3390
C:\Users\ASUS\Desktop\SLIIT\Year 4\Semester 2\Deep Learning\Assignment\SE4050-Deep-Learning-Assignment\data\train\India\images\India_007498.jpg,India,1,1,0,0,0,['D00'],D00,val,3391
C:\Users\ASUS\Desktop\SLIIT\Year 4\Semester 2\Deep Learning\Assignment\SE4050-Deep-Learning-Assignment\data\train\India\images\India_007502.jpg,India,2,1,0,1,0,"['D00', 'D20']",D00,val,3392
C:\Users\ASUS\Desktop\SLIIT\Year 4\Semester 2\Deep Learning\Assignment\SE4050-Deep-Learning-Assignment\data\train\India\images\India_007505.jpg,India,1,1,0,0,0,['D00'],D00,val,3393
C:\Users\ASUS\Desktop\SLIIT\Year 4\Semester 2\Deep Learning\Assignment\SE4050-Deep-Learning-Assignment\data\train\India\images\India_007507.jpg,India,1,0,0,1,0,['D20'],D20,train,3394
C:\Users\ASUS\Desktop\SLIIT\Year 4\Semester 2\Deep Learning\Assignment\SE4050-Deep-Learning-Assignment\data\train\India\images\India_007508.jpg,India,2,0,0,1,0,['D20'],D20,train,3395
C:\Users\ASUS\Desktop\SLIIT\Year 4\Semester 2\Deep Learning\Assignment\SE4050-Deep-Learning-Assignment\data\train\India\images\India_007509.jpg,India,1,1,0,0,0,['D00'],D00,train,3396
C:\Users\ASUS\Desktop\SLIIT\Year 4\Semester 2\Deep Learning\Assignment\SE4050-Deep-Learning-Assignment\data\train\India\images\India_007511.jpg,India,2,1,0,0,0,['D00'],D00,train,3397
C:\Users\ASUS\Desktop\SLIIT\Year 4\Semester 2\Deep Learning\Assignment\SE4050-Deep-Learning-Assignment\data\train\India\images\India_007513.jpg,India,2,1,0,1,0,"['D00', 'D20']",D00,train,3398
C:\Users\ASUS\Desktop\SLIIT\Year 4\Semester 2\Deep Learning\Assignment\SE4050-Deep-Learning-Assignment\data\train\India\images\India_007516.jpg,India,3,1,0,1,0,"['D00', 'D20']",D00,val,3399
C:\Users\ASUS\Desktop\SLIIT\Year 4\Semester 2\Deep Learning\Assignment\SE4050-Deep-Learning-Assignment\data\train\India\images\India_007518.jpg,India,2,0,0,0,1,['D40'],D40,train,3400
C:\Users\ASUS\Desktop\SLIIT\Year 4\Semester 2\Deep Learning\Assignment\SE4050-Deep-Learning-Assignment\data\train\India\images\India_007527.jpg,India,1,1,0,0,0,['D00'],D00,train,3401
C:\Users\ASUS\Desktop\SLIIT\Year 4\Semester 2\Deep Learning\Assignment\SE4050-Deep-Learning-Assignment\data\train\India\images\India_007529.jpg,India,3,1,0,0,1,"['D00', 'D40']",D00,val,3402
C:\Users\ASUS\Desktop\SLIIT\Year 4\Semester 2\Deep Learning\Assignment\SE4050-Deep-Learning-Assignment\data\train\India\images\India_007530.jpg,India,1,0,0,0,1,['D40'],D40,val,3403
C:\Users\ASUS\Desktop\SLIIT\Year 4\Semester 2\Deep Learning\Assignment\SE4050-Deep-Learning-Assignment\data\train\India\images\India_007533.jpg,India,2,1,0,0,0,['D00'],D00,train,3404
C:\Users\ASUS\Desktop\SLIIT\Year 4\Semester 2\Deep Learning\Assignment\SE4050-Deep-Learning-Assignment\data\train\India\images\India_007537.jpg,India,2,1,0,0,1,"['D00', 'D40']",D00,test,3405
C:\Users\ASUS\Desktop\SLIIT\Year 4\Semester 2\Deep Learning\Assignment\SE4050-Deep-Learning-Assignment\data\train\India\images\India_007538.jpg,India,2,0,0,1,0,['D20'],D20,train,3406
C:\Users\ASUS\Desktop\SLIIT\Year 4\Semester 2\Deep Learning\Assignment\SE4050-Deep-Learning-Assignment\data\train\India\images\India_007539.jpg,India,2,1,0,1,0,"['D00', 'D20']",D00,train,3407
C:\Users\ASUS\Desktop\SLIIT\Year 4\Semester 2\Deep Learning\Assignment\SE4050-Deep-Learning-Assignment\data\train\India\images\India_007548.jpg,India,1,1,0,0,0,['D00'],D00,test,3408
C:\Users\ASUS\Desktop\SLIIT\Year 4\Semester 2\Deep Learning\Assignment\SE4050-Deep-Learning-Assignment\data\train\India\images\India_007555.jpg,India,4,0,0,1,1,"['D20', 'D40']",D20,train,3409
C:\Users\ASUS\Desktop\SLIIT\Year 4\Semester 2\Deep Learning\Assignment\SE4050-Deep-Learning-Assignment\data\train\India\images\India_007558.jpg,India,2,1,0,0,0,['D00'],D00,val,3410
C:\Users\ASUS\Desktop\SLIIT\Year 4\Semester 2\Deep Learning\Assignment\SE4050-Deep-Learning-Assignment\data\train\India\images\India_007561.jpg,India,1,0,0,1,0,['D20'],D20,train,3411
C:\Users\ASUS\Desktop\SLIIT\Year 4\Semester 2\Deep Learning\Assignment\SE4050-Deep-Learning-Assignment\data\train\India\images\India_007563.jpg,India,1,1,0,0,0,['D00'],D00,train,3412
C:\Users\ASUS\Desktop\SLIIT\Year 4\Semester 2\Deep Learning\Assignment\SE4050-Deep-Learning-Assignment\data\train\India\images\India_007565.jpg,India,2,1,0,1,0,"['D00', 'D20']",D00,train,60
C:\Users\ASUS\Desktop\SLIIT\Year 4\Semester 2\Deep Learning\Assignment\SE4050-Deep-Learning-Assignment\data\train\India\images\India_007572.jpg,India,2,0,0,0,1,['D40'],D40,train,3413
C:\Users\ASUS\Desktop\SLIIT\Year 4\Semester 2\Deep Learning\Assignment\SE4050-Deep-Learning-Assignment\data\train\India\images\India_007576.jpg,India,2,1,0,0,0,['D00'],D00,train,3414
C:\Users\ASUS\Desktop\SLIIT\Year 4\Semester 2\Deep Learning\Assignment\SE4050-Deep-Learning-Assignment\data\train\India\images\India_007578.jpg,India,7,0,0,0,1,['D40'],D40,train,3415
C:\Users\ASUS\Desktop\SLIIT\Year 4\Semester 2\Deep Learning\Assignment\SE4050-Deep-Learning-Assignment\data\train\India\images\India_007579.jpg,India,4,0,0,1,1,"['D20', 'D40']",D20,train,3416
C:\Users\ASUS\Desktop\SLIIT\Year 4\Semester 2\Deep Learning\Assignment\SE4050-Deep-Learning-Assignment\data\train\India\images\India_007581.jpg,India,2,0,0,1,1,"['D20', 'D40']",D20,train,3417
C:\Users\ASUS\Desktop\SLIIT\Year 4\Semester 2\Deep Learning\Assignment\SE4050-Deep-Learning-Assignment\data\train\India\images\India_007584.jpg,India,4,0,0,0,1,['D40'],D40,train,3418
C:\Users\ASUS\Desktop\SLIIT\Year 4\Semester 2\Deep Learning\Assignment\SE4050-Deep-Learning-Assignment\data\train\India\images\India_007587.jpg,India,3,1,0,0,1,"['D00', 'D40']",D00,train,3419
C:\Users\ASUS\Desktop\SLIIT\Year 4\Semester 2\Deep Learning\Assignment\SE4050-Deep-Learning-Assignment\data\train\India\images\India_007590.jpg,India,4,1,1,0,0,"['D00', 'D10']",D00,test,3420
C:\Users\ASUS\Desktop\SLIIT\Year 4\Semester 2\Deep Learning\Assignment\SE4050-Deep-Learning-Assignment\data\train\India\images\India_007592.jpg,India,2,0,0,1,1,"['D20', 'D40']",D20,train,3421
C:\Users\ASUS\Desktop\SLIIT\Year 4\Semester 2\Deep Learning\Assignment\SE4050-Deep-Learning-Assignment\data\train\India\images\India_007595.jpg,India,2,1,0,1,0,"['D00', 'D20']",D00,train,3422
C:\Users\ASUS\Desktop\SLIIT\Year 4\Semester 2\Deep Learning\Assignment\SE4050-Deep-Learning-Assignment\data\train\India\images\India_007597.jpg,India,4,1,0,1,0,"['D00', 'D20']",D00,train,3423
C:\Users\ASUS\Desktop\SLIIT\Year 4\Semester 2\Deep Learning\Assignment\SE4050-Deep-Learning-Assignment\data\train\India\images\India_007602.jpg,India,2,1,0,0,0,['D00'],D00,val,3424
C:\Users\ASUS\Desktop\SLIIT\Year 4\Semester 2\Deep Learning\Assignment\SE4050-Deep-Learning-Assignment\data\train\India\images\India_007604.jpg,India,3,0,0,0,1,['D40'],D40,train,3425
C:\Users\ASUS\Desktop\SLIIT\Year 4\Semester 2\Deep Learning\Assignment\SE4050-Deep-Learning-Assignment\data\train\India\images\India_007611.jpg,India,2,0,0,0,1,['D40'],D40,train,3426
C:\Users\ASUS\Desktop\SLIIT\Year 4\Semester 2\Deep Learning\Assignment\SE4050-Deep-Learning-Assignment\data\train\India\images\India_007614.jpg,India,1,1,0,0,0,['D00'],D00,train,3427
C:\Users\ASUS\Desktop\SLIIT\Year 4\Semester 2\Deep Learning\Assignment\SE4050-Deep-Learning-Assignment\data\train\India\images\India_007615.jpg,India,2,1,0,1,0,"['D00', 'D20']",D00,train,3428
C:\Users\ASUS\Desktop\SLIIT\Year 4\Semester 2\Deep Learning\Assignment\SE4050-Deep-Learning-Assignment\data\train\India\images\India_007616.jpg,India,3,0,0,0,1,['D40'],D40,test,3429
C:\Users\ASUS\Desktop\SLIIT\Year 4\Semester 2\Deep Learning\Assignment\SE4050-Deep-Learning-Assignment\data\train\India\images\India_007618.jpg,India,3,1,0,1,0,"['D00', 'D20']",D00,train,3430
C:\Users\ASUS\Desktop\SLIIT\Year 4\Semester 2\Deep Learning\Assignment\SE4050-Deep-Learning-Assignment\data\train\India\images\India_007621.jpg,India,3,1,0,1,0,"['D00', 'D20']",D00,train,3431
C:\Users\ASUS\Desktop\SLIIT\Year 4\Semester 2\Deep Learning\Assignment\SE4050-Deep-Learning-Assignment\data\train\India\images\India_007625.jpg,India,2,1,0,0,0,['D00'],D00,test,3432
C:\Users\ASUS\Desktop\SLIIT\Year 4\Semester 2\Deep Learning\Assignment\SE4050-Deep-Learning-Assignment\data\train\India\images\India_007626.jpg,India,1,0,0,1,0,['D20'],D20,train,3433
C:\Users\ASUS\Desktop\SLIIT\Year 4\Semester 2\Deep Learning\Assignment\SE4050-Deep-Learning-Assignment\data\train\India\images\India_007627.jpg,India,3,0,0,1,1,"['D20', 'D40']",D20,train,3434
C:\Users\ASUS\Desktop\SLIIT\Year 4\Semester 2\Deep Learning\Assignment\SE4050-Deep-Learning-Assignment\data\train\India\images\India_007628.jpg,India,5,1,0,1,1,"['D00', 'D20', 'D40']",D00,train,76
C:\Users\ASUS\Desktop\SLIIT\Year 4\Semester 2\Deep Learning\Assignment\SE4050-Deep-Learning-Assignment\data\train\India\images\India_007629.jpg,India,2,0,0,0,1,['D40'],D40,train,3435
C:\Users\ASUS\Desktop\SLIIT\Year 4\Semester 2\Deep Learning\Assignment\SE4050-Deep-Learning-Assignment\data\train\India\images\India_007630.jpg,India,4,0,0,0,1,['D40'],D40,train,71
C:\Users\ASUS\Desktop\SLIIT\Year 4\Semester 2\Deep Learning\Assignment\SE4050-Deep-Learning-Assignment\data\train\India\images\India_007633.jpg,India,3,0,0,0,1,['D40'],D40,test,3436
C:\Users\ASUS\Desktop\SLIIT\Year 4\Semester 2\Deep Learning\Assignment\SE4050-Deep-Learning-Assignment\data\train\India\images\India_007635.jpg,India,1,1,0,0,0,['D00'],D00,train,3437
C:\Users\ASUS\Desktop\SLIIT\Year 4\Semester 2\Deep Learning\Assignment\SE4050-Deep-Learning-Assignment\data\train\India\images\India_007637.jpg,India,7,0,1,0,1,"['D10', 'D40']",D10,train,3438
C:\Users\ASUS\Desktop\SLIIT\Year 4\Semester 2\Deep Learning\Assignment\SE4050-Deep-Learning-Assignment\data\train\India\images\India_007641.jpg,India,1,0,0,0,1,['D40'],D40,test,3439
C:\Users\ASUS\Desktop\SLIIT\Year 4\Semester 2\Deep Learning\Assignment\SE4050-Deep-Learning-Assignment\data\train\India\images\India_007642.jpg,India,2,0,0,1,1,"['D20', 'D40']",D20,train,3440
C:\Users\ASUS\Desktop\SLIIT\Year 4\Semester 2\Deep Learning\Assignment\SE4050-Deep-Learning-Assignment\data\train\India\images\India_007644.jpg,India,6,0,0,0,1,['D40'],D40,train,3441
C:\Users\ASUS\Desktop\SLIIT\Year 4\Semester 2\Deep Learning\Assignment\SE4050-Deep-Learning-Assignment\data\train\India\images\India_007646.jpg,India,2,0,0,1,0,['D20'],D20,train,3442
C:\Users\ASUS\Desktop\SLIIT\Year 4\Semester 2\Deep Learning\Assignment\SE4050-Deep-Learning-Assignment\data\train\India\images\India_007647.jpg,India,2,0,0,0,1,['D40'],D40,train,3443
C:\Users\ASUS\Desktop\SLIIT\Year 4\Semester 2\Deep Learning\Assignment\SE4050-Deep-Learning-Assignment\data\train\India\images\India_007650.jpg,India,4,0,0,0,1,['D40'],D40,test,3444
C:\Users\ASUS\Desktop\SLIIT\Year 4\Semester 2\Deep Learning\Assignment\SE4050-Deep-Learning-Assignment\data\train\India\images\India_007651.jpg,India,3,1,0,0,1,"['D00', 'D40']",D00,test,18
C:\Users\ASUS\Desktop\SLIIT\Year 4\Semester 2\Deep Learning\Assignment\SE4050-Deep-Learning-Assignment\data\train\India\images\India_007655.jpg,India,2,0,0,1,0,['D20'],D20,train,0
C:\Users\ASUS\Desktop\SLIIT\Year 4\Semester 2\Deep Learning\Assignment\SE4050-Deep-Learning-Assignment\data\train\India\images\India_007658.jpg,India,2,0,0,0,1,['D40'],D40,train,3445
C:\Users\ASUS\Desktop\SLIIT\Year 4\Semester 2\Deep Learning\Assignment\SE4050-Deep-Learning-Assignment\data\train\India\images\India_007667.jpg,India,1,0,0,1,0,['D20'],D20,test,3446
C:\Users\ASUS\Desktop\SLIIT\Year 4\Semester 2\Deep Learning\Assignment\SE4050-Deep-Learning-Assignment\data\train\India\images\India_007670.jpg,India,1,0,0,1,0,['D20'],D20,train,0
C:\Users\ASUS\Desktop\SLIIT\Year 4\Semester 2\Deep Learning\Assignment\SE4050-Deep-Learning-Assignment\data\train\India\images\India_007672.jpg,India,1,0,0,0,1,['D40'],D40,train,3447
C:\Users\ASUS\Desktop\SLIIT\Year 4\Semester 2\Deep Learning\Assignment\SE4050-Deep-Learning-Assignment\data\train\India\images\India_007676.jpg,India,2,0,0,1,0,['D20'],D20,val,3448
C:\Users\ASUS\Desktop\SLIIT\Year 4\Semester 2\Deep Learning\Assignment\SE4050-Deep-Learning-Assignment\data\train\India\images\India_007682.jpg,India,1,0,0,1,0,['D20'],D20,train,3449
C:\Users\ASUS\Desktop\SLIIT\Year 4\Semester 2\Deep Learning\Assignment\SE4050-Deep-Learning-Assignment\data\train\India\images\India_007688.jpg,India,1,1,0,0,0,['D00'],D00,train,12
C:\Users\ASUS\Desktop\SLIIT\Year 4\Semester 2\Deep Learning\Assignment\SE4050-Deep-Learning-Assignment\data\train\India\images\India_007689.jpg,India,1,0,0,1,0,['D20'],D20,train,3450
C:\Users\ASUS\Desktop\SLIIT\Year 4\Semester 2\Deep Learning\Assignment\SE4050-Deep-Learning-Assignment\data\train\India\images\India_007691.jpg,India,1,0,0,1,0,['D20'],D20,test,3451
C:\Users\ASUS\Desktop\SLIIT\Year 4\Semester 2\Deep Learning\Assignment\SE4050-Deep-Learning-Assignment\data\train\India\images\India_007697.jpg,India,2,0,0,0,1,['D40'],D40,train,3452
C:\Users\ASUS\Desktop\SLIIT\Year 4\Semester 2\Deep Learning\Assignment\SE4050-Deep-Learning-Assignment\data\train\India\images\India_007699.jpg,India,4,0,0,1,1,"['D20', 'D40']",D20,train,3453
C:\Users\ASUS\Desktop\SLIIT\Year 4\Semester 2\Deep Learning\Assignment\SE4050-Deep-Learning-Assignment\data\train\India\images\India_007702.jpg,India,1,0,0,1,0,['D20'],D20,train,3454
C:\Users\ASUS\Desktop\SLIIT\Year 4\Semester 2\Deep Learning\Assignment\SE4050-Deep-Learning-Assignment\data\train\India\images\India_007704.jpg,India,1,0,0,1,0,['D20'],D20,train,3455
C:\Users\ASUS\Desktop\SLIIT\Year 4\Semester 2\Deep Learning\Assignment\SE4050-Deep-Learning-Assignment\data\train\India\images\India_007706.jpg,India,6,1,0,1,1,"['D00', 'D20', 'D40']",D00,test,3456
C:\Users\ASUS\Desktop\SLIIT\Year 4\Semester 2\Deep Learning\Assignment\SE4050-Deep-Learning-Assignment\data\train\India\images\India_007707.jpg,India,4,1,0,1,1,"['D00', 'D20', 'D40']",D00,val,3457
C:\Users\ASUS\Desktop\SLIIT\Year 4\Semester 2\Deep Learning\Assignment\SE4050-Deep-Learning-Assignment\data\train\India\images\India_007708.jpg,India,1,0,0,1,0,['D20'],D20,train,3458
C:\Users\ASUS\Desktop\SLIIT\Year 4\Semester 2\Deep Learning\Assignment\SE4050-Deep-Learning-Assignment\data\train\India\images\India_007712.jpg,India,1,0,0,0,1,['D40'],D40,train,3459
C:\Users\ASUS\Desktop\SLIIT\Year 4\Semester 2\Deep Learning\Assignment\SE4050-Deep-Learning-Assignment\data\train\India\images\India_007713.jpg,India,5,1,0,0,1,"['D00', 'D40']",D00,test,4
C:\Users\ASUS\Desktop\SLIIT\Year 4\Semester 2\Deep Learning\Assignment\SE4050-Deep-Learning-Assignment\data\train\India\images\India_007716.jpg,India,3,1,0,1,1,"['D00', 'D20', 'D40']",D00,train,3460
C:\Users\ASUS\Desktop\SLIIT\Year 4\Semester 2\Deep Learning\Assignment\SE4050-Deep-Learning-Assignment\data\train\India\images\India_007718.jpg,India,1,0,0,1,0,['D20'],D20,val,3461
C:\Users\ASUS\Desktop\SLIIT\Year 4\Semester 2\Deep Learning\Assignment\SE4050-Deep-Learning-Assignment\data\train\India\images\India_007720.jpg,India,4,1,0,1,1,"['D00', 'D20', 'D40']",D00,test,3462
C:\Users\ASUS\Desktop\SLIIT\Year 4\Semester 2\Deep Learning\Assignment\SE4050-Deep-Learning-Assignment\data\train\India\images\India_007722.jpg,India,1,0,0,0,1,['D40'],D40,train,3463
C:\Users\ASUS\Desktop\SLIIT\Year 4\Semester 2\Deep Learning\Assignment\SE4050-Deep-Learning-Assignment\data\train\India\images\India_007723.jpg,India,3,0,0,0,1,['D40'],D40,val,3464
C:\Users\ASUS\Desktop\SLIIT\Year 4\Semester 2\Deep Learning\Assignment\SE4050-Deep-Learning-Assignment\data\train\India\images\India_007732.jpg,India,1,1,0,0,0,['D00'],D00,test,3465
C:\Users\ASUS\Desktop\SLIIT\Year 4\Semester 2\Deep Learning\Assignment\SE4050-Deep-Learning-Assignment\data\train\India\images\India_007734.jpg,India,4,0,0,0,1,['D40'],D40,train,3466
C:\Users\ASUS\Desktop\SLIIT\Year 4\Semester 2\Deep Learning\Assignment\SE4050-Deep-Learning-Assignment\data\train\India\images\India_007735.jpg,India,4,1,0,1,1,"['D00', 'D20', 'D40']",D00,train,3467
C:\Users\ASUS\Desktop\SLIIT\Year 4\Semester 2\Deep Learning\Assignment\SE4050-Deep-Learning-Assignment\data\train\India\images\India_007736.jpg,India,1,1,0,0,0,['D00'],D00,train,3468
C:\Users\ASUS\Desktop\SLIIT\Year 4\Semester 2\Deep Learning\Assignment\SE4050-Deep-Learning-Assignment\data\train\India\images\India_007737.jpg,India,1,0,0,0,1,['D40'],D40,train,3469
C:\Users\ASUS\Desktop\SLIIT\Year 4\Semester 2\Deep Learning\Assignment\SE4050-Deep-Learning-Assignment\data\train\India\images\India_007740.jpg,India,2,0,0,1,1,"['D20', 'D40']",D20,train,3470
C:\Users\ASUS\Desktop\SLIIT\Year 4\Semester 2\Deep Learning\Assignment\SE4050-Deep-Learning-Assignment\data\train\India\images\India_007741.jpg,India,1,0,0,1,0,['D20'],D20,test,3471
C:\Users\ASUS\Desktop\SLIIT\Year 4\Semester 2\Deep Learning\Assignment\SE4050-Deep-Learning-Assignment\data\train\India\images\India_007745.jpg,India,4,1,0,1,1,"['D00', 'D20', 'D40']",D00,train,6
C:\Users\ASUS\Desktop\SLIIT\Year 4\Semester 2\Deep Learning\Assignment\SE4050-Deep-Learning-Assignment\data\train\India\images\India_007749.jpg,India,7,0,0,1,1,"['D20', 'D40']",D20,test,3472
C:\Users\ASUS\Desktop\SLIIT\Year 4\Semester 2\Deep Learning\Assignment\SE4050-Deep-Learning-Assignment\data\train\India\images\India_007755.jpg,India,1,1,0,0,0,['D00'],D00,train,3473
C:\Users\ASUS\Desktop\SLIIT\Year 4\Semester 2\Deep Learning\Assignment\SE4050-Deep-Learning-Assignment\data\train\India\images\India_007758.jpg,India,1,1,0,0,0,['D00'],D00,test,3474
C:\Users\ASUS\Desktop\SLIIT\Year 4\Semester 2\Deep Learning\Assignment\SE4050-Deep-Learning-Assignment\data\train\India\images\India_007761.jpg,India,1,0,0,1,0,['D20'],D20,train,3475
C:\Users\ASUS\Desktop\SLIIT\Year 4\Semester 2\Deep Learning\Assignment\SE4050-Deep-Learning-Assignment\data\train\India\images\India_007766.jpg,India,8,0,0,1,1,"['D20', 'D40']",D20,train,3476
C:\Users\ASUS\Desktop\SLIIT\Year 4\Semester 2\Deep Learning\Assignment\SE4050-Deep-Learning-Assignment\data\train\India\images\India_007767.jpg,India,1,0,0,1,0,['D20'],D20,train,3477
C:\Users\ASUS\Desktop\SLIIT\Year 4\Semester 2\Deep Learning\Assignment\SE4050-Deep-Learning-Assignment\data\train\India\images\India_007769.jpg,India,2,0,0,1,0,['D20'],D20,test,3478
C:\Users\ASUS\Desktop\SLIIT\Year 4\Semester 2\Deep Learning\Assignment\SE4050-Deep-Learning-Assignment\data\train\India\images\India_007772.jpg,India,1,0,0,1,0,['D20'],D20,test,3479
C:\Users\ASUS\Desktop\SLIIT\Year 4\Semester 2\Deep Learning\Assignment\SE4050-Deep-Learning-Assignment\data\train\India\images\India_007779.jpg,India,2,0,0,1,0,['D20'],D20,val,3480
C:\Users\ASUS\Desktop\SLIIT\Year 4\Semester 2\Deep Learning\Assignment\SE4050-Deep-Learning-Assignment\data\train\India\images\India_007781.jpg,India,5,0,0,0,1,['D40'],D40,test,3481
C:\Users\ASUS\Desktop\SLIIT\Year 4\Semester 2\Deep Learning\Assignment\SE4050-Deep-Learning-Assignment\data\train\India\images\India_007782.jpg,India,2,1,0,0,1,"['D00', 'D40']",D00,val,3482
C:\Users\ASUS\Desktop\SLIIT\Year 4\Semester 2\Deep Learning\Assignment\SE4050-Deep-Learning-Assignment\data\train\India\images\India_007785.jpg,India,5,1,0,1,1,"['D00', 'D20', 'D40']",D00,test,77
C:\Users\ASUS\Desktop\SLIIT\Year 4\Semester 2\Deep Learning\Assignment\SE4050-Deep-Learning-Assignment\data\train\India\images\India_007789.jpg,India,3,1,0,1,1,"['D00', 'D20', 'D40']",D00,val,3483
C:\Users\ASUS\Desktop\SLIIT\Year 4\Semester 2\Deep Learning\Assignment\SE4050-Deep-Learning-Assignment\data\train\India\images\India_007791.jpg,India,3,0,0,0,1,['D40'],D40,train,3484
C:\Users\ASUS\Desktop\SLIIT\Year 4\Semester 2\Deep Learning\Assignment\SE4050-Deep-Learning-Assignment\data\train\India\images\India_007796.jpg,India,1,1,0,0,0,['D00'],D00,val,3485
C:\Users\ASUS\Desktop\SLIIT\Year 4\Semester 2\Deep Learning\Assignment\SE4050-Deep-Learning-Assignment\data\train\India\images\India_007801.jpg,India,6,0,0,1,1,"['D20', 'D40']",D20,test,4
C:\Users\ASUS\Desktop\SLIIT\Year 4\Semester 2\Deep Learning\Assignment\SE4050-Deep-Learning-Assignment\data\train\India\images\India_007806.jpg,India,4,0,0,1,1,"['D20', 'D40']",D20,test,3486
C:\Users\ASUS\Desktop\SLIIT\Year 4\Semester 2\Deep Learning\Assignment\SE4050-Deep-Learning-Assignment\data\train\India\images\India_007807.jpg,India,1,0,0,1,0,['D20'],D20,train,3487
C:\Users\ASUS\Desktop\SLIIT\Year 4\Semester 2\Deep Learning\Assignment\SE4050-Deep-Learning-Assignment\data\train\India\images\India_007809.jpg,India,2,0,0,1,0,['D20'],D20,train,3488
C:\Users\ASUS\Desktop\SLIIT\Year 4\Semester 2\Deep Learning\Assignment\SE4050-Deep-Learning-Assignment\data\train\India\images\India_007810.jpg,India,4,0,0,0,1,['D40'],D40,test,3489
C:\Users\ASUS\Desktop\SLIIT\Year 4\Semester 2\Deep Learning\Assignment\SE4050-Deep-Learning-Assignment\data\train\India\images\India_007811.jpg,India,1,0,0,1,0,['D20'],D20,train,57
C:\Users\ASUS\Desktop\SLIIT\Year 4\Semester 2\Deep Learning\Assignment\SE4050-Deep-Learning-Assignment\data\train\India\images\India_007816.jpg,India,2,0,0,1,0,['D20'],D20,train,3490
C:\Users\ASUS\Desktop\SLIIT\Year 4\Semester 2\Deep Learning\Assignment\SE4050-Deep-Learning-Assignment\data\train\India\images\India_007817.jpg,India,2,1,0,1,0,"['D00', 'D20']",D00,val,3491
C:\Users\ASUS\Desktop\SLIIT\Year 4\Semester 2\Deep Learning\Assignment\SE4050-Deep-Learning-Assignment\data\train\India\images\India_007824.jpg,India,5,1,0,1,0,"['D00', 'D20']",D00,train,3492
C:\Users\ASUS\Desktop\SLIIT\Year 4\Semester 2\Deep Learning\Assignment\SE4050-Deep-Learning-Assignment\data\train\India\images\India_007831.jpg,India,1,1,0,0,0,['D00'],D00,train,3493
C:\Users\ASUS\Desktop\SLIIT\Year 4\Semester 2\Deep Learning\Assignment\SE4050-Deep-Learning-Assignment\data\train\India\images\India_007834.jpg,India,1,0,0,1,0,['D20'],D20,train,3494
C:\Users\ASUS\Desktop\SLIIT\Year 4\Semester 2\Deep Learning\Assignment\SE4050-Deep-Learning-Assignment\data\train\India\images\India_007836.jpg,India,3,1,0,0,0,['D00'],D00,test,3495
C:\Users\ASUS\Desktop\SLIIT\Year 4\Semester 2\Deep Learning\Assignment\SE4050-Deep-Learning-Assignment\data\train\India\images\India_007844.jpg,India,2,0,0,1,0,['D20'],D20,train,0
C:\Users\ASUS\Desktop\SLIIT\Year 4\Semester 2\Deep Learning\Assignment\SE4050-Deep-Learning-Assignment\data\train\India\images\India_007846.jpg,India,1,1,0,0,0,['D00'],D00,train,3496
C:\Users\ASUS\Desktop\SLIIT\Year 4\Semester 2\Deep Learning\Assignment\SE4050-Deep-Learning-Assignment\data\train\India\images\India_007849.jpg,India,2,0,0,1,0,['D20'],D20,train,61
C:\Users\ASUS\Desktop\SLIIT\Year 4\Semester 2\Deep Learning\Assignment\SE4050-Deep-Learning-Assignment\data\train\India\images\India_007852.jpg,India,4,0,0,0,1,['D40'],D40,train,3497
C:\Users\ASUS\Desktop\SLIIT\Year 4\Semester 2\Deep Learning\Assignment\SE4050-Deep-Learning-Assignment\data\train\India\images\India_007859.jpg,India,2,1,0,1,0,"['D00', 'D20']",D00,val,3498
C:\Users\ASUS\Desktop\SLIIT\Year 4\Semester 2\Deep Learning\Assignment\SE4050-Deep-Learning-Assignment\data\train\India\images\India_007861.jpg,India,4,1,0,0,1,"['D00', 'D40']",D00,train,3499
C:\Users\ASUS\Desktop\SLIIT\Year 4\Semester 2\Deep Learning\Assignment\SE4050-Deep-Learning-Assignment\data\train\India\images\India_007862.jpg,India,1,1,0,0,0,['D00'],D00,val,3500
C:\Users\ASUS\Desktop\SLIIT\Year 4\Semester 2\Deep Learning\Assignment\SE4050-Deep-Learning-Assignment\data\train\India\images\India_007863.jpg,India,3,0,0,1,1,"['D20', 'D40']",D20,train,3501
C:\Users\ASUS\Desktop\SLIIT\Year 4\Semester 2\Deep Learning\Assignment\SE4050-Deep-Learning-Assignment\data\train\India\images\India_007880.jpg,India,3,0,0,0,1,['D40'],D40,train,3502
C:\Users\ASUS\Desktop\SLIIT\Year 4\Semester 2\Deep Learning\Assignment\SE4050-Deep-Learning-Assignment\data\train\India\images\India_007883.jpg,India,3,0,0,0,1,['D40'],D40,train,3503
C:\Users\ASUS\Desktop\SLIIT\Year 4\Semester 2\Deep Learning\Assignment\SE4050-Deep-Learning-Assignment\data\train\India\images\India_007884.jpg,India,2,1,0,1,0,"['D00', 'D20']",D00,test,3
C:\Users\ASUS\Desktop\SLIIT\Year 4\Semester 2\Deep Learning\Assignment\SE4050-Deep-Learning-Assignment\data\train\India\images\India_007886.jpg,India,2,1,0,1,0,"['D00', 'D20']",D00,train,3504
C:\Users\ASUS\Desktop\SLIIT\Year 4\Semester 2\Deep Learning\Assignment\SE4050-Deep-Learning-Assignment\data\train\India\images\India_007888.jpg,India,2,0,0,1,0,['D20'],D20,val,3505
C:\Users\ASUS\Desktop\SLIIT\Year 4\Semester 2\Deep Learning\Assignment\SE4050-Deep-Learning-Assignment\data\train\India\images\India_007890.jpg,India,1,0,0,0,1,['D40'],D40,train,3506
C:\Users\ASUS\Desktop\SLIIT\Year 4\Semester 2\Deep Learning\Assignment\SE4050-Deep-Learning-Assignment\data\train\India\images\India_007893.jpg,India,2,1,0,0,1,"['D00', 'D40']",D00,train,3507
C:\Users\ASUS\Desktop\SLIIT\Year 4\Semester 2\Deep Learning\Assignment\SE4050-Deep-Learning-Assignment\data\train\India\images\India_007900.jpg,India,2,0,0,0,1,['D40'],D40,train,3508
C:\Users\ASUS\Desktop\SLIIT\Year 4\Semester 2\Deep Learning\Assignment\SE4050-Deep-Learning-Assignment\data\train\India\images\India_007906.jpg,India,3,0,0,1,0,['D20'],D20,train,0
C:\Users\ASUS\Desktop\SLIIT\Year 4\Semester 2\Deep Learning\Assignment\SE4050-Deep-Learning-Assignment\data\train\India\images\India_007909.jpg,India,2,0,0,0,1,['D40'],D40,train,3509
C:\Users\ASUS\Desktop\SLIIT\Year 4\Semester 2\Deep Learning\Assignment\SE4050-Deep-Learning-Assignment\data\train\India\images\India_007911.jpg,India,2,0,0,1,0,['D20'],D20,train,3510
C:\Users\ASUS\Desktop\SLIIT\Year 4\Semester 2\Deep Learning\Assignment\SE4050-Deep-Learning-Assignment\data\train\India\images\India_007912.jpg,India,2,0,0,1,1,"['D20', 'D40']",D20,train,3511
C:\Users\ASUS\Desktop\SLIIT\Year 4\Semester 2\Deep Learning\Assignment\SE4050-Deep-Learning-Assignment\data\train\India\images\India_007915.jpg,India,5,1,0,1,1,"['D00', 'D20', 'D40']",D00,val,3512
C:\Users\ASUS\Desktop\SLIIT\Year 4\Semester 2\Deep Learning\Assignment\SE4050-Deep-Learning-Assignment\data\train\India\images\India_007917.jpg,India,4,0,0,0,1,['D40'],D40,train,3513
C:\Users\ASUS\Desktop\SLIIT\Year 4\Semester 2\Deep Learning\Assignment\SE4050-Deep-Learning-Assignment\data\train\India\images\India_007920.jpg,India,1,0,0,1,0,['D20'],D20,train,3514
C:\Users\ASUS\Desktop\SLIIT\Year 4\Semester 2\Deep Learning\Assignment\SE4050-Deep-Learning-Assignment\data\train\India\images\India_007922.jpg,India,2,1,0,0,0,['D00'],D00,train,3515
C:\Users\ASUS\Desktop\SLIIT\Year 4\Semester 2\Deep Learning\Assignment\SE4050-Deep-Learning-Assignment\data\train\India\images\India_007934.jpg,India,1,1,0,0,0,['D00'],D00,train,3516
C:\Users\ASUS\Desktop\SLIIT\Year 4\Semester 2\Deep Learning\Assignment\SE4050-Deep-Learning-Assignment\data\train\India\images\India_007935.jpg,India,1,0,0,1,0,['D20'],D20,test,3517
C:\Users\ASUS\Desktop\SLIIT\Year 4\Semester 2\Deep Learning\Assignment\SE4050-Deep-Learning-Assignment\data\train\India\images\India_007943.jpg,India,1,0,0,0,1,['D40'],D40,test,3518
C:\Users\ASUS\Desktop\SLIIT\Year 4\Semester 2\Deep Learning\Assignment\SE4050-Deep-Learning-Assignment\data\train\India\images\India_007946.jpg,India,2,0,0,1,1,"['D20', 'D40']",D20,train,3519
C:\Users\ASUS\Desktop\SLIIT\Year 4\Semester 2\Deep Learning\Assignment\SE4050-Deep-Learning-Assignment\data\train\India\images\India_007954.jpg,India,2,1,0,0,1,"['D00', 'D40']",D00,val,3520
C:\Users\ASUS\Desktop\SLIIT\Year 4\Semester 2\Deep Learning\Assignment\SE4050-Deep-Learning-Assignment\data\train\India\images\India_007955.jpg,India,2,0,0,1,1,"['D20', 'D40']",D20,val,3521
C:\Users\ASUS\Desktop\SLIIT\Year 4\Semester 2\Deep Learning\Assignment\SE4050-Deep-Learning-Assignment\data\train\India\images\India_007962.jpg,India,1,0,0,0,1,['D40'],D40,test,3522
C:\Users\ASUS\Desktop\SLIIT\Year 4\Semester 2\Deep Learning\Assignment\SE4050-Deep-Learning-Assignment\data\train\India\images\India_007964.jpg,India,1,0,0,1,0,['D20'],D20,train,0
C:\Users\ASUS\Desktop\SLIIT\Year 4\Semester 2\Deep Learning\Assignment\SE4050-Deep-Learning-Assignment\data\train\India\images\India_007965.jpg,India,1,1,0,0,0,['D00'],D00,train,3523
C:\Users\ASUS\Desktop\SLIIT\Year 4\Semester 2\Deep Learning\Assignment\SE4050-Deep-Learning-Assignment\data\train\India\images\India_007966.jpg,India,1,0,0,1,0,['D20'],D20,train,3524
C:\Users\ASUS\Desktop\SLIIT\Year 4\Semester 2\Deep Learning\Assignment\SE4050-Deep-Learning-Assignment\data\train\India\images\India_007972.jpg,India,4,0,0,0,1,['D40'],D40,train,3525
C:\Users\ASUS\Desktop\SLIIT\Year 4\Semester 2\Deep Learning\Assignment\SE4050-Deep-Learning-Assignment\data\train\India\images\India_007974.jpg,India,6,1,0,1,1,"['D00', 'D20', 'D40']",D00,val,3526
C:\Users\ASUS\Desktop\SLIIT\Year 4\Semester 2\Deep Learning\Assignment\SE4050-Deep-Learning-Assignment\data\train\India\images\India_007979.jpg,India,2,1,0,0,0,['D00'],D00,train,3527
C:\Users\ASUS\Desktop\SLIIT\Year 4\Semester 2\Deep Learning\Assignment\SE4050-Deep-Learning-Assignment\data\train\India\images\India_007981.jpg,India,2,1,0,0,1,"['D00', 'D40']",D00,val,3528
C:\Users\ASUS\Desktop\SLIIT\Year 4\Semester 2\Deep Learning\Assignment\SE4050-Deep-Learning-Assignment\data\train\India\images\India_007983.jpg,India,3,0,0,1,1,"['D20', 'D40']",D20,train,3529
C:\Users\ASUS\Desktop\SLIIT\Year 4\Semester 2\Deep Learning\Assignment\SE4050-Deep-Learning-Assignment\data\train\India\images\India_007985.jpg,India,1,0,0,1,0,['D20'],D20,test,3530
C:\Users\ASUS\Desktop\SLIIT\Year 4\Semester 2\Deep Learning\Assignment\SE4050-Deep-Learning-Assignment\data\train\India\images\India_007989.jpg,India,1,0,0,0,1,['D40'],D40,train,3531
C:\Users\ASUS\Desktop\SLIIT\Year 4\Semester 2\Deep Learning\Assignment\SE4050-Deep-Learning-Assignment\data\train\India\images\India_007991.jpg,India,3,0,0,1,1,"['D20', 'D40']",D20,test,78
C:\Users\ASUS\Desktop\SLIIT\Year 4\Semester 2\Deep Learning\Assignment\SE4050-Deep-Learning-Assignment\data\train\India\images\India_007997.jpg,India,1,0,0,1,0,['D20'],D20,train,3532
C:\Users\ASUS\Desktop\SLIIT\Year 4\Semester 2\Deep Learning\Assignment\SE4050-Deep-Learning-Assignment\data\train\India\images\India_007998.jpg,India,7,1,0,1,1,"['D00', 'D20', 'D40']",D00,test,3533
C:\Users\ASUS\Desktop\SLIIT\Year 4\Semester 2\Deep Learning\Assignment\SE4050-Deep-Learning-Assignment\data\train\India\images\India_007999.jpg,India,1,0,0,1,0,['D20'],D20,val,3534
C:\Users\ASUS\Desktop\SLIIT\Year 4\Semester 2\Deep Learning\Assignment\SE4050-Deep-Learning-Assignment\data\train\India\images\India_008003.jpg,India,1,0,0,1,0,['D20'],D20,val,3535
C:\Users\ASUS\Desktop\SLIIT\Year 4\Semester 2\Deep Learning\Assignment\SE4050-Deep-Learning-Assignment\data\train\India\images\India_008004.jpg,India,3,0,0,0,1,['D40'],D40,train,3536
C:\Users\ASUS\Desktop\SLIIT\Year 4\Semester 2\Deep Learning\Assignment\SE4050-Deep-Learning-Assignment\data\train\India\images\India_008007.jpg,India,3,0,0,1,1,"['D20', 'D40']",D20,train,3537
C:\Users\ASUS\Desktop\SLIIT\Year 4\Semester 2\Deep Learning\Assignment\SE4050-Deep-Learning-Assignment\data\train\India\images\India_008009.jpg,India,2,1,0,1,0,"['D00', 'D20']",D00,test,3538
C:\Users\ASUS\Desktop\SLIIT\Year 4\Semester 2\Deep Learning\Assignment\SE4050-Deep-Learning-Assignment\data\train\India\images\India_008012.jpg,India,4,0,0,1,1,"['D20', 'D40']",D20,train,3539
C:\Users\ASUS\Desktop\SLIIT\Year 4\Semester 2\Deep Learning\Assignment\SE4050-Deep-Learning-Assignment\data\train\India\images\India_008013.jpg,India,1,0,0,0,1,['D40'],D40,train,3540
C:\Users\ASUS\Desktop\SLIIT\Year 4\Semester 2\Deep Learning\Assignment\SE4050-Deep-Learning-Assignment\data\train\India\images\India_008014.jpg,India,4,1,0,1,0,"['D00', 'D20']",D00,train,3541
C:\Users\ASUS\Desktop\SLIIT\Year 4\Semester 2\Deep Learning\Assignment\SE4050-Deep-Learning-Assignment\data\train\India\images\India_008015.jpg,India,1,0,0,0,1,['D40'],D40,val,3542
C:\Users\ASUS\Desktop\SLIIT\Year 4\Semester 2\Deep Learning\Assignment\SE4050-Deep-Learning-Assignment\data\train\India\images\India_008016.jpg,India,2,0,0,1,1,"['D20', 'D40']",D20,train,3543
C:\Users\ASUS\Desktop\SLIIT\Year 4\Semester 2\Deep Learning\Assignment\SE4050-Deep-Learning-Assignment\data\train\India\images\India_008017.jpg,India,5,1,1,1,1,"['D00', 'D10', 'D20', 'D40']",D00,val,3544
C:\Users\ASUS\Desktop\SLIIT\Year 4\Semester 2\Deep Learning\Assignment\SE4050-Deep-Learning-Assignment\data\train\India\images\India_008018.jpg,India,1,1,0,0,0,['D00'],D00,train,3545
C:\Users\ASUS\Desktop\SLIIT\Year 4\Semester 2\Deep Learning\Assignment\SE4050-Deep-Learning-Assignment\data\train\India\images\India_008019.jpg,India,2,0,0,1,0,['D20'],D20,train,3546
C:\Users\ASUS\Desktop\SLIIT\Year 4\Semester 2\Deep Learning\Assignment\SE4050-Deep-Learning-Assignment\data\train\India\images\India_008022.jpg,India,7,1,0,1,1,"['D00', 'D20', 'D40']",D00,test,3547
C:\Users\ASUS\Desktop\SLIIT\Year 4\Semester 2\Deep Learning\Assignment\SE4050-Deep-Learning-Assignment\data\train\India\images\India_008023.jpg,India,1,1,0,0,0,['D00'],D00,train,3548
C:\Users\ASUS\Desktop\SLIIT\Year 4\Semester 2\Deep Learning\Assignment\SE4050-Deep-Learning-Assignment\data\train\India\images\India_008025.jpg,India,2,1,0,0,1,"['D00', 'D40']",D00,train,3549
C:\Users\ASUS\Desktop\SLIIT\Year 4\Semester 2\Deep Learning\Assignment\SE4050-Deep-Learning-Assignment\data\train\India\images\India_008027.jpg,India,2,1,0,0,1,"['D00', 'D40']",D00,test,3550
C:\Users\ASUS\Desktop\SLIIT\Year 4\Semester 2\Deep Learning\Assignment\SE4050-Deep-Learning-Assignment\data\train\India\images\India_008029.jpg,India,5,1,0,1,1,"['D00', 'D20', 'D40']",D00,train,3551
C:\Users\ASUS\Desktop\SLIIT\Year 4\Semester 2\Deep Learning\Assignment\SE4050-Deep-Learning-Assignment\data\train\India\images\India_008034.jpg,India,4,0,0,0,1,['D40'],D40,train,3552
C:\Users\ASUS\Desktop\SLIIT\Year 4\Semester 2\Deep Learning\Assignment\SE4050-Deep-Learning-Assignment\data\train\India\images\India_008035.jpg,India,2,1,0,0,1,"['D00', 'D40']",D00,train,3553
C:\Users\ASUS\Desktop\SLIIT\Year 4\Semester 2\Deep Learning\Assignment\SE4050-Deep-Learning-Assignment\data\train\India\images\India_008037.jpg,India,4,0,0,1,1,"['D20', 'D40']",D20,train,3554
C:\Users\ASUS\Desktop\SLIIT\Year 4\Semester 2\Deep Learning\Assignment\SE4050-Deep-Learning-Assignment\data\train\India\images\India_008039.jpg,India,1,0,0,1,0,['D20'],D20,val,3555
C:\Users\ASUS\Desktop\SLIIT\Year 4\Semester 2\Deep Learning\Assignment\SE4050-Deep-Learning-Assignment\data\train\India\images\India_008043.jpg,India,4,0,0,1,0,['D20'],D20,train,3556
C:\Users\ASUS\Desktop\SLIIT\Year 4\Semester 2\Deep Learning\Assignment\SE4050-Deep-Learning-Assignment\data\train\India\images\India_008050.jpg,India,3,0,0,1,0,['D20'],D20,train,3557
C:\Users\ASUS\Desktop\SLIIT\Year 4\Semester 2\Deep Learning\Assignment\SE4050-Deep-Learning-Assignment\data\train\India\images\India_008059.jpg,India,1,1,0,0,0,['D00'],D00,train,3558
C:\Users\ASUS\Desktop\SLIIT\Year 4\Semester 2\Deep Learning\Assignment\SE4050-Deep-Learning-Assignment\data\train\India\images\India_008061.jpg,India,1,0,0,1,0,['D20'],D20,test,3559
C:\Users\ASUS\Desktop\SLIIT\Year 4\Semester 2\Deep Learning\Assignment\SE4050-Deep-Learning-Assignment\data\train\India\images\India_008062.jpg,India,2,1,0,0,0,['D00'],D00,val,3560
C:\Users\ASUS\Desktop\SLIIT\Year 4\Semester 2\Deep Learning\Assignment\SE4050-Deep-Learning-Assignment\data\train\India\images\India_008064.jpg,India,1,0,0,0,1,['D40'],D40,test,3561
C:\Users\ASUS\Desktop\SLIIT\Year 4\Semester 2\Deep Learning\Assignment\SE4050-Deep-Learning-Assignment\data\train\India\images\India_008067.jpg,India,2,1,0,1,0,"['D00', 'D20']",D00,train,3562
C:\Users\ASUS\Desktop\SLIIT\Year 4\Semester 2\Deep Learning\Assignment\SE4050-Deep-Learning-Assignment\data\train\India\images\India_008068.jpg,India,1,0,0,1,0,['D20'],D20,train,3563
C:\Users\ASUS\Desktop\SLIIT\Year 4\Semester 2\Deep Learning\Assignment\SE4050-Deep-Learning-Assignment\data\train\India\images\India_008070.jpg,India,3,1,0,1,1,"['D00', 'D20', 'D40']",D00,train,3564
C:\Users\ASUS\Desktop\SLIIT\Year 4\Semester 2\Deep Learning\Assignment\SE4050-Deep-Learning-Assignment\data\train\India\images\India_008076.jpg,India,1,0,0,1,0,['D20'],D20,val,3565
C:\Users\ASUS\Desktop\SLIIT\Year 4\Semester 2\Deep Learning\Assignment\SE4050-Deep-Learning-Assignment\data\train\India\images\India_008078.jpg,India,1,0,0,1,0,['D20'],D20,train,3566
C:\Users\ASUS\Desktop\SLIIT\Year 4\Semester 2\Deep Learning\Assignment\SE4050-Deep-Learning-Assignment\data\train\India\images\India_008079.jpg,India,2,0,0,1,0,['D20'],D20,train,3567
C:\Users\ASUS\Desktop\SLIIT\Year 4\Semester 2\Deep Learning\Assignment\SE4050-Deep-Learning-Assignment\data\train\India\images\India_008084.jpg,India,3,1,0,1,1,"['D00', 'D20', 'D40']",D00,train,3568
C:\Users\ASUS\Desktop\SLIIT\Year 4\Semester 2\Deep Learning\Assignment\SE4050-Deep-Learning-Assignment\data\train\India\images\India_008085.jpg,India,1,1,0,0,0,['D00'],D00,train,3569
C:\Users\ASUS\Desktop\SLIIT\Year 4\Semester 2\Deep Learning\Assignment\SE4050-Deep-Learning-Assignment\data\train\India\images\India_008090.jpg,India,2,0,0,1,0,['D20'],D20,train,3570
C:\Users\ASUS\Desktop\SLIIT\Year 4\Semester 2\Deep Learning\Assignment\SE4050-Deep-Learning-Assignment\data\train\India\images\India_008094.jpg,India,5,0,0,0,1,['D40'],D40,val,3571
C:\Users\ASUS\Desktop\SLIIT\Year 4\Semester 2\Deep Learning\Assignment\SE4050-Deep-Learning-Assignment\data\train\India\images\India_008097.jpg,India,2,0,0,1,0,['D20'],D20,val,3572
C:\Users\ASUS\Desktop\SLIIT\Year 4\Semester 2\Deep Learning\Assignment\SE4050-Deep-Learning-Assignment\data\train\India\images\India_008099.jpg,India,2,0,0,1,1,"['D20', 'D40']",D20,train,3573
C:\Users\ASUS\Desktop\SLIIT\Year 4\Semester 2\Deep Learning\Assignment\SE4050-Deep-Learning-Assignment\data\train\India\images\India_008103.jpg,India,2,0,0,1,0,['D20'],D20,train,3574
C:\Users\ASUS\Desktop\SLIIT\Year 4\Semester 2\Deep Learning\Assignment\SE4050-Deep-Learning-Assignment\data\train\India\images\India_008105.jpg,India,5,0,0,1,1,"['D20', 'D40']",D20,test,3575
C:\Users\ASUS\Desktop\SLIIT\Year 4\Semester 2\Deep Learning\Assignment\SE4050-Deep-Learning-Assignment\data\train\India\images\India_008107.jpg,India,2,1,0,1,0,"['D00', 'D20']",D00,train,3576
C:\Users\ASUS\Desktop\SLIIT\Year 4\Semester 2\Deep Learning\Assignment\SE4050-Deep-Learning-Assignment\data\train\India\images\India_008109.jpg,India,1,1,0,0,0,['D00'],D00,train,3577
C:\Users\ASUS\Desktop\SLIIT\Year 4\Semester 2\Deep Learning\Assignment\SE4050-Deep-Learning-Assignment\data\train\India\images\India_008111.jpg,India,1,1,0,0,0,['D00'],D00,train,3578
C:\Users\ASUS\Desktop\SLIIT\Year 4\Semester 2\Deep Learning\Assignment\SE4050-Deep-Learning-Assignment\data\train\India\images\India_008112.jpg,India,2,0,0,1,0,['D20'],D20,test,3579
C:\Users\ASUS\Desktop\SLIIT\Year 4\Semester 2\Deep Learning\Assignment\SE4050-Deep-Learning-Assignment\data\train\India\images\India_008116.jpg,India,2,0,0,0,1,['D40'],D40,train,3580
C:\Users\ASUS\Desktop\SLIIT\Year 4\Semester 2\Deep Learning\Assignment\SE4050-Deep-Learning-Assignment\data\train\India\images\India_008119.jpg,India,1,0,0,0,1,['D40'],D40,train,3581
C:\Users\ASUS\Desktop\SLIIT\Year 4\Semester 2\Deep Learning\Assignment\SE4050-Deep-Learning-Assignment\data\train\India\images\India_008127.jpg,India,1,0,0,0,1,['D40'],D40,train,3582
C:\Users\ASUS\Desktop\SLIIT\Year 4\Semester 2\Deep Learning\Assignment\SE4050-Deep-Learning-Assignment\data\train\India\images\India_008128.jpg,India,4,1,0,0,0,['D00'],D00,val,3583
C:\Users\ASUS\Desktop\SLIIT\Year 4\Semester 2\Deep Learning\Assignment\SE4050-Deep-Learning-Assignment\data\train\India\images\India_008133.jpg,India,4,0,1,0,0,['D10'],D10,train,3584
C:\Users\ASUS\Desktop\SLIIT\Year 4\Semester 2\Deep Learning\Assignment\SE4050-Deep-Learning-Assignment\data\train\India\images\India_008134.jpg,India,3,0,0,1,1,"['D20', 'D40']",D20,train,3585
C:\Users\ASUS\Desktop\SLIIT\Year 4\Semester 2\Deep Learning\Assignment\SE4050-Deep-Learning-Assignment\data\train\India\images\India_008139.jpg,India,5,0,0,1,1,"['D20', 'D40']",D20,test,3586
C:\Users\ASUS\Desktop\SLIIT\Year 4\Semester 2\Deep Learning\Assignment\SE4050-Deep-Learning-Assignment\data\train\India\images\India_008141.jpg,India,1,1,0,0,0,['D00'],D00,train,3587
C:\Users\ASUS\Desktop\SLIIT\Year 4\Semester 2\Deep Learning\Assignment\SE4050-Deep-Learning-Assignment\data\train\India\images\India_008142.jpg,India,3,0,0,1,1,"['D20', 'D40']",D20,train,3588
C:\Users\ASUS\Desktop\SLIIT\Year 4\Semester 2\Deep Learning\Assignment\SE4050-Deep-Learning-Assignment\data\train\India\images\India_008144.jpg,India,2,1,0,0,0,['D00'],D00,test,3589
C:\Users\ASUS\Desktop\SLIIT\Year 4\Semester 2\Deep Learning\Assignment\SE4050-Deep-Learning-Assignment\data\train\India\images\India_008153.jpg,India,1,0,0,1,0,['D20'],D20,train,3590
C:\Users\ASUS\Desktop\SLIIT\Year 4\Semester 2\Deep Learning\Assignment\SE4050-Deep-Learning-Assignment\data\train\India\images\India_008154.jpg,India,5,0,0,0,1,['D40'],D40,val,3591
C:\Users\ASUS\Desktop\SLIIT\Year 4\Semester 2\Deep Learning\Assignment\SE4050-Deep-Learning-Assignment\data\train\India\images\India_008157.jpg,India,4,0,0,1,1,"['D20', 'D40']",D20,val,3592
C:\Users\ASUS\Desktop\SLIIT\Year 4\Semester 2\Deep Learning\Assignment\SE4050-Deep-Learning-Assignment\data\train\India\images\India_008159.jpg,India,1,0,0,1,0,['D20'],D20,train,3593
C:\Users\ASUS\Desktop\SLIIT\Year 4\Semester 2\Deep Learning\Assignment\SE4050-Deep-Learning-Assignment\data\train\India\images\India_008160.jpg,India,2,0,0,1,0,['D20'],D20,test,3594
C:\Users\ASUS\Desktop\SLIIT\Year 4\Semester 2\Deep Learning\Assignment\SE4050-Deep-Learning-Assignment\data\train\India\images\India_008162.jpg,India,1,0,0,1,0,['D20'],D20,train,3595
C:\Users\ASUS\Desktop\SLIIT\Year 4\Semester 2\Deep Learning\Assignment\SE4050-Deep-Learning-Assignment\data\train\India\images\India_008163.jpg,India,2,0,0,1,1,"['D20', 'D40']",D20,test,3596
C:\Users\ASUS\Desktop\SLIIT\Year 4\Semester 2\Deep Learning\Assignment\SE4050-Deep-Learning-Assignment\data\train\India\images\India_008172.jpg,India,1,0,0,1,0,['D20'],D20,train,3597
C:\Users\ASUS\Desktop\SLIIT\Year 4\Semester 2\Deep Learning\Assignment\SE4050-Deep-Learning-Assignment\data\train\India\images\India_008177.jpg,India,2,0,0,1,1,"['D20', 'D40']",D20,train,3598
C:\Users\ASUS\Desktop\SLIIT\Year 4\Semester 2\Deep Learning\Assignment\SE4050-Deep-Learning-Assignment\data\train\India\images\India_008182.jpg,India,2,0,0,1,0,['D20'],D20,train,3599
C:\Users\ASUS\Desktop\SLIIT\Year 4\Semester 2\Deep Learning\Assignment\SE4050-Deep-Learning-Assignment\data\train\India\images\India_008183.jpg,India,5,0,0,1,1,"['D20', 'D40']",D20,train,3600
C:\Users\ASUS\Desktop\SLIIT\Year 4\Semester 2\Deep Learning\Assignment\SE4050-Deep-Learning-Assignment\data\train\India\images\India_008186.jpg,India,1,0,0,1,0,['D20'],D20,train,3601
C:\Users\ASUS\Desktop\SLIIT\Year 4\Semester 2\Deep Learning\Assignment\SE4050-Deep-Learning-Assignment\data\train\India\images\India_008188.jpg,India,3,1,0,0,1,"['D00', 'D40']",D00,train,3602
C:\Users\ASUS\Desktop\SLIIT\Year 4\Semester 2\Deep Learning\Assignment\SE4050-Deep-Learning-Assignment\data\train\India\images\India_008190.jpg,India,1,0,0,1,0,['D20'],D20,train,3603
C:\Users\ASUS\Desktop\SLIIT\Year 4\Semester 2\Deep Learning\Assignment\SE4050-Deep-Learning-Assignment\data\train\India\images\India_008195.jpg,India,1,0,0,1,0,['D20'],D20,train,3604
C:\Users\ASUS\Desktop\SLIIT\Year 4\Semester 2\Deep Learning\Assignment\SE4050-Deep-Learning-Assignment\data\train\India\images\India_008198.jpg,India,2,1,0,0,0,['D00'],D00,test,3605
C:\Users\ASUS\Desktop\SLIIT\Year 4\Semester 2\Deep Learning\Assignment\SE4050-Deep-Learning-Assignment\data\train\India\images\India_008204.jpg,India,2,1,0,0,0,['D00'],D00,train,3606
C:\Users\ASUS\Desktop\SLIIT\Year 4\Semester 2\Deep Learning\Assignment\SE4050-Deep-Learning-Assignment\data\train\India\images\India_008207.jpg,India,4,1,0,1,1,"['D00', 'D20', 'D40']",D00,train,3607
C:\Users\ASUS\Desktop\SLIIT\Year 4\Semester 2\Deep Learning\Assignment\SE4050-Deep-Learning-Assignment\data\train\India\images\India_008209.jpg,India,4,1,0,0,1,"['D00', 'D40']",D00,train,2
C:\Users\ASUS\Desktop\SLIIT\Year 4\Semester 2\Deep Learning\Assignment\SE4050-Deep-Learning-Assignment\data\train\India\images\India_008214.jpg,India,2,1,0,1,0,"['D00', 'D20']",D00,train,3608
C:\Users\ASUS\Desktop\SLIIT\Year 4\Semester 2\Deep Learning\Assignment\SE4050-Deep-Learning-Assignment\data\train\India\images\India_008215.jpg,India,2,1,0,1,0,"['D00', 'D20']",D00,train,3609
C:\Users\ASUS\Desktop\SLIIT\Year 4\Semester 2\Deep Learning\Assignment\SE4050-Deep-Learning-Assignment\data\train\India\images\India_008218.jpg,India,6,1,1,0,0,"['D00', 'D10']",D00,train,3610
C:\Users\ASUS\Desktop\SLIIT\Year 4\Semester 2\Deep Learning\Assignment\SE4050-Deep-Learning-Assignment\data\train\India\images\India_008221.jpg,India,1,0,0,1,0,['D20'],D20,val,3611
C:\Users\ASUS\Desktop\SLIIT\Year 4\Semester 2\Deep Learning\Assignment\SE4050-Deep-Learning-Assignment\data\train\India\images\India_008223.jpg,India,5,0,0,1,1,"['D20', 'D40']",D20,train,3612
C:\Users\ASUS\Desktop\SLIIT\Year 4\Semester 2\Deep Learning\Assignment\SE4050-Deep-Learning-Assignment\data\train\India\images\India_008224.jpg,India,5,1,0,0,1,"['D00', 'D40']",D00,test,3613
C:\Users\ASUS\Desktop\SLIIT\Year 4\Semester 2\Deep Learning\Assignment\SE4050-Deep-Learning-Assignment\data\train\India\images\India_008226.jpg,India,2,0,0,1,1,"['D20', 'D40']",D20,val,3614
C:\Users\ASUS\Desktop\SLIIT\Year 4\Semester 2\Deep Learning\Assignment\SE4050-Deep-Learning-Assignment\data\train\India\images\India_008227.jpg,India,3,1,0,1,1,"['D00', 'D20', 'D40']",D00,train,3615
C:\Users\ASUS\Desktop\SLIIT\Year 4\Semester 2\Deep Learning\Assignment\SE4050-Deep-Learning-Assignment\data\train\India\images\India_008228.jpg,India,2,0,0,1,0,['D20'],D20,val,3616
C:\Users\ASUS\Desktop\SLIIT\Year 4\Semester 2\Deep Learning\Assignment\SE4050-Deep-Learning-Assignment\data\train\India\images\India_008229.jpg,India,2,0,0,1,0,['D20'],D20,train,3617
C:\Users\ASUS\Desktop\SLIIT\Year 4\Semester 2\Deep Learning\Assignment\SE4050-Deep-Learning-Assignment\data\train\India\images\India_008233.jpg,India,8,1,0,1,1,"['D00', 'D20', 'D40']",D00,val,3618
C:\Users\ASUS\Desktop\SLIIT\Year 4\Semester 2\Deep Learning\Assignment\SE4050-Deep-Learning-Assignment\data\train\India\images\India_008237.jpg,India,2,1,0,0,0,['D00'],D00,train,3619
C:\Users\ASUS\Desktop\SLIIT\Year 4\Semester 2\Deep Learning\Assignment\SE4050-Deep-Learning-Assignment\data\train\India\images\India_008238.jpg,India,2,1,0,1,0,"['D00', 'D20']",D00,test,3620
C:\Users\ASUS\Desktop\SLIIT\Year 4\Semester 2\Deep Learning\Assignment\SE4050-Deep-Learning-Assignment\data\train\India\images\India_008239.jpg,India,2,0,0,1,0,['D20'],D20,train,79
C:\Users\ASUS\Desktop\SLIIT\Year 4\Semester 2\Deep Learning\Assignment\SE4050-Deep-Learning-Assignment\data\train\India\images\India_008241.jpg,India,3,0,0,0,1,['D40'],D40,train,3621
C:\Users\ASUS\Desktop\SLIIT\Year 4\Semester 2\Deep Learning\Assignment\SE4050-Deep-Learning-Assignment\data\train\India\images\India_008244.jpg,India,3,0,0,1,1,"['D20', 'D40']",D20,train,51
C:\Users\ASUS\Desktop\SLIIT\Year 4\Semester 2\Deep Learning\Assignment\SE4050-Deep-Learning-Assignment\data\train\India\images\India_008247.jpg,India,1,1,0,0,0,['D00'],D00,train,3622
C:\Users\ASUS\Desktop\SLIIT\Year 4\Semester 2\Deep Learning\Assignment\SE4050-Deep-Learning-Assignment\data\train\India\images\India_008249.jpg,India,4,1,0,1,1,"['D00', 'D20', 'D40']",D00,train,9
C:\Users\ASUS\Desktop\SLIIT\Year 4\Semester 2\Deep Learning\Assignment\SE4050-Deep-Learning-Assignment\data\train\India\images\India_008250.jpg,India,3,0,0,1,1,"['D20', 'D40']",D20,train,3623
C:\Users\ASUS\Desktop\SLIIT\Year 4\Semester 2\Deep Learning\Assignment\SE4050-Deep-Learning-Assignment\data\train\India\images\India_008254.jpg,India,3,1,0,1,0,"['D00', 'D20']",D00,val,3624
C:\Users\ASUS\Desktop\SLIIT\Year 4\Semester 2\Deep Learning\Assignment\SE4050-Deep-Learning-Assignment\data\train\India\images\India_008256.jpg,India,2,0,0,1,0,['D20'],D20,train,3625
C:\Users\ASUS\Desktop\SLIIT\Year 4\Semester 2\Deep Learning\Assignment\SE4050-Deep-Learning-Assignment\data\train\India\images\India_008257.jpg,India,6,1,0,1,0,"['D00', 'D20']",D00,train,3626
C:\Users\ASUS\Desktop\SLIIT\Year 4\Semester 2\Deep Learning\Assignment\SE4050-Deep-Learning-Assignment\data\train\India\images\India_008261.jpg,India,6,1,0,1,1,"['D00', 'D20', 'D40']",D00,train,3627
C:\Users\ASUS\Desktop\SLIIT\Year 4\Semester 2\Deep Learning\Assignment\SE4050-Deep-Learning-Assignment\data\train\India\images\India_008263.jpg,India,5,0,0,1,1,"['D20', 'D40']",D20,train,3628
C:\Users\ASUS\Desktop\SLIIT\Year 4\Semester 2\Deep Learning\Assignment\SE4050-Deep-Learning-Assignment\data\train\India\images\India_008266.jpg,India,1,0,0,1,0,['D20'],D20,train,3629
C:\Users\ASUS\Desktop\SLIIT\Year 4\Semester 2\Deep Learning\Assignment\SE4050-Deep-Learning-Assignment\data\train\India\images\India_008267.jpg,India,4,1,0,1,1,"['D00', 'D20', 'D40']",D00,train,3630
C:\Users\ASUS\Desktop\SLIIT\Year 4\Semester 2\Deep Learning\Assignment\SE4050-Deep-Learning-Assignment\data\train\India\images\India_008271.jpg,India,2,0,0,1,1,"['D20', 'D40']",D20,test,80
C:\Users\ASUS\Desktop\SLIIT\Year 4\Semester 2\Deep Learning\Assignment\SE4050-Deep-Learning-Assignment\data\train\India\images\India_008279.jpg,India,1,0,0,0,1,['D40'],D40,train,5
C:\Users\ASUS\Desktop\SLIIT\Year 4\Semester 2\Deep Learning\Assignment\SE4050-Deep-Learning-Assignment\data\train\India\images\India_008280.jpg,India,3,1,0,0,0,['D00'],D00,train,3631
C:\Users\ASUS\Desktop\SLIIT\Year 4\Semester 2\Deep Learning\Assignment\SE4050-Deep-Learning-Assignment\data\train\India\images\India_008282.jpg,India,2,0,0,1,1,"['D20', 'D40']",D20,train,3632
C:\Users\ASUS\Desktop\SLIIT\Year 4\Semester 2\Deep Learning\Assignment\SE4050-Deep-Learning-Assignment\data\train\India\images\India_008284.jpg,India,2,0,0,1,0,['D20'],D20,train,3633
C:\Users\ASUS\Desktop\SLIIT\Year 4\Semester 2\Deep Learning\Assignment\SE4050-Deep-Learning-Assignment\data\train\India\images\India_008285.jpg,India,3,0,0,0,1,['D40'],D40,train,44
C:\Users\ASUS\Desktop\SLIIT\Year 4\Semester 2\Deep Learning\Assignment\SE4050-Deep-Learning-Assignment\data\train\India\images\India_008292.jpg,India,1,0,0,0,1,['D40'],D40,train,3634
C:\Users\ASUS\Desktop\SLIIT\Year 4\Semester 2\Deep Learning\Assignment\SE4050-Deep-Learning-Assignment\data\train\India\images\India_008296.jpg,India,2,0,0,1,1,"['D20', 'D40']",D20,test,3635
C:\Users\ASUS\Desktop\SLIIT\Year 4\Semester 2\Deep Learning\Assignment\SE4050-Deep-Learning-Assignment\data\train\India\images\India_008297.jpg,India,3,0,0,0,1,['D40'],D40,train,3636
C:\Users\ASUS\Desktop\SLIIT\Year 4\Semester 2\Deep Learning\Assignment\SE4050-Deep-Learning-Assignment\data\train\India\images\India_008301.jpg,India,5,1,0,1,1,"['D00', 'D20', 'D40']",D00,train,2
C:\Users\ASUS\Desktop\SLIIT\Year 4\Semester 2\Deep Learning\Assignment\SE4050-Deep-Learning-Assignment\data\train\India\images\India_008304.jpg,India,4,1,0,1,1,"['D00', 'D20', 'D40']",D00,test,3637
C:\Users\ASUS\Desktop\SLIIT\Year 4\Semester 2\Deep Learning\Assignment\SE4050-Deep-Learning-Assignment\data\train\India\images\India_008306.jpg,India,2,1,0,1,0,"['D00', 'D20']",D00,train,3638
C:\Users\ASUS\Desktop\SLIIT\Year 4\Semester 2\Deep Learning\Assignment\SE4050-Deep-Learning-Assignment\data\train\India\images\India_008307.jpg,India,1,0,1,0,0,['D10'],D10,train,3639
C:\Users\ASUS\Desktop\SLIIT\Year 4\Semester 2\Deep Learning\Assignment\SE4050-Deep-Learning-Assignment\data\train\India\images\India_008308.jpg,India,1,0,0,0,1,['D40'],D40,train,3640
C:\Users\ASUS\Desktop\SLIIT\Year 4\Semester 2\Deep Learning\Assignment\SE4050-Deep-Learning-Assignment\data\train\India\images\India_008313.jpg,India,1,0,0,1,0,['D20'],D20,val,3641
C:\Users\ASUS\Desktop\SLIIT\Year 4\Semester 2\Deep Learning\Assignment\SE4050-Deep-Learning-Assignment\data\train\India\images\India_008314.jpg,India,3,0,0,1,0,['D20'],D20,train,3642
C:\Users\ASUS\Desktop\SLIIT\Year 4\Semester 2\Deep Learning\Assignment\SE4050-Deep-Learning-Assignment\data\train\India\images\India_008317.jpg,India,7,1,0,1,1,"['D00', 'D20', 'D40']",D00,train,3643
C:\Users\ASUS\Desktop\SLIIT\Year 4\Semester 2\Deep Learning\Assignment\SE4050-Deep-Learning-Assignment\data\train\India\images\India_008321.jpg,India,3,0,0,1,1,"['D20', 'D40']",D20,val,3644
C:\Users\ASUS\Desktop\SLIIT\Year 4\Semester 2\Deep Learning\Assignment\SE4050-Deep-Learning-Assignment\data\train\India\images\India_008322.jpg,India,2,1,0,0,0,['D00'],D00,train,3645
C:\Users\ASUS\Desktop\SLIIT\Year 4\Semester 2\Deep Learning\Assignment\SE4050-Deep-Learning-Assignment\data\train\India\images\India_008323.jpg,India,1,1,0,0,0,['D00'],D00,test,3646
C:\Users\ASUS\Desktop\SLIIT\Year 4\Semester 2\Deep Learning\Assignment\SE4050-Deep-Learning-Assignment\data\train\India\images\India_008325.jpg,India,2,1,0,1,0,"['D00', 'D20']",D00,train,3647
C:\Users\ASUS\Desktop\SLIIT\Year 4\Semester 2\Deep Learning\Assignment\SE4050-Deep-Learning-Assignment\data\train\India\images\India_008327.jpg,India,2,0,0,1,1,"['D20', 'D40']",D20,val,3648
C:\Users\ASUS\Desktop\SLIIT\Year 4\Semester 2\Deep Learning\Assignment\SE4050-Deep-Learning-Assignment\data\train\India\images\India_008329.jpg,India,2,0,0,1,0,['D20'],D20,train,3649
C:\Users\ASUS\Desktop\SLIIT\Year 4\Semester 2\Deep Learning\Assignment\SE4050-Deep-Learning-Assignment\data\train\India\images\India_008333.jpg,India,3,1,0,1,0,"['D00', 'D20']",D00,test,3
C:\Users\ASUS\Desktop\SLIIT\Year 4\Semester 2\Deep Learning\Assignment\SE4050-Deep-Learning-Assignment\data\train\India\images\India_008336.jpg,India,2,0,0,0,1,['D40'],D40,test,3650
C:\Users\ASUS\Desktop\SLIIT\Year 4\Semester 2\Deep Learning\Assignment\SE4050-Deep-Learning-Assignment\data\train\India\images\India_008339.jpg,India,2,0,0,0,1,['D40'],D40,train,3651
C:\Users\ASUS\Desktop\SLIIT\Year 4\Semester 2\Deep Learning\Assignment\SE4050-Deep-Learning-Assignment\data\train\India\images\India_008340.jpg,India,2,1,0,1,0,"['D00', 'D20']",D00,train,3652
C:\Users\ASUS\Desktop\SLIIT\Year 4\Semester 2\Deep Learning\Assignment\SE4050-Deep-Learning-Assignment\data\train\India\images\India_008343.jpg,India,2,0,0,1,0,['D20'],D20,train,3653
C:\Users\ASUS\Desktop\SLIIT\Year 4\Semester 2\Deep Learning\Assignment\SE4050-Deep-Learning-Assignment\data\train\India\images\India_008344.jpg,India,1,0,0,1,0,['D20'],D20,train,3654
C:\Users\ASUS\Desktop\SLIIT\Year 4\Semester 2\Deep Learning\Assignment\SE4050-Deep-Learning-Assignment\data\train\India\images\India_008355.jpg,India,1,1,0,0,0,['D00'],D00,train,3655
C:\Users\ASUS\Desktop\SLIIT\Year 4\Semester 2\Deep Learning\Assignment\SE4050-Deep-Learning-Assignment\data\train\India\images\India_008359.jpg,India,3,1,0,1,0,"['D00', 'D20']",D00,train,3656
C:\Users\ASUS\Desktop\SLIIT\Year 4\Semester 2\Deep Learning\Assignment\SE4050-Deep-Learning-Assignment\data\train\India\images\India_008367.jpg,India,5,0,0,0,1,['D40'],D40,train,3657
C:\Users\ASUS\Desktop\SLIIT\Year 4\Semester 2\Deep Learning\Assignment\SE4050-Deep-Learning-Assignment\data\train\India\images\India_008368.jpg,India,2,1,0,0,0,['D00'],D00,train,3658
C:\Users\ASUS\Desktop\SLIIT\Year 4\Semester 2\Deep Learning\Assignment\SE4050-Deep-Learning-Assignment\data\train\India\images\India_008371.jpg,India,2,0,0,1,0,['D20'],D20,train,3659
C:\Users\ASUS\Desktop\SLIIT\Year 4\Semester 2\Deep Learning\Assignment\SE4050-Deep-Learning-Assignment\data\train\India\images\India_008374.jpg,India,3,1,0,1,0,"['D00', 'D20']",D00,train,3660
C:\Users\ASUS\Desktop\SLIIT\Year 4\Semester 2\Deep Learning\Assignment\SE4050-Deep-Learning-Assignment\data\train\India\images\India_008375.jpg,India,1,0,0,1,0,['D20'],D20,test,78
C:\Users\ASUS\Desktop\SLIIT\Year 4\Semester 2\Deep Learning\Assignment\SE4050-Deep-Learning-Assignment\data\train\India\images\India_008376.jpg,India,1,1,0,0,0,['D00'],D00,train,3661
C:\Users\ASUS\Desktop\SLIIT\Year 4\Semester 2\Deep Learning\Assignment\SE4050-Deep-Learning-Assignment\data\train\India\images\India_008378.jpg,India,2,0,0,0,1,['D40'],D40,train,3662
C:\Users\ASUS\Desktop\SLIIT\Year 4\Semester 2\Deep Learning\Assignment\SE4050-Deep-Learning-Assignment\data\train\India\images\India_008383.jpg,India,2,1,0,0,1,"['D00', 'D40']",D00,test,34
C:\Users\ASUS\Desktop\SLIIT\Year 4\Semester 2\Deep Learning\Assignment\SE4050-Deep-Learning-Assignment\data\train\India\images\India_008385.jpg,India,3,1,0,1,0,"['D00', 'D20']",D00,test,3663
C:\Users\ASUS\Desktop\SLIIT\Year 4\Semester 2\Deep Learning\Assignment\SE4050-Deep-Learning-Assignment\data\train\India\images\India_008386.jpg,India,4,1,0,1,1,"['D00', 'D20', 'D40']",D00,val,3664
C:\Users\ASUS\Desktop\SLIIT\Year 4\Semester 2\Deep Learning\Assignment\SE4050-Deep-Learning-Assignment\data\train\India\images\India_008389.jpg,India,1,0,0,0,1,['D40'],D40,val,3665
C:\Users\ASUS\Desktop\SLIIT\Year 4\Semester 2\Deep Learning\Assignment\SE4050-Deep-Learning-Assignment\data\train\India\images\India_008390.jpg,India,3,0,0,1,1,"['D20', 'D40']",D20,test,3666
C:\Users\ASUS\Desktop\SLIIT\Year 4\Semester 2\Deep Learning\Assignment\SE4050-Deep-Learning-Assignment\data\train\India\images\India_008391.jpg,India,2,0,0,1,0,['D20'],D20,test,3667
C:\Users\ASUS\Desktop\SLIIT\Year 4\Semester 2\Deep Learning\Assignment\SE4050-Deep-Learning-Assignment\data\train\India\images\India_008395.jpg,India,3,0,0,1,1,"['D20', 'D40']",D20,test,3668
C:\Users\ASUS\Desktop\SLIIT\Year 4\Semester 2\Deep Learning\Assignment\SE4050-Deep-Learning-Assignment\data\train\India\images\India_008396.jpg,India,1,1,0,0,0,['D00'],D00,train,3669
C:\Users\ASUS\Desktop\SLIIT\Year 4\Semester 2\Deep Learning\Assignment\SE4050-Deep-Learning-Assignment\data\train\India\images\India_008400.jpg,India,3,1,0,1,1,"['D00', 'D20', 'D40']",D00,train,3670
C:\Users\ASUS\Desktop\SLIIT\Year 4\Semester 2\Deep Learning\Assignment\SE4050-Deep-Learning-Assignment\data\train\India\images\India_008407.jpg,India,2,1,0,1,0,"['D00', 'D20']",D00,train,3671
C:\Users\ASUS\Desktop\SLIIT\Year 4\Semester 2\Deep Learning\Assignment\SE4050-Deep-Learning-Assignment\data\train\India\images\India_008416.jpg,India,7,1,0,1,1,"['D00', 'D20', 'D40']",D00,train,3672
C:\Users\ASUS\Desktop\SLIIT\Year 4\Semester 2\Deep Learning\Assignment\SE4050-Deep-Learning-Assignment\data\train\India\images\India_008420.jpg,India,4,1,0,0,0,['D00'],D00,train,3673
C:\Users\ASUS\Desktop\SLIIT\Year 4\Semester 2\Deep Learning\Assignment\SE4050-Deep-Learning-Assignment\data\train\India\images\India_008421.jpg,India,1,0,0,0,1,['D40'],D40,train,3674
C:\Users\ASUS\Desktop\SLIIT\Year 4\Semester 2\Deep Learning\Assignment\SE4050-Deep-Learning-Assignment\data\train\India\images\India_008425.jpg,India,4,0,0,0,1,['D40'],D40,train,3675
C:\Users\ASUS\Desktop\SLIIT\Year 4\Semester 2\Deep Learning\Assignment\SE4050-Deep-Learning-Assignment\data\train\India\images\India_008430.jpg,India,2,0,0,1,0,['D20'],D20,test,3676
C:\Users\ASUS\Desktop\SLIIT\Year 4\Semester 2\Deep Learning\Assignment\SE4050-Deep-Learning-Assignment\data\train\India\images\India_008435.jpg,India,2,1,0,0,0,['D00'],D00,test,47
C:\Users\ASUS\Desktop\SLIIT\Year 4\Semester 2\Deep Learning\Assignment\SE4050-Deep-Learning-Assignment\data\train\India\images\India_008436.jpg,India,1,0,0,0,1,['D40'],D40,train,3677
C:\Users\ASUS\Desktop\SLIIT\Year 4\Semester 2\Deep Learning\Assignment\SE4050-Deep-Learning-Assignment\data\train\India\images\India_008437.jpg,India,5,1,0,1,1,"['D00', 'D20', 'D40']",D00,val,3678
C:\Users\ASUS\Desktop\SLIIT\Year 4\Semester 2\Deep Learning\Assignment\SE4050-Deep-Learning-Assignment\data\train\India\images\India_008440.jpg,India,2,0,0,1,1,"['D20', 'D40']",D20,train,0
C:\Users\ASUS\Desktop\SLIIT\Year 4\Semester 2\Deep Learning\Assignment\SE4050-Deep-Learning-Assignment\data\train\India\images\India_008446.jpg,India,1,0,0,0,1,['D40'],D40,train,3679
C:\Users\ASUS\Desktop\SLIIT\Year 4\Semester 2\Deep Learning\Assignment\SE4050-Deep-Learning-Assignment\data\train\India\images\India_008458.jpg,India,2,0,0,0,1,['D40'],D40,val,3680
C:\Users\ASUS\Desktop\SLIIT\Year 4\Semester 2\Deep Learning\Assignment\SE4050-Deep-Learning-Assignment\data\train\India\images\India_008465.jpg,India,2,0,0,1,1,"['D20', 'D40']",D20,test,3681
C:\Users\ASUS\Desktop\SLIIT\Year 4\Semester 2\Deep Learning\Assignment\SE4050-Deep-Learning-Assignment\data\train\India\images\India_008466.jpg,India,1,0,0,1,0,['D20'],D20,val,3682
C:\Users\ASUS\Desktop\SLIIT\Year 4\Semester 2\Deep Learning\Assignment\SE4050-Deep-Learning-Assignment\data\train\India\images\India_008468.jpg,India,1,0,0,1,0,['D20'],D20,train,3683
C:\Users\ASUS\Desktop\SLIIT\Year 4\Semester 2\Deep Learning\Assignment\SE4050-Deep-Learning-Assignment\data\train\India\images\India_008471.jpg,India,2,0,0,1,1,"['D20', 'D40']",D20,train,3684
C:\Users\ASUS\Desktop\SLIIT\Year 4\Semester 2\Deep Learning\Assignment\SE4050-Deep-Learning-Assignment\data\train\India\images\India_008475.jpg,India,1,0,0,0,1,['D40'],D40,train,3685
C:\Users\ASUS\Desktop\SLIIT\Year 4\Semester 2\Deep Learning\Assignment\SE4050-Deep-Learning-Assignment\data\train\India\images\India_008479.jpg,India,3,1,0,0,1,"['D00', 'D40']",D00,train,3686
C:\Users\ASUS\Desktop\SLIIT\Year 4\Semester 2\Deep Learning\Assignment\SE4050-Deep-Learning-Assignment\data\train\India\images\India_008480.jpg,India,1,0,0,1,0,['D20'],D20,train,3687
C:\Users\ASUS\Desktop\SLIIT\Year 4\Semester 2\Deep Learning\Assignment\SE4050-Deep-Learning-Assignment\data\train\India\images\India_008486.jpg,India,3,0,0,1,0,['D20'],D20,train,3688
C:\Users\ASUS\Desktop\SLIIT\Year 4\Semester 2\Deep Learning\Assignment\SE4050-Deep-Learning-Assignment\data\train\India\images\India_008492.jpg,India,1,0,0,0,1,['D40'],D40,train,3689
C:\Users\ASUS\Desktop\SLIIT\Year 4\Semester 2\Deep Learning\Assignment\SE4050-Deep-Learning-Assignment\data\train\India\images\India_008494.jpg,India,1,0,0,1,0,['D20'],D20,train,3690
C:\Users\ASUS\Desktop\SLIIT\Year 4\Semester 2\Deep Learning\Assignment\SE4050-Deep-Learning-Assignment\data\train\India\images\India_008495.jpg,India,3,1,0,0,0,['D00'],D00,train,3691
C:\Users\ASUS\Desktop\SLIIT\Year 4\Semester 2\Deep Learning\Assignment\SE4050-Deep-Learning-Assignment\data\train\India\images\India_008496.jpg,India,3,0,0,1,0,['D20'],D20,val,3692
C:\Users\ASUS\Desktop\SLIIT\Year 4\Semester 2\Deep Learning\Assignment\SE4050-Deep-Learning-Assignment\data\train\India\images\India_008499.jpg,India,1,0,0,0,1,['D40'],D40,test,3693
C:\Users\ASUS\Desktop\SLIIT\Year 4\Semester 2\Deep Learning\Assignment\SE4050-Deep-Learning-Assignment\data\train\India\images\India_008503.jpg,India,2,1,0,0,1,"['D00', 'D40']",D00,test,3694
C:\Users\ASUS\Desktop\SLIIT\Year 4\Semester 2\Deep Learning\Assignment\SE4050-Deep-Learning-Assignment\data\train\India\images\India_008504.jpg,India,4,1,0,1,0,"['D00', 'D20']",D00,test,3695
C:\Users\ASUS\Desktop\SLIIT\Year 4\Semester 2\Deep Learning\Assignment\SE4050-Deep-Learning-Assignment\data\train\India\images\India_008505.jpg,India,1,0,0,0,1,['D40'],D40,test,3696
C:\Users\ASUS\Desktop\SLIIT\Year 4\Semester 2\Deep Learning\Assignment\SE4050-Deep-Learning-Assignment\data\train\India\images\India_008507.jpg,India,1,0,0,1,0,['D20'],D20,train,3697
C:\Users\ASUS\Desktop\SLIIT\Year 4\Semester 2\Deep Learning\Assignment\SE4050-Deep-Learning-Assignment\data\train\India\images\India_008511.jpg,India,1,0,0,0,1,['D40'],D40,train,3698
C:\Users\ASUS\Desktop\SLIIT\Year 4\Semester 2\Deep Learning\Assignment\SE4050-Deep-Learning-Assignment\data\train\India\images\India_008512.jpg,India,1,0,0,0,1,['D40'],D40,train,3699
C:\Users\ASUS\Desktop\SLIIT\Year 4\Semester 2\Deep Learning\Assignment\SE4050-Deep-Learning-Assignment\data\train\India\images\India_008515.jpg,India,3,1,0,1,0,"['D00', 'D20']",D00,val,3700
C:\Users\ASUS\Desktop\SLIIT\Year 4\Semester 2\Deep Learning\Assignment\SE4050-Deep-Learning-Assignment\data\train\India\images\India_008523.jpg,India,2,0,0,0,1,['D40'],D40,test,75
C:\Users\ASUS\Desktop\SLIIT\Year 4\Semester 2\Deep Learning\Assignment\SE4050-Deep-Learning-Assignment\data\train\India\images\India_008524.jpg,India,1,0,0,0,1,['D40'],D40,train,3701
C:\Users\ASUS\Desktop\SLIIT\Year 4\Semester 2\Deep Learning\Assignment\SE4050-Deep-Learning-Assignment\data\train\India\images\India_008528.jpg,India,1,1,0,0,0,['D00'],D00,val,3702
C:\Users\ASUS\Desktop\SLIIT\Year 4\Semester 2\Deep Learning\Assignment\SE4050-Deep-Learning-Assignment\data\train\India\images\India_008530.jpg,India,1,0,0,1,0,['D20'],D20,train,3703
C:\Users\ASUS\Desktop\SLIIT\Year 4\Semester 2\Deep Learning\Assignment\SE4050-Deep-Learning-Assignment\data\train\India\images\India_008532.jpg,India,1,0,0,1,0,['D20'],D20,train,3704
C:\Users\ASUS\Desktop\SLIIT\Year 4\Semester 2\Deep Learning\Assignment\SE4050-Deep-Learning-Assignment\data\train\India\images\India_008535.jpg,India,1,0,0,0,1,['D40'],D40,train,3705
C:\Users\ASUS\Desktop\SLIIT\Year 4\Semester 2\Deep Learning\Assignment\SE4050-Deep-Learning-Assignment\data\train\India\images\India_008540.jpg,India,1,1,0,0,0,['D00'],D00,train,3706
C:\Users\ASUS\Desktop\SLIIT\Year 4\Semester 2\Deep Learning\Assignment\SE4050-Deep-Learning-Assignment\data\train\India\images\India_008541.jpg,India,1,0,0,1,0,['D20'],D20,train,27
C:\Users\ASUS\Desktop\SLIIT\Year 4\Semester 2\Deep Learning\Assignment\SE4050-Deep-Learning-Assignment\data\train\India\images\India_008544.jpg,India,1,0,0,0,1,['D40'],D40,train,81
C:\Users\ASUS\Desktop\SLIIT\Year 4\Semester 2\Deep Learning\Assignment\SE4050-Deep-Learning-Assignment\data\train\India\images\India_008548.jpg,India,2,0,0,0,1,['D40'],D40,train,3707
C:\Users\ASUS\Desktop\SLIIT\Year 4\Semester 2\Deep Learning\Assignment\SE4050-Deep-Learning-Assignment\data\train\India\images\India_008553.jpg,India,1,0,0,1,0,['D20'],D20,train,3708
C:\Users\ASUS\Desktop\SLIIT\Year 4\Semester 2\Deep Learning\Assignment\SE4050-Deep-Learning-Assignment\data\train\India\images\India_008557.jpg,India,1,0,0,0,1,['D40'],D40,train,3709
C:\Users\ASUS\Desktop\SLIIT\Year 4\Semester 2\Deep Learning\Assignment\SE4050-Deep-Learning-Assignment\data\train\India\images\India_008558.jpg,India,1,0,0,1,0,['D20'],D20,train,3710
C:\Users\ASUS\Desktop\SLIIT\Year 4\Semester 2\Deep Learning\Assignment\SE4050-Deep-Learning-Assignment\data\train\India\images\India_008563.jpg,India,3,0,0,1,1,"['D20', 'D40']",D20,train,3711
C:\Users\ASUS\Desktop\SLIIT\Year 4\Semester 2\Deep Learning\Assignment\SE4050-Deep-Learning-Assignment\data\train\India\images\India_008565.jpg,India,1,0,0,1,0,['D20'],D20,train,0
C:\Users\ASUS\Desktop\SLIIT\Year 4\Semester 2\Deep Learning\Assignment\SE4050-Deep-Learning-Assignment\data\train\India\images\India_008569.jpg,India,1,0,0,0,1,['D40'],D40,train,3712
C:\Users\ASUS\Desktop\SLIIT\Year 4\Semester 2\Deep Learning\Assignment\SE4050-Deep-Learning-Assignment\data\train\India\images\India_008572.jpg,India,3,1,0,1,1,"['D00', 'D20', 'D40']",D00,train,11
C:\Users\ASUS\Desktop\SLIIT\Year 4\Semester 2\Deep Learning\Assignment\SE4050-Deep-Learning-Assignment\data\train\India\images\India_008574.jpg,India,2,0,0,1,0,['D20'],D20,train,0
C:\Users\ASUS\Desktop\SLIIT\Year 4\Semester 2\Deep Learning\Assignment\SE4050-Deep-Learning-Assignment\data\train\India\images\India_008575.jpg,India,2,1,0,0,0,['D00'],D00,test,3713
C:\Users\ASUS\Desktop\SLIIT\Year 4\Semester 2\Deep Learning\Assignment\SE4050-Deep-Learning-Assignment\data\train\India\images\India_008576.jpg,India,5,0,0,1,1,"['D20', 'D40']",D20,val,3714
C:\Users\ASUS\Desktop\SLIIT\Year 4\Semester 2\Deep Learning\Assignment\SE4050-Deep-Learning-Assignment\data\train\India\images\India_008582.jpg,India,3,1,0,1,0,"['D00', 'D20']",D00,test,3
C:\Users\ASUS\Desktop\SLIIT\Year 4\Semester 2\Deep Learning\Assignment\SE4050-Deep-Learning-Assignment\data\train\India\images\India_008584.jpg,India,1,0,0,1,0,['D20'],D20,val,3715
C:\Users\ASUS\Desktop\SLIIT\Year 4\Semester 2\Deep Learning\Assignment\SE4050-Deep-Learning-Assignment\data\train\India\images\India_008585.jpg,India,1,0,0,1,0,['D20'],D20,train,3716
C:\Users\ASUS\Desktop\SLIIT\Year 4\Semester 2\Deep Learning\Assignment\SE4050-Deep-Learning-Assignment\data\train\India\images\India_008588.jpg,India,2,1,0,1,0,"['D00', 'D20']",D00,train,3717
C:\Users\ASUS\Desktop\SLIIT\Year 4\Semester 2\Deep Learning\Assignment\SE4050-Deep-Learning-Assignment\data\train\India\images\India_008592.jpg,India,2,1,0,0,0,['D00'],D00,train,12
C:\Users\ASUS\Desktop\SLIIT\Year 4\Semester 2\Deep Learning\Assignment\SE4050-Deep-Learning-Assignment\data\train\India\images\India_008597.jpg,India,8,0,0,1,1,"['D20', 'D40']",D20,train,3718
C:\Users\ASUS\Desktop\SLIIT\Year 4\Semester 2\Deep Learning\Assignment\SE4050-Deep-Learning-Assignment\data\train\India\images\India_008606.jpg,India,3,1,0,1,0,"['D00', 'D20']",D00,train,3719
C:\Users\ASUS\Desktop\SLIIT\Year 4\Semester 2\Deep Learning\Assignment\SE4050-Deep-Learning-Assignment\data\train\India\images\India_008609.jpg,India,3,0,0,0,1,['D40'],D40,train,3720
C:\Users\ASUS\Desktop\SLIIT\Year 4\Semester 2\Deep Learning\Assignment\SE4050-Deep-Learning-Assignment\data\train\India\images\India_008610.jpg,India,1,1,0,0,0,['D00'],D00,train,3721
C:\Users\ASUS\Desktop\SLIIT\Year 4\Semester 2\Deep Learning\Assignment\SE4050-Deep-Learning-Assignment\data\train\India\images\India_008611.jpg,India,1,1,0,0,0,['D00'],D00,train,3722
C:\Users\ASUS\Desktop\SLIIT\Year 4\Semester 2\Deep Learning\Assignment\SE4050-Deep-Learning-Assignment\data\train\India\images\India_008616.jpg,India,2,1,0,0,0,['D00'],D00,train,3723
C:\Users\ASUS\Desktop\SLIIT\Year 4\Semester 2\Deep Learning\Assignment\SE4050-Deep-Learning-Assignment\data\train\India\images\India_008618.jpg,India,2,0,0,1,1,"['D20', 'D40']",D20,val,3724
C:\Users\ASUS\Desktop\SLIIT\Year 4\Semester 2\Deep Learning\Assignment\SE4050-Deep-Learning-Assignment\data\train\India\images\India_008620.jpg,India,5,0,0,1,1,"['D20', 'D40']",D20,train,3725
C:\Users\ASUS\Desktop\SLIIT\Year 4\Semester 2\Deep Learning\Assignment\SE4050-Deep-Learning-Assignment\data\train\India\images\India_008623.jpg,India,2,0,0,1,0,['D20'],D20,train,3726
C:\Users\ASUS\Desktop\SLIIT\Year 4\Semester 2\Deep Learning\Assignment\SE4050-Deep-Learning-Assignment\data\train\India\images\India_008627.jpg,India,3,0,0,0,1,['D40'],D40,train,3727
C:\Users\ASUS\Desktop\SLIIT\Year 4\Semester 2\Deep Learning\Assignment\SE4050-Deep-Learning-Assignment\data\train\India\images\India_008632.jpg,India,2,0,0,0,1,['D40'],D40,train,3728
C:\Users\ASUS\Desktop\SLIIT\Year 4\Semester 2\Deep Learning\Assignment\SE4050-Deep-Learning-Assignment\data\train\India\images\India_008633.jpg,India,1,0,0,1,0,['D20'],D20,val,3729
C:\Users\ASUS\Desktop\SLIIT\Year 4\Semester 2\Deep Learning\Assignment\SE4050-Deep-Learning-Assignment\data\train\India\images\India_008636.jpg,India,4,0,0,1,1,"['D20', 'D40']",D20,train,3730
C:\Users\ASUS\Desktop\SLIIT\Year 4\Semester 2\Deep Learning\Assignment\SE4050-Deep-Learning-Assignment\data\train\India\images\India_008637.jpg,India,2,1,0,0,0,['D00'],D00,train,3731
C:\Users\ASUS\Desktop\SLIIT\Year 4\Semester 2\Deep Learning\Assignment\SE4050-Deep-Learning-Assignment\data\train\India\images\India_008639.jpg,India,6,0,0,1,1,"['D20', 'D40']",D20,train,3732
C:\Users\ASUS\Desktop\SLIIT\Year 4\Semester 2\Deep Learning\Assignment\SE4050-Deep-Learning-Assignment\data\train\India\images\India_008643.jpg,India,1,1,0,0,0,['D00'],D00,val,3733
C:\Users\ASUS\Desktop\SLIIT\Year 4\Semester 2\Deep Learning\Assignment\SE4050-Deep-Learning-Assignment\data\train\India\images\India_008649.jpg,India,1,1,0,0,0,['D00'],D00,val,3734
C:\Users\ASUS\Desktop\SLIIT\Year 4\Semester 2\Deep Learning\Assignment\SE4050-Deep-Learning-Assignment\data\train\India\images\India_008650.jpg,India,2,0,0,1,0,['D20'],D20,test,3735
C:\Users\ASUS\Desktop\SLIIT\Year 4\Semester 2\Deep Learning\Assignment\SE4050-Deep-Learning-Assignment\data\train\India\images\India_008652.jpg,India,7,0,0,0,1,['D40'],D40,train,3736
C:\Users\ASUS\Desktop\SLIIT\Year 4\Semester 2\Deep Learning\Assignment\SE4050-Deep-Learning-Assignment\data\train\India\images\India_008654.jpg,India,1,0,0,1,0,['D20'],D20,test,3737
C:\Users\ASUS\Desktop\SLIIT\Year 4\Semester 2\Deep Learning\Assignment\SE4050-Deep-Learning-Assignment\data\train\India\images\India_008657.jpg,India,4,0,0,1,0,['D20'],D20,train,3738
C:\Users\ASUS\Desktop\SLIIT\Year 4\Semester 2\Deep Learning\Assignment\SE4050-Deep-Learning-Assignment\data\train\India\images\India_008658.jpg,India,3,1,0,1,0,"['D00', 'D20']",D00,test,3739
C:\Users\ASUS\Desktop\SLIIT\Year 4\Semester 2\Deep Learning\Assignment\SE4050-Deep-Learning-Assignment\data\train\India\images\India_008659.jpg,India,4,1,0,0,1,"['D00', 'D40']",D00,train,3740
C:\Users\ASUS\Desktop\SLIIT\Year 4\Semester 2\Deep Learning\Assignment\SE4050-Deep-Learning-Assignment\data\train\India\images\India_008661.jpg,India,2,0,0,0,1,['D40'],D40,test,3741
C:\Users\ASUS\Desktop\SLIIT\Year 4\Semester 2\Deep Learning\Assignment\SE4050-Deep-Learning-Assignment\data\train\India\images\India_008662.jpg,India,4,0,0,1,1,"['D20', 'D40']",D20,train,3742
C:\Users\ASUS\Desktop\SLIIT\Year 4\Semester 2\Deep Learning\Assignment\SE4050-Deep-Learning-Assignment\data\train\India\images\India_008664.jpg,India,2,0,0,1,0,['D20'],D20,train,3743
C:\Users\ASUS\Desktop\SLIIT\Year 4\Semester 2\Deep Learning\Assignment\SE4050-Deep-Learning-Assignment\data\train\India\images\India_008667.jpg,India,2,1,0,0,1,"['D00', 'D40']",D00,train,3744
C:\Users\ASUS\Desktop\SLIIT\Year 4\Semester 2\Deep Learning\Assignment\SE4050-Deep-Learning-Assignment\data\train\India\images\India_008670.jpg,India,3,0,0,0,1,['D40'],D40,train,3745
C:\Users\ASUS\Desktop\SLIIT\Year 4\Semester 2\Deep Learning\Assignment\SE4050-Deep-Learning-Assignment\data\train\India\images\India_008673.jpg,India,6,0,0,0,1,['D40'],D40,train,3746
C:\Users\ASUS\Desktop\SLIIT\Year 4\Semester 2\Deep Learning\Assignment\SE4050-Deep-Learning-Assignment\data\train\India\images\India_008675.jpg,India,3,0,0,1,0,['D20'],D20,val,3747
C:\Users\ASUS\Desktop\SLIIT\Year 4\Semester 2\Deep Learning\Assignment\SE4050-Deep-Learning-Assignment\data\train\India\images\India_008676.jpg,India,4,0,0,1,1,"['D20', 'D40']",D20,train,3748
C:\Users\ASUS\Desktop\SLIIT\Year 4\Semester 2\Deep Learning\Assignment\SE4050-Deep-Learning-Assignment\data\train\India\images\India_008677.jpg,India,1,0,0,0,1,['D40'],D40,val,3749
C:\Users\ASUS\Desktop\SLIIT\Year 4\Semester 2\Deep Learning\Assignment\SE4050-Deep-Learning-Assignment\data\train\India\images\India_008680.jpg,India,1,0,0,1,0,['D20'],D20,test,3750
C:\Users\ASUS\Desktop\SLIIT\Year 4\Semester 2\Deep Learning\Assignment\SE4050-Deep-Learning-Assignment\data\train\India\images\India_008682.jpg,India,5,1,0,1,1,"['D00', 'D20', 'D40']",D00,train,3751
C:\Users\ASUS\Desktop\SLIIT\Year 4\Semester 2\Deep Learning\Assignment\SE4050-Deep-Learning-Assignment\data\train\India\images\India_008684.jpg,India,2,1,0,1,0,"['D00', 'D20']",D00,val,3752
C:\Users\ASUS\Desktop\SLIIT\Year 4\Semester 2\Deep Learning\Assignment\SE4050-Deep-Learning-Assignment\data\train\India\images\India_008691.jpg,India,2,0,0,1,0,['D20'],D20,train,3753
C:\Users\ASUS\Desktop\SLIIT\Year 4\Semester 2\Deep Learning\Assignment\SE4050-Deep-Learning-Assignment\data\train\India\images\India_008694.jpg,India,6,0,0,0,1,['D40'],D40,train,3754
C:\Users\ASUS\Desktop\SLIIT\Year 4\Semester 2\Deep Learning\Assignment\SE4050-Deep-Learning-Assignment\data\train\India\images\India_008695.jpg,India,3,0,0,0,1,['D40'],D40,train,3755
C:\Users\ASUS\Desktop\SLIIT\Year 4\Semester 2\Deep Learning\Assignment\SE4050-Deep-Learning-Assignment\data\train\India\images\India_008698.jpg,India,3,0,0,1,1,"['D20', 'D40']",D20,val,3756
C:\Users\ASUS\Desktop\SLIIT\Year 4\Semester 2\Deep Learning\Assignment\SE4050-Deep-Learning-Assignment\data\train\India\images\India_008701.jpg,India,6,1,0,1,1,"['D00', 'D20', 'D40']",D00,train,3757
C:\Users\ASUS\Desktop\SLIIT\Year 4\Semester 2\Deep Learning\Assignment\SE4050-Deep-Learning-Assignment\data\train\India\images\India_008703.jpg,India,4,0,0,1,1,"['D20', 'D40']",D20,train,3758
C:\Users\ASUS\Desktop\SLIIT\Year 4\Semester 2\Deep Learning\Assignment\SE4050-Deep-Learning-Assignment\data\train\India\images\India_008704.jpg,India,4,0,0,1,0,['D20'],D20,train,3759
C:\Users\ASUS\Desktop\SLIIT\Year 4\Semester 2\Deep Learning\Assignment\SE4050-Deep-Learning-Assignment\data\train\India\images\India_008706.jpg,India,1,0,0,1,0,['D20'],D20,train,3760
C:\Users\ASUS\Desktop\SLIIT\Year 4\Semester 2\Deep Learning\Assignment\SE4050-Deep-Learning-Assignment\data\train\India\images\India_008707.jpg,India,1,0,0,1,0,['D20'],D20,train,3761
C:\Users\ASUS\Desktop\SLIIT\Year 4\Semester 2\Deep Learning\Assignment\SE4050-Deep-Learning-Assignment\data\train\India\images\India_008711.jpg,India,2,0,0,1,0,['D20'],D20,val,3762
C:\Users\ASUS\Desktop\SLIIT\Year 4\Semester 2\Deep Learning\Assignment\SE4050-Deep-Learning-Assignment\data\train\India\images\India_008712.jpg,India,3,1,0,0,1,"['D00', 'D40']",D00,test,3763
C:\Users\ASUS\Desktop\SLIIT\Year 4\Semester 2\Deep Learning\Assignment\SE4050-Deep-Learning-Assignment\data\train\India\images\India_008715.jpg,India,1,0,0,1,0,['D20'],D20,train,3764
C:\Users\ASUS\Desktop\SLIIT\Year 4\Semester 2\Deep Learning\Assignment\SE4050-Deep-Learning-Assignment\data\train\India\images\India_008719.jpg,India,2,0,0,1,0,['D20'],D20,train,3765
C:\Users\ASUS\Desktop\SLIIT\Year 4\Semester 2\Deep Learning\Assignment\SE4050-Deep-Learning-Assignment\data\train\India\images\India_008724.jpg,India,1,0,0,1,0,['D20'],D20,train,3766
C:\Users\ASUS\Desktop\SLIIT\Year 4\Semester 2\Deep Learning\Assignment\SE4050-Deep-Learning-Assignment\data\train\India\images\India_008726.jpg,India,2,0,0,0,1,['D40'],D40,train,3767
C:\Users\ASUS\Desktop\SLIIT\Year 4\Semester 2\Deep Learning\Assignment\SE4050-Deep-Learning-Assignment\data\train\India\images\India_008728.jpg,India,4,0,0,1,1,"['D20', 'D40']",D20,train,3768
C:\Users\ASUS\Desktop\SLIIT\Year 4\Semester 2\Deep Learning\Assignment\SE4050-Deep-Learning-Assignment\data\train\India\images\India_008731.jpg,India,1,0,0,1,0,['D20'],D20,test,3769
C:\Users\ASUS\Desktop\SLIIT\Year 4\Semester 2\Deep Learning\Assignment\SE4050-Deep-Learning-Assignment\data\train\India\images\India_008732.jpg,India,1,1,0,0,0,['D00'],D00,train,3770
C:\Users\ASUS\Desktop\SLIIT\Year 4\Semester 2\Deep Learning\Assignment\SE4050-Deep-Learning-Assignment\data\train\India\images\India_008733.jpg,India,1,0,0,0,1,['D40'],D40,val,28
C:\Users\ASUS\Desktop\SLIIT\Year 4\Semester 2\Deep Learning\Assignment\SE4050-Deep-Learning-Assignment\data\train\India\images\India_008734.jpg,India,1,1,0,0,0,['D00'],D00,train,3771
C:\Users\ASUS\Desktop\SLIIT\Year 4\Semester 2\Deep Learning\Assignment\SE4050-Deep-Learning-Assignment\data\train\India\images\India_008739.jpg,India,1,1,0,0,0,['D00'],D00,train,3772
C:\Users\ASUS\Desktop\SLIIT\Year 4\Semester 2\Deep Learning\Assignment\SE4050-Deep-Learning-Assignment\data\train\India\images\India_008745.jpg,India,3,0,0,1,0,['D20'],D20,train,3773
C:\Users\ASUS\Desktop\SLIIT\Year 4\Semester 2\Deep Learning\Assignment\SE4050-Deep-Learning-Assignment\data\train\India\images\India_008746.jpg,India,2,0,0,1,1,"['D20', 'D40']",D20,train,3774
C:\Users\ASUS\Desktop\SLIIT\Year 4\Semester 2\Deep Learning\Assignment\SE4050-Deep-Learning-Assignment\data\train\India\images\India_008749.jpg,India,7,1,0,1,1,"['D00', 'D20', 'D40']",D00,train,3775
C:\Users\ASUS\Desktop\SLIIT\Year 4\Semester 2\Deep Learning\Assignment\SE4050-Deep-Learning-Assignment\data\train\India\images\India_008750.jpg,India,2,0,0,1,1,"['D20', 'D40']",D20,test,3776
C:\Users\ASUS\Desktop\SLIIT\Year 4\Semester 2\Deep Learning\Assignment\SE4050-Deep-Learning-Assignment\data\train\India\images\India_008752.jpg,India,3,1,0,1,1,"['D00', 'D20', 'D40']",D00,train,3777
C:\Users\ASUS\Desktop\SLIIT\Year 4\Semester 2\Deep Learning\Assignment\SE4050-Deep-Learning-Assignment\data\train\India\images\India_008755.jpg,India,1,1,0,0,0,['D00'],D00,train,3778
C:\Users\ASUS\Desktop\SLIIT\Year 4\Semester 2\Deep Learning\Assignment\SE4050-Deep-Learning-Assignment\data\train\India\images\India_008762.jpg,India,5,0,0,1,1,"['D20', 'D40']",D20,train,3779
C:\Users\ASUS\Desktop\SLIIT\Year 4\Semester 2\Deep Learning\Assignment\SE4050-Deep-Learning-Assignment\data\train\India\images\India_008768.jpg,India,1,0,0,1,0,['D20'],D20,test,3780
C:\Users\ASUS\Desktop\SLIIT\Year 4\Semester 2\Deep Learning\Assignment\SE4050-Deep-Learning-Assignment\data\train\India\images\India_008771.jpg,India,2,0,0,0,1,['D40'],D40,train,3781
C:\Users\ASUS\Desktop\SLIIT\Year 4\Semester 2\Deep Learning\Assignment\SE4050-Deep-Learning-Assignment\data\train\India\images\India_008772.jpg,India,5,1,0,1,1,"['D00', 'D20', 'D40']",D00,train,3782
C:\Users\ASUS\Desktop\SLIIT\Year 4\Semester 2\Deep Learning\Assignment\SE4050-Deep-Learning-Assignment\data\train\India\images\India_008780.jpg,India,1,0,0,1,0,['D20'],D20,train,3783
C:\Users\ASUS\Desktop\SLIIT\Year 4\Semester 2\Deep Learning\Assignment\SE4050-Deep-Learning-Assignment\data\train\India\images\India_008789.jpg,India,1,0,0,0,1,['D40'],D40,train,3784
C:\Users\ASUS\Desktop\SLIIT\Year 4\Semester 2\Deep Learning\Assignment\SE4050-Deep-Learning-Assignment\data\train\India\images\India_008790.jpg,India,2,1,1,0,0,"['D00', 'D10']",D00,train,3785
C:\Users\ASUS\Desktop\SLIIT\Year 4\Semester 2\Deep Learning\Assignment\SE4050-Deep-Learning-Assignment\data\train\India\images\India_008792.jpg,India,1,0,0,1,0,['D20'],D20,train,3786
C:\Users\ASUS\Desktop\SLIIT\Year 4\Semester 2\Deep Learning\Assignment\SE4050-Deep-Learning-Assignment\data\train\India\images\India_008798.jpg,India,1,0,0,1,0,['D20'],D20,train,3787
C:\Users\ASUS\Desktop\SLIIT\Year 4\Semester 2\Deep Learning\Assignment\SE4050-Deep-Learning-Assignment\data\train\India\images\India_008800.jpg,India,3,1,0,1,0,"['D00', 'D20']",D00,test,8
C:\Users\ASUS\Desktop\SLIIT\Year 4\Semester 2\Deep Learning\Assignment\SE4050-Deep-Learning-Assignment\data\train\India\images\India_008801.jpg,India,2,0,1,0,1,"['D10', 'D40']",D10,test,3788
C:\Users\ASUS\Desktop\SLIIT\Year 4\Semester 2\Deep Learning\Assignment\SE4050-Deep-Learning-Assignment\data\train\India\images\India_008802.jpg,India,3,1,0,1,1,"['D00', 'D20', 'D40']",D00,train,3789
C:\Users\ASUS\Desktop\SLIIT\Year 4\Semester 2\Deep Learning\Assignment\SE4050-Deep-Learning-Assignment\data\train\India\images\India_008807.jpg,India,1,0,0,0,1,['D40'],D40,train,3790
C:\Users\ASUS\Desktop\SLIIT\Year 4\Semester 2\Deep Learning\Assignment\SE4050-Deep-Learning-Assignment\data\train\India\images\India_008809.jpg,India,1,1,0,0,0,['D00'],D00,train,12
C:\Users\ASUS\Desktop\SLIIT\Year 4\Semester 2\Deep Learning\Assignment\SE4050-Deep-Learning-Assignment\data\train\India\images\India_008812.jpg,India,2,0,0,1,0,['D20'],D20,train,3791
C:\Users\ASUS\Desktop\SLIIT\Year 4\Semester 2\Deep Learning\Assignment\SE4050-Deep-Learning-Assignment\data\train\India\images\India_008813.jpg,India,2,1,0,0,0,['D00'],D00,train,3792
C:\Users\ASUS\Desktop\SLIIT\Year 4\Semester 2\Deep Learning\Assignment\SE4050-Deep-Learning-Assignment\data\train\India\images\India_008819.jpg,India,2,0,0,1,1,"['D20', 'D40']",D20,train,3793
C:\Users\ASUS\Desktop\SLIIT\Year 4\Semester 2\Deep Learning\Assignment\SE4050-Deep-Learning-Assignment\data\train\India\images\India_008821.jpg,India,2,0,0,0,1,['D40'],D40,train,3794
C:\Users\ASUS\Desktop\SLIIT\Year 4\Semester 2\Deep Learning\Assignment\SE4050-Deep-Learning-Assignment\data\train\India\images\India_008826.jpg,India,7,0,0,1,1,"['D20', 'D40']",D20,train,3795
C:\Users\ASUS\Desktop\SLIIT\Year 4\Semester 2\Deep Learning\Assignment\SE4050-Deep-Learning-Assignment\data\train\India\images\India_008829.jpg,India,1,0,0,1,0,['D20'],D20,train,3796
C:\Users\ASUS\Desktop\SLIIT\Year 4\Semester 2\Deep Learning\Assignment\SE4050-Deep-Learning-Assignment\data\train\India\images\India_008832.jpg,India,2,1,0,0,0,['D00'],D00,train,3797
C:\Users\ASUS\Desktop\SLIIT\Year 4\Semester 2\Deep Learning\Assignment\SE4050-Deep-Learning-Assignment\data\train\India\images\India_008839.jpg,India,1,1,0,0,0,['D00'],D00,val,69
C:\Users\ASUS\Desktop\SLIIT\Year 4\Semester 2\Deep Learning\Assignment\SE4050-Deep-Learning-Assignment\data\train\India\images\India_008846.jpg,India,3,0,0,1,0,['D20'],D20,val,3798
C:\Users\ASUS\Desktop\SLIIT\Year 4\Semester 2\Deep Learning\Assignment\SE4050-Deep-Learning-Assignment\data\train\India\images\India_008851.jpg,India,2,0,0,1,0,['D20'],D20,train,3799
C:\Users\ASUS\Desktop\SLIIT\Year 4\Semester 2\Deep Learning\Assignment\SE4050-Deep-Learning-Assignment\data\train\India\images\India_008852.jpg,India,3,1,0,0,1,"['D00', 'D40']",D00,train,3800
C:\Users\ASUS\Desktop\SLIIT\Year 4\Semester 2\Deep Learning\Assignment\SE4050-Deep-Learning-Assignment\data\train\India\images\India_008853.jpg,India,1,0,0,1,0,['D20'],D20,train,3801
C:\Users\ASUS\Desktop\SLIIT\Year 4\Semester 2\Deep Learning\Assignment\SE4050-Deep-Learning-Assignment\data\train\India\images\India_008854.jpg,India,1,1,0,0,0,['D00'],D00,val,3802
C:\Users\ASUS\Desktop\SLIIT\Year 4\Semester 2\Deep Learning\Assignment\SE4050-Deep-Learning-Assignment\data\train\India\images\India_008857.jpg,India,1,1,0,0,0,['D00'],D00,val,1
C:\Users\ASUS\Desktop\SLIIT\Year 4\Semester 2\Deep Learning\Assignment\SE4050-Deep-Learning-Assignment\data\train\India\images\India_008860.jpg,India,14,1,0,0,1,"['D00', 'D40']",D00,train,3803
C:\Users\ASUS\Desktop\SLIIT\Year 4\Semester 2\Deep Learning\Assignment\SE4050-Deep-Learning-Assignment\data\train\India\images\India_008867.jpg,India,3,0,0,0,1,['D40'],D40,train,3804
C:\Users\ASUS\Desktop\SLIIT\Year 4\Semester 2\Deep Learning\Assignment\SE4050-Deep-Learning-Assignment\data\train\India\images\India_008870.jpg,India,1,0,0,0,1,['D40'],D40,train,39
C:\Users\ASUS\Desktop\SLIIT\Year 4\Semester 2\Deep Learning\Assignment\SE4050-Deep-Learning-Assignment\data\train\India\images\India_008872.jpg,India,4,0,0,1,1,"['D20', 'D40']",D20,test,3805
C:\Users\ASUS\Desktop\SLIIT\Year 4\Semester 2\Deep Learning\Assignment\SE4050-Deep-Learning-Assignment\data\train\India\images\India_008878.jpg,India,1,0,0,1,0,['D20'],D20,train,3806
C:\Users\ASUS\Desktop\SLIIT\Year 4\Semester 2\Deep Learning\Assignment\SE4050-Deep-Learning-Assignment\data\train\India\images\India_008881.jpg,India,7,1,1,1,1,"['D00', 'D10', 'D20', 'D40']",D00,train,3807
C:\Users\ASUS\Desktop\SLIIT\Year 4\Semester 2\Deep Learning\Assignment\SE4050-Deep-Learning-Assignment\data\train\India\images\India_008886.jpg,India,1,0,0,1,0,['D20'],D20,train,3808
C:\Users\ASUS\Desktop\SLIIT\Year 4\Semester 2\Deep Learning\Assignment\SE4050-Deep-Learning-Assignment\data\train\India\images\India_008889.jpg,India,1,1,0,0,0,['D00'],D00,train,3809
C:\Users\ASUS\Desktop\SLIIT\Year 4\Semester 2\Deep Learning\Assignment\SE4050-Deep-Learning-Assignment\data\train\India\images\India_008893.jpg,India,1,0,0,1,0,['D20'],D20,train,3810
C:\Users\ASUS\Desktop\SLIIT\Year 4\Semester 2\Deep Learning\Assignment\SE4050-Deep-Learning-Assignment\data\train\India\images\India_008904.jpg,India,2,1,0,0,0,['D00'],D00,train,3811
C:\Users\ASUS\Desktop\SLIIT\Year 4\Semester 2\Deep Learning\Assignment\SE4050-Deep-Learning-Assignment\data\train\India\images\India_008906.jpg,India,3,1,0,1,1,"['D00', 'D20', 'D40']",D00,train,3812
C:\Users\ASUS\Desktop\SLIIT\Year 4\Semester 2\Deep Learning\Assignment\SE4050-Deep-Learning-Assignment\data\train\India\images\India_008909.jpg,India,2,0,0,1,0,['D20'],D20,train,3813
C:\Users\ASUS\Desktop\SLIIT\Year 4\Semester 2\Deep Learning\Assignment\SE4050-Deep-Learning-Assignment\data\train\India\images\India_008915.jpg,India,1,0,0,0,1,['D40'],D40,train,3814
C:\Users\ASUS\Desktop\SLIIT\Year 4\Semester 2\Deep Learning\Assignment\SE4050-Deep-Learning-Assignment\data\train\India\images\India_008918.jpg,India,1,0,0,1,0,['D20'],D20,train,0
C:\Users\ASUS\Desktop\SLIIT\Year 4\Semester 2\Deep Learning\Assignment\SE4050-Deep-Learning-Assignment\data\train\India\images\India_008925.jpg,India,2,1,0,0,1,"['D00', 'D40']",D00,val,3815
C:\Users\ASUS\Desktop\SLIIT\Year 4\Semester 2\Deep Learning\Assignment\SE4050-Deep-Learning-Assignment\data\train\India\images\India_008926.jpg,India,2,0,0,1,1,"['D20', 'D40']",D20,train,3816
C:\Users\ASUS\Desktop\SLIIT\Year 4\Semester 2\Deep Learning\Assignment\SE4050-Deep-Learning-Assignment\data\train\India\images\India_008927.jpg,India,4,1,0,0,1,"['D00', 'D40']",D00,train,3817
C:\Users\ASUS\Desktop\SLIIT\Year 4\Semester 2\Deep Learning\Assignment\SE4050-Deep-Learning-Assignment\data\train\India\images\India_008928.jpg,India,2,0,0,1,0,['D20'],D20,train,3818
C:\Users\ASUS\Desktop\SLIIT\Year 4\Semester 2\Deep Learning\Assignment\SE4050-Deep-Learning-Assignment\data\train\India\images\India_008933.jpg,India,2,0,0,0,1,['D40'],D40,train,3819
C:\Users\ASUS\Desktop\SLIIT\Year 4\Semester 2\Deep Learning\Assignment\SE4050-Deep-Learning-Assignment\data\train\India\images\India_008940.jpg,India,3,1,0,1,0,"['D00', 'D20']",D00,train,3820
C:\Users\ASUS\Desktop\SLIIT\Year 4\Semester 2\Deep Learning\Assignment\SE4050-Deep-Learning-Assignment\data\train\India\images\India_008942.jpg,India,2,0,0,0,1,['D40'],D40,test,3821
C:\Users\ASUS\Desktop\SLIIT\Year 4\Semester 2\Deep Learning\Assignment\SE4050-Deep-Learning-Assignment\data\train\India\images\India_008944.jpg,India,1,0,0,0,1,['D40'],D40,train,3822
C:\Users\ASUS\Desktop\SLIIT\Year 4\Semester 2\Deep Learning\Assignment\SE4050-Deep-Learning-Assignment\data\train\India\images\India_008947.jpg,India,3,1,0,0,0,['D00'],D00,train,3823
C:\Users\ASUS\Desktop\SLIIT\Year 4\Semester 2\Deep Learning\Assignment\SE4050-Deep-Learning-Assignment\data\train\India\images\India_008948.jpg,India,2,0,0,0,1,['D40'],D40,val,3824
C:\Users\ASUS\Desktop\SLIIT\Year 4\Semester 2\Deep Learning\Assignment\SE4050-Deep-Learning-Assignment\data\train\India\images\India_008950.jpg,India,2,0,0,0,1,['D40'],D40,val,3825
C:\Users\ASUS\Desktop\SLIIT\Year 4\Semester 2\Deep Learning\Assignment\SE4050-Deep-Learning-Assignment\data\train\India\images\India_008952.jpg,India,1,0,0,1,0,['D20'],D20,train,3826
C:\Users\ASUS\Desktop\SLIIT\Year 4\Semester 2\Deep Learning\Assignment\SE4050-Deep-Learning-Assignment\data\train\India\images\India_008953.jpg,India,4,0,0,1,1,"['D20', 'D40']",D20,train,3827
C:\Users\ASUS\Desktop\SLIIT\Year 4\Semester 2\Deep Learning\Assignment\SE4050-Deep-Learning-Assignment\data\train\India\images\India_008957.jpg,India,4,0,0,0,1,['D40'],D40,train,3828
C:\Users\ASUS\Desktop\SLIIT\Year 4\Semester 2\Deep Learning\Assignment\SE4050-Deep-Learning-Assignment\data\train\India\images\India_008960.jpg,India,1,0,0,1,0,['D20'],D20,train,79
C:\Users\ASUS\Desktop\SLIIT\Year 4\Semester 2\Deep Learning\Assignment\SE4050-Deep-Learning-Assignment\data\train\India\images\India_008963.jpg,India,1,0,0,0,1,['D40'],D40,train,3829
C:\Users\ASUS\Desktop\SLIIT\Year 4\Semester 2\Deep Learning\Assignment\SE4050-Deep-Learning-Assignment\data\train\India\images\India_008969.jpg,India,4,1,0,1,1,"['D00', 'D20', 'D40']",D00,train,74
C:\Users\ASUS\Desktop\SLIIT\Year 4\Semester 2\Deep Learning\Assignment\SE4050-Deep-Learning-Assignment\data\train\India\images\India_008971.jpg,India,7,1,0,1,1,"['D00', 'D20', 'D40']",D00,test,3830
C:\Users\ASUS\Desktop\SLIIT\Year 4\Semester 2\Deep Learning\Assignment\SE4050-Deep-Learning-Assignment\data\train\India\images\India_008976.jpg,India,2,1,0,0,0,['D00'],D00,test,3831
C:\Users\ASUS\Desktop\SLIIT\Year 4\Semester 2\Deep Learning\Assignment\SE4050-Deep-Learning-Assignment\data\train\India\images\India_008977.jpg,India,1,0,0,1,0,['D20'],D20,train,3832
C:\Users\ASUS\Desktop\SLIIT\Year 4\Semester 2\Deep Learning\Assignment\SE4050-Deep-Learning-Assignment\data\train\India\images\India_008982.jpg,India,1,0,0,1,0,['D20'],D20,train,3833
C:\Users\ASUS\Desktop\SLIIT\Year 4\Semester 2\Deep Learning\Assignment\SE4050-Deep-Learning-Assignment\data\train\India\images\India_008984.jpg,India,2,0,0,0,1,['D40'],D40,train,3834
C:\Users\ASUS\Desktop\SLIIT\Year 4\Semester 2\Deep Learning\Assignment\SE4050-Deep-Learning-Assignment\data\train\India\images\India_008985.jpg,India,1,0,0,1,0,['D20'],D20,val,3835
C:\Users\ASUS\Desktop\SLIIT\Year 4\Semester 2\Deep Learning\Assignment\SE4050-Deep-Learning-Assignment\data\train\India\images\India_008986.jpg,India,1,0,0,1,0,['D20'],D20,train,3836
C:\Users\ASUS\Desktop\SLIIT\Year 4\Semester 2\Deep Learning\Assignment\SE4050-Deep-Learning-Assignment\data\train\India\images\India_008988.jpg,India,6,1,0,0,1,"['D00', 'D40']",D00,train,3837
C:\Users\ASUS\Desktop\SLIIT\Year 4\Semester 2\Deep Learning\Assignment\SE4050-Deep-Learning-Assignment\data\train\India\images\India_008989.jpg,India,3,1,0,1,0,"['D00', 'D20']",D00,train,3838
C:\Users\ASUS\Desktop\SLIIT\Year 4\Semester 2\Deep Learning\Assignment\SE4050-Deep-Learning-Assignment\data\train\India\images\India_008990.jpg,India,1,0,0,1,0,['D20'],D20,test,3839
C:\Users\ASUS\Desktop\SLIIT\Year 4\Semester 2\Deep Learning\Assignment\SE4050-Deep-Learning-Assignment\data\train\India\images\India_008991.jpg,India,1,0,0,0,1,['D40'],D40,train,3840
C:\Users\ASUS\Desktop\SLIIT\Year 4\Semester 2\Deep Learning\Assignment\SE4050-Deep-Learning-Assignment\data\train\India\images\India_008993.jpg,India,1,0,0,1,0,['D20'],D20,val,3841
C:\Users\ASUS\Desktop\SLIIT\Year 4\Semester 2\Deep Learning\Assignment\SE4050-Deep-Learning-Assignment\data\train\India\images\India_008997.jpg,India,1,0,0,1,0,['D20'],D20,train,3842
C:\Users\ASUS\Desktop\SLIIT\Year 4\Semester 2\Deep Learning\Assignment\SE4050-Deep-Learning-Assignment\data\train\India\images\India_008998.jpg,India,4,0,0,1,0,['D20'],D20,train,3843
C:\Users\ASUS\Desktop\SLIIT\Year 4\Semester 2\Deep Learning\Assignment\SE4050-Deep-Learning-Assignment\data\train\India\images\India_008999.jpg,India,1,1,0,0,0,['D00'],D00,train,3844
C:\Users\ASUS\Desktop\SLIIT\Year 4\Semester 2\Deep Learning\Assignment\SE4050-Deep-Learning-Assignment\data\train\India\images\India_009000.jpg,India,1,0,0,1,0,['D20'],D20,train,3845
C:\Users\ASUS\Desktop\SLIIT\Year 4\Semester 2\Deep Learning\Assignment\SE4050-Deep-Learning-Assignment\data\train\India\images\India_009001.jpg,India,5,0,0,1,1,"['D20', 'D40']",D20,val,3846
C:\Users\ASUS\Desktop\SLIIT\Year 4\Semester 2\Deep Learning\Assignment\SE4050-Deep-Learning-Assignment\data\train\India\images\India_009002.jpg,India,3,1,0,0,0,['D00'],D00,train,3847
C:\Users\ASUS\Desktop\SLIIT\Year 4\Semester 2\Deep Learning\Assignment\SE4050-Deep-Learning-Assignment\data\train\India\images\India_009004.jpg,India,1,0,0,1,0,['D20'],D20,val,3848
C:\Users\ASUS\Desktop\SLIIT\Year 4\Semester 2\Deep Learning\Assignment\SE4050-Deep-Learning-Assignment\data\train\India\images\India_009009.jpg,India,7,0,0,1,1,"['D20', 'D40']",D20,train,3849
C:\Users\ASUS\Desktop\SLIIT\Year 4\Semester 2\Deep Learning\Assignment\SE4050-Deep-Learning-Assignment\data\train\India\images\India_009010.jpg,India,2,0,0,1,0,['D20'],D20,train,3850
C:\Users\ASUS\Desktop\SLIIT\Year 4\Semester 2\Deep Learning\Assignment\SE4050-Deep-Learning-Assignment\data\train\India\images\India_009011.jpg,India,1,0,0,0,1,['D40'],D40,train,3851
C:\Users\ASUS\Desktop\SLIIT\Year 4\Semester 2\Deep Learning\Assignment\SE4050-Deep-Learning-Assignment\data\train\India\images\India_009013.jpg,India,2,0,0,1,1,"['D20', 'D40']",D20,train,3852
C:\Users\ASUS\Desktop\SLIIT\Year 4\Semester 2\Deep Learning\Assignment\SE4050-Deep-Learning-Assignment\data\train\India\images\India_009017.jpg,India,3,0,0,0,1,['D40'],D40,train,3853
C:\Users\ASUS\Desktop\SLIIT\Year 4\Semester 2\Deep Learning\Assignment\SE4050-Deep-Learning-Assignment\data\train\India\images\India_009018.jpg,India,1,0,0,1,0,['D20'],D20,train,3854
C:\Users\ASUS\Desktop\SLIIT\Year 4\Semester 2\Deep Learning\Assignment\SE4050-Deep-Learning-Assignment\data\train\India\images\India_009021.jpg,India,3,1,0,0,0,['D00'],D00,train,3855
C:\Users\ASUS\Desktop\SLIIT\Year 4\Semester 2\Deep Learning\Assignment\SE4050-Deep-Learning-Assignment\data\train\India\images\India_009023.jpg,India,3,0,0,0,1,['D40'],D40,val,3856
C:\Users\ASUS\Desktop\SLIIT\Year 4\Semester 2\Deep Learning\Assignment\SE4050-Deep-Learning-Assignment\data\train\India\images\India_009029.jpg,India,1,0,0,1,0,['D20'],D20,train,3857
C:\Users\ASUS\Desktop\SLIIT\Year 4\Semester 2\Deep Learning\Assignment\SE4050-Deep-Learning-Assignment\data\train\India\images\India_009038.jpg,India,2,1,0,1,0,"['D00', 'D20']",D00,train,3858
C:\Users\ASUS\Desktop\SLIIT\Year 4\Semester 2\Deep Learning\Assignment\SE4050-Deep-Learning-Assignment\data\train\India\images\India_009039.jpg,India,1,0,0,1,0,['D20'],D20,val,3859
C:\Users\ASUS\Desktop\SLIIT\Year 4\Semester 2\Deep Learning\Assignment\SE4050-Deep-Learning-Assignment\data\train\India\images\India_009041.jpg,India,5,0,0,1,1,"['D20', 'D40']",D20,test,3860
C:\Users\ASUS\Desktop\SLIIT\Year 4\Semester 2\Deep Learning\Assignment\SE4050-Deep-Learning-Assignment\data\train\India\images\India_009042.jpg,India,1,1,0,0,0,['D00'],D00,train,3861
C:\Users\ASUS\Desktop\SLIIT\Year 4\Semester 2\Deep Learning\Assignment\SE4050-Deep-Learning-Assignment\data\train\India\images\India_009046.jpg,India,2,0,0,1,0,['D20'],D20,train,3862
C:\Users\ASUS\Desktop\SLIIT\Year 4\Semester 2\Deep Learning\Assignment\SE4050-Deep-Learning-Assignment\data\train\India\images\India_009051.jpg,India,7,0,0,1,1,"['D20', 'D40']",D20,train,3863
C:\Users\ASUS\Desktop\SLIIT\Year 4\Semester 2\Deep Learning\Assignment\SE4050-Deep-Learning-Assignment\data\train\India\images\India_009054.jpg,India,1,0,0,0,1,['D40'],D40,test,3864
C:\Users\ASUS\Desktop\SLIIT\Year 4\Semester 2\Deep Learning\Assignment\SE4050-Deep-Learning-Assignment\data\train\India\images\India_009055.jpg,India,1,0,0,1,0,['D20'],D20,train,3865
C:\Users\ASUS\Desktop\SLIIT\Year 4\Semester 2\Deep Learning\Assignment\SE4050-Deep-Learning-Assignment\data\train\India\images\India_009063.jpg,India,1,0,0,1,0,['D20'],D20,train,3866
C:\Users\ASUS\Desktop\SLIIT\Year 4\Semester 2\Deep Learning\Assignment\SE4050-Deep-Learning-Assignment\data\train\India\images\India_009064.jpg,India,1,0,0,1,0,['D20'],D20,val,3867
C:\Users\ASUS\Desktop\SLIIT\Year 4\Semester 2\Deep Learning\Assignment\SE4050-Deep-Learning-Assignment\data\train\India\images\India_009065.jpg,India,1,0,0,0,1,['D40'],D40,train,3868
C:\Users\ASUS\Desktop\SLIIT\Year 4\Semester 2\Deep Learning\Assignment\SE4050-Deep-Learning-Assignment\data\train\India\images\India_009066.jpg,India,1,0,0,1,0,['D20'],D20,test,3869
C:\Users\ASUS\Desktop\SLIIT\Year 4\Semester 2\Deep Learning\Assignment\SE4050-Deep-Learning-Assignment\data\train\India\images\India_009068.jpg,India,1,0,0,1,0,['D20'],D20,train,3870
C:\Users\ASUS\Desktop\SLIIT\Year 4\Semester 2\Deep Learning\Assignment\SE4050-Deep-Learning-Assignment\data\train\India\images\India_009071.jpg,India,2,0,0,0,1,['D40'],D40,train,3871
C:\Users\ASUS\Desktop\SLIIT\Year 4\Semester 2\Deep Learning\Assignment\SE4050-Deep-Learning-Assignment\data\train\India\images\India_009074.jpg,India,1,1,0,0,0,['D00'],D00,val,3872
C:\Users\ASUS\Desktop\SLIIT\Year 4\Semester 2\Deep Learning\Assignment\SE4050-Deep-Learning-Assignment\data\train\India\images\India_009075.jpg,India,2,0,0,1,0,['D20'],D20,train,3873
C:\Users\ASUS\Desktop\SLIIT\Year 4\Semester 2\Deep Learning\Assignment\SE4050-Deep-Learning-Assignment\data\train\India\images\India_009077.jpg,India,2,0,0,1,0,['D20'],D20,train,3874
C:\Users\ASUS\Desktop\SLIIT\Year 4\Semester 2\Deep Learning\Assignment\SE4050-Deep-Learning-Assignment\data\train\India\images\India_009080.jpg,India,1,0,0,0,1,['D40'],D40,test,3875
C:\Users\ASUS\Desktop\SLIIT\Year 4\Semester 2\Deep Learning\Assignment\SE4050-Deep-Learning-Assignment\data\train\India\images\India_009095.jpg,India,1,0,0,1,0,['D20'],D20,test,80
C:\Users\ASUS\Desktop\SLIIT\Year 4\Semester 2\Deep Learning\Assignment\SE4050-Deep-Learning-Assignment\data\train\India\images\India_009096.jpg,India,1,0,0,1,0,['D20'],D20,train,3876
C:\Users\ASUS\Desktop\SLIIT\Year 4\Semester 2\Deep Learning\Assignment\SE4050-Deep-Learning-Assignment\data\train\India\images\India_009097.jpg,India,7,1,0,1,1,"['D00', 'D20', 'D40']",D00,test,77
C:\Users\ASUS\Desktop\SLIIT\Year 4\Semester 2\Deep Learning\Assignment\SE4050-Deep-Learning-Assignment\data\train\India\images\India_009100.jpg,India,3,0,0,1,1,"['D20', 'D40']",D20,train,3877
C:\Users\ASUS\Desktop\SLIIT\Year 4\Semester 2\Deep Learning\Assignment\SE4050-Deep-Learning-Assignment\data\train\India\images\India_009107.jpg,India,1,0,0,1,0,['D20'],D20,train,3878
C:\Users\ASUS\Desktop\SLIIT\Year 4\Semester 2\Deep Learning\Assignment\SE4050-Deep-Learning-Assignment\data\train\India\images\India_009108.jpg,India,2,1,0,1,0,"['D00', 'D20']",D00,val,3879
C:\Users\ASUS\Desktop\SLIIT\Year 4\Semester 2\Deep Learning\Assignment\SE4050-Deep-Learning-Assignment\data\train\India\images\India_009112.jpg,India,1,0,0,1,0,['D20'],D20,train,3880
C:\Users\ASUS\Desktop\SLIIT\Year 4\Semester 2\Deep Learning\Assignment\SE4050-Deep-Learning-Assignment\data\train\India\images\India_009117.jpg,India,5,0,0,0,1,['D40'],D40,train,3881
C:\Users\ASUS\Desktop\SLIIT\Year 4\Semester 2\Deep Learning\Assignment\SE4050-Deep-Learning-Assignment\data\train\India\images\India_009119.jpg,India,4,0,0,1,0,['D20'],D20,train,3882
C:\Users\ASUS\Desktop\SLIIT\Year 4\Semester 2\Deep Learning\Assignment\SE4050-Deep-Learning-Assignment\data\train\India\images\India_009122.jpg,India,2,1,0,0,1,"['D00', 'D40']",D00,train,3883
C:\Users\ASUS\Desktop\SLIIT\Year 4\Semester 2\Deep Learning\Assignment\SE4050-Deep-Learning-Assignment\data\train\India\images\India_009123.jpg,India,2,0,0,0,1,['D40'],D40,train,3884
C:\Users\ASUS\Desktop\SLIIT\Year 4\Semester 2\Deep Learning\Assignment\SE4050-Deep-Learning-Assignment\data\train\India\images\India_009127.jpg,India,1,0,0,1,0,['D20'],D20,test,3885
C:\Users\ASUS\Desktop\SLIIT\Year 4\Semester 2\Deep Learning\Assignment\SE4050-Deep-Learning-Assignment\data\train\India\images\India_009128.jpg,India,1,0,0,1,0,['D20'],D20,val,3886
C:\Users\ASUS\Desktop\SLIIT\Year 4\Semester 2\Deep Learning\Assignment\SE4050-Deep-Learning-Assignment\data\train\India\images\India_009129.jpg,India,3,0,0,0,1,['D40'],D40,val,3887
C:\Users\ASUS\Desktop\SLIIT\Year 4\Semester 2\Deep Learning\Assignment\SE4050-Deep-Learning-Assignment\data\train\India\images\India_009131.jpg,India,4,0,0,0,1,['D40'],D40,val,3888
C:\Users\ASUS\Desktop\SLIIT\Year 4\Semester 2\Deep Learning\Assignment\SE4050-Deep-Learning-Assignment\data\train\India\images\India_009132.jpg,India,1,0,0,1,0,['D20'],D20,train,3889
C:\Users\ASUS\Desktop\SLIIT\Year 4\Semester 2\Deep Learning\Assignment\SE4050-Deep-Learning-Assignment\data\train\India\images\India_009133.jpg,India,3,1,0,1,0,"['D00', 'D20']",D00,train,3890
C:\Users\ASUS\Desktop\SLIIT\Year 4\Semester 2\Deep Learning\Assignment\SE4050-Deep-Learning-Assignment\data\train\India\images\India_009134.jpg,India,1,1,0,0,0,['D00'],D00,train,3891
C:\Users\ASUS\Desktop\SLIIT\Year 4\Semester 2\Deep Learning\Assignment\SE4050-Deep-Learning-Assignment\data\train\India\images\India_009138.jpg,India,3,0,0,0,1,['D40'],D40,train,3892
C:\Users\ASUS\Desktop\SLIIT\Year 4\Semester 2\Deep Learning\Assignment\SE4050-Deep-Learning-Assignment\data\train\India\images\India_009142.jpg,India,2,0,0,0,1,['D40'],D40,train,3893
C:\Users\ASUS\Desktop\SLIIT\Year 4\Semester 2\Deep Learning\Assignment\SE4050-Deep-Learning-Assignment\data\train\India\images\India_009144.jpg,India,1,0,0,0,1,['D40'],D40,train,3894
C:\Users\ASUS\Desktop\SLIIT\Year 4\Semester 2\Deep Learning\Assignment\SE4050-Deep-Learning-Assignment\data\train\India\images\India_009147.jpg,India,1,0,0,1,0,['D20'],D20,val,3895
C:\Users\ASUS\Desktop\SLIIT\Year 4\Semester 2\Deep Learning\Assignment\SE4050-Deep-Learning-Assignment\data\train\India\images\India_009148.jpg,India,7,1,0,0,1,"['D00', 'D40']",D00,test,3896
C:\Users\ASUS\Desktop\SLIIT\Year 4\Semester 2\Deep Learning\Assignment\SE4050-Deep-Learning-Assignment\data\train\India\images\India_009151.jpg,India,2,1,0,0,1,"['D00', 'D40']",D00,train,3897
C:\Users\ASUS\Desktop\SLIIT\Year 4\Semester 2\Deep Learning\Assignment\SE4050-Deep-Learning-Assignment\data\train\India\images\India_009153.jpg,India,4,0,0,0,1,['D40'],D40,train,3898
C:\Users\ASUS\Desktop\SLIIT\Year 4\Semester 2\Deep Learning\Assignment\SE4050-Deep-Learning-Assignment\data\train\India\images\India_009157.jpg,India,2,1,0,0,1,"['D00', 'D40']",D00,train,3899
C:\Users\ASUS\Desktop\SLIIT\Year 4\Semester 2\Deep Learning\Assignment\SE4050-Deep-Learning-Assignment\data\train\India\images\India_009159.jpg,India,2,0,0,1,0,['D20'],D20,train,3900
C:\Users\ASUS\Desktop\SLIIT\Year 4\Semester 2\Deep Learning\Assignment\SE4050-Deep-Learning-Assignment\data\train\India\images\India_009161.jpg,India,5,1,0,0,1,"['D00', 'D40']",D00,train,19
C:\Users\ASUS\Desktop\SLIIT\Year 4\Semester 2\Deep Learning\Assignment\SE4050-Deep-Learning-Assignment\data\train\India\images\India_009163.jpg,India,3,0,0,1,1,"['D20', 'D40']",D20,val,1
C:\Users\ASUS\Desktop\SLIIT\Year 4\Semester 2\Deep Learning\Assignment\SE4050-Deep-Learning-Assignment\data\train\India\images\India_009164.jpg,India,2,0,0,1,0,['D20'],D20,val,3901
C:\Users\ASUS\Desktop\SLIIT\Year 4\Semester 2\Deep Learning\Assignment\SE4050-Deep-Learning-Assignment\data\train\India\images\India_009165.jpg,India,2,1,0,0,0,['D00'],D00,test,3902
C:\Users\ASUS\Desktop\SLIIT\Year 4\Semester 2\Deep Learning\Assignment\SE4050-Deep-Learning-Assignment\data\train\India\images\India_009167.jpg,India,3,1,0,1,0,"['D00', 'D20']",D00,train,63
C:\Users\ASUS\Desktop\SLIIT\Year 4\Semester 2\Deep Learning\Assignment\SE4050-Deep-Learning-Assignment\data\train\India\images\India_009171.jpg,India,8,0,0,1,1,"['D20', 'D40']",D20,val,3903
C:\Users\ASUS\Desktop\SLIIT\Year 4\Semester 2\Deep Learning\Assignment\SE4050-Deep-Learning-Assignment\data\train\India\images\India_009172.jpg,India,2,0,0,1,0,['D20'],D20,train,3904
C:\Users\ASUS\Desktop\SLIIT\Year 4\Semester 2\Deep Learning\Assignment\SE4050-Deep-Learning-Assignment\data\train\India\images\India_009173.jpg,India,2,0,0,0,1,['D40'],D40,val,3905
C:\Users\ASUS\Desktop\SLIIT\Year 4\Semester 2\Deep Learning\Assignment\SE4050-Deep-Learning-Assignment\data\train\India\images\India_009175.jpg,India,1,1,0,0,0,['D00'],D00,train,3906
C:\Users\ASUS\Desktop\SLIIT\Year 4\Semester 2\Deep Learning\Assignment\SE4050-Deep-Learning-Assignment\data\train\India\images\India_009177.jpg,India,4,0,0,0,1,['D40'],D40,train,3907
C:\Users\ASUS\Desktop\SLIIT\Year 4\Semester 2\Deep Learning\Assignment\SE4050-Deep-Learning-Assignment\data\train\India\images\India_009178.jpg,India,3,1,0,1,0,"['D00', 'D20']",D00,train,3908
C:\Users\ASUS\Desktop\SLIIT\Year 4\Semester 2\Deep Learning\Assignment\SE4050-Deep-Learning-Assignment\data\train\India\images\India_009180.jpg,India,3,0,0,1,1,"['D20', 'D40']",D20,train,3909
C:\Users\ASUS\Desktop\SLIIT\Year 4\Semester 2\Deep Learning\Assignment\SE4050-Deep-Learning-Assignment\data\train\India\images\India_009184.jpg,India,1,0,0,1,0,['D20'],D20,test,3910
C:\Users\ASUS\Desktop\SLIIT\Year 4\Semester 2\Deep Learning\Assignment\SE4050-Deep-Learning-Assignment\data\train\India\images\India_009185.jpg,India,3,1,0,1,1,"['D00', 'D20', 'D40']",D00,train,3911
C:\Users\ASUS\Desktop\SLIIT\Year 4\Semester 2\Deep Learning\Assignment\SE4050-Deep-Learning-Assignment\data\train\India\images\India_009193.jpg,India,1,0,0,1,0,['D20'],D20,train,3912
C:\Users\ASUS\Desktop\SLIIT\Year 4\Semester 2\Deep Learning\Assignment\SE4050-Deep-Learning-Assignment\data\train\India\images\India_009205.jpg,India,1,0,0,0,1,['D40'],D40,test,4
C:\Users\ASUS\Desktop\SLIIT\Year 4\Semester 2\Deep Learning\Assignment\SE4050-Deep-Learning-Assignment\data\train\India\images\India_009212.jpg,India,2,1,0,1,0,"['D00', 'D20']",D00,train,3913
C:\Users\ASUS\Desktop\SLIIT\Year 4\Semester 2\Deep Learning\Assignment\SE4050-Deep-Learning-Assignment\data\train\India\images\India_009213.jpg,India,7,1,0,1,1,"['D00', 'D20', 'D40']",D00,train,3914
C:\Users\ASUS\Desktop\SLIIT\Year 4\Semester 2\Deep Learning\Assignment\SE4050-Deep-Learning-Assignment\data\train\India\images\India_009214.jpg,India,3,1,0,1,0,"['D00', 'D20']",D00,train,3915
C:\Users\ASUS\Desktop\SLIIT\Year 4\Semester 2\Deep Learning\Assignment\SE4050-Deep-Learning-Assignment\data\train\India\images\India_009215.jpg,India,3,1,0,0,0,['D00'],D00,test,3916
C:\Users\ASUS\Desktop\SLIIT\Year 4\Semester 2\Deep Learning\Assignment\SE4050-Deep-Learning-Assignment\data\train\India\images\India_009221.jpg,India,2,0,0,1,1,"['D20', 'D40']",D20,train,3917
C:\Users\ASUS\Desktop\SLIIT\Year 4\Semester 2\Deep Learning\Assignment\SE4050-Deep-Learning-Assignment\data\train\India\images\India_009225.jpg,India,6,0,0,1,1,"['D20', 'D40']",D20,val,3918
C:\Users\ASUS\Desktop\SLIIT\Year 4\Semester 2\Deep Learning\Assignment\SE4050-Deep-Learning-Assignment\data\train\India\images\India_009226.jpg,India,8,0,0,0,1,['D40'],D40,train,58
C:\Users\ASUS\Desktop\SLIIT\Year 4\Semester 2\Deep Learning\Assignment\SE4050-Deep-Learning-Assignment\data\train\India\images\India_009229.jpg,India,1,0,0,1,0,['D20'],D20,test,3919
C:\Users\ASUS\Desktop\SLIIT\Year 4\Semester 2\Deep Learning\Assignment\SE4050-Deep-Learning-Assignment\data\train\India\images\India_009240.jpg,India,1,0,0,1,0,['D20'],D20,train,3920
C:\Users\ASUS\Desktop\SLIIT\Year 4\Semester 2\Deep Learning\Assignment\SE4050-Deep-Learning-Assignment\data\train\India\images\India_009245.jpg,India,3,1,0,1,1,"['D00', 'D20', 'D40']",D00,train,54
C:\Users\ASUS\Desktop\SLIIT\Year 4\Semester 2\Deep Learning\Assignment\SE4050-Deep-Learning-Assignment\data\train\India\images\India_009249.jpg,India,2,0,0,0,1,['D40'],D40,train,3921
C:\Users\ASUS\Desktop\SLIIT\Year 4\Semester 2\Deep Learning\Assignment\SE4050-Deep-Learning-Assignment\data\train\India\images\India_009250.jpg,India,2,0,0,0,1,['D40'],D40,train,3922
C:\Users\ASUS\Desktop\SLIIT\Year 4\Semester 2\Deep Learning\Assignment\SE4050-Deep-Learning-Assignment\data\train\India\images\India_009251.jpg,India,4,1,0,1,1,"['D00', 'D20', 'D40']",D00,train,3923
C:\Users\ASUS\Desktop\SLIIT\Year 4\Semester 2\Deep Learning\Assignment\SE4050-Deep-Learning-Assignment\data\train\India\images\India_009254.jpg,India,4,0,0,0,1,['D40'],D40,train,3924
C:\Users\ASUS\Desktop\SLIIT\Year 4\Semester 2\Deep Learning\Assignment\SE4050-Deep-Learning-Assignment\data\train\India\images\India_009260.jpg,India,1,1,0,0,0,['D00'],D00,train,3925
C:\Users\ASUS\Desktop\SLIIT\Year 4\Semester 2\Deep Learning\Assignment\SE4050-Deep-Learning-Assignment\data\train\India\images\India_009262.jpg,India,1,0,0,1,0,['D20'],D20,val,3926
C:\Users\ASUS\Desktop\SLIIT\Year 4\Semester 2\Deep Learning\Assignment\SE4050-Deep-Learning-Assignment\data\train\India\images\India_009263.jpg,India,1,0,0,1,0,['D20'],D20,train,3927
C:\Users\ASUS\Desktop\SLIIT\Year 4\Semester 2\Deep Learning\Assignment\SE4050-Deep-Learning-Assignment\data\train\India\images\India_009268.jpg,India,4,0,0,1,1,"['D20', 'D40']",D20,train,3928
C:\Users\ASUS\Desktop\SLIIT\Year 4\Semester 2\Deep Learning\Assignment\SE4050-Deep-Learning-Assignment\data\train\India\images\India_009269.jpg,India,3,1,0,1,1,"['D00', 'D20', 'D40']",D00,train,3929
C:\Users\ASUS\Desktop\SLIIT\Year 4\Semester 2\Deep Learning\Assignment\SE4050-Deep-Learning-Assignment\data\train\India\images\India_009271.jpg,India,1,1,0,0,0,['D00'],D00,train,3930
C:\Users\ASUS\Desktop\SLIIT\Year 4\Semester 2\Deep Learning\Assignment\SE4050-Deep-Learning-Assignment\data\train\India\images\India_009272.jpg,India,4,1,0,1,1,"['D00', 'D20', 'D40']",D00,test,3931
C:\Users\ASUS\Desktop\SLIIT\Year 4\Semester 2\Deep Learning\Assignment\SE4050-Deep-Learning-Assignment\data\train\India\images\India_009279.jpg,India,2,0,0,0,1,['D40'],D40,train,3932
C:\Users\ASUS\Desktop\SLIIT\Year 4\Semester 2\Deep Learning\Assignment\SE4050-Deep-Learning-Assignment\data\train\India\images\India_009281.jpg,India,1,0,0,0,1,['D40'],D40,train,3933
C:\Users\ASUS\Desktop\SLIIT\Year 4\Semester 2\Deep Learning\Assignment\SE4050-Deep-Learning-Assignment\data\train\India\images\India_009282.jpg,India,1,1,0,0,0,['D00'],D00,test,3934
C:\Users\ASUS\Desktop\SLIIT\Year 4\Semester 2\Deep Learning\Assignment\SE4050-Deep-Learning-Assignment\data\train\India\images\India_009283.jpg,India,2,1,0,1,0,"['D00', 'D20']",D00,train,15
C:\Users\ASUS\Desktop\SLIIT\Year 4\Semester 2\Deep Learning\Assignment\SE4050-Deep-Learning-Assignment\data\train\India\images\India_009284.jpg,India,2,0,0,1,0,['D20'],D20,train,0
C:\Users\ASUS\Desktop\SLIIT\Year 4\Semester 2\Deep Learning\Assignment\SE4050-Deep-Learning-Assignment\data\train\India\images\India_009287.jpg,India,1,0,0,0,1,['D40'],D40,val,3935
C:\Users\ASUS\Desktop\SLIIT\Year 4\Semester 2\Deep Learning\Assignment\SE4050-Deep-Learning-Assignment\data\train\India\images\India_009290.jpg,India,2,0,0,1,0,['D20'],D20,train,3936
C:\Users\ASUS\Desktop\SLIIT\Year 4\Semester 2\Deep Learning\Assignment\SE4050-Deep-Learning-Assignment\data\train\India\images\India_009294.jpg,India,2,1,0,1,0,"['D00', 'D20']",D00,train,3937
C:\Users\ASUS\Desktop\SLIIT\Year 4\Semester 2\Deep Learning\Assignment\SE4050-Deep-Learning-Assignment\data\train\India\images\India_009297.jpg,India,3,1,0,1,0,"['D00', 'D20']",D00,train,0
C:\Users\ASUS\Desktop\SLIIT\Year 4\Semester 2\Deep Learning\Assignment\SE4050-Deep-Learning-Assignment\data\train\India\images\India_009303.jpg,India,1,0,0,0,1,['D40'],D40,val,3938
C:\Users\ASUS\Desktop\SLIIT\Year 4\Semester 2\Deep Learning\Assignment\SE4050-Deep-Learning-Assignment\data\train\India\images\India_009304.jpg,India,2,1,0,1,0,"['D00', 'D20']",D00,train,3939
C:\Users\ASUS\Desktop\SLIIT\Year 4\Semester 2\Deep Learning\Assignment\SE4050-Deep-Learning-Assignment\data\train\India\images\India_009311.jpg,India,1,0,0,0,1,['D40'],D40,train,3940
C:\Users\ASUS\Desktop\SLIIT\Year 4\Semester 2\Deep Learning\Assignment\SE4050-Deep-Learning-Assignment\data\train\India\images\India_009317.jpg,India,4,0,0,1,1,"['D20', 'D40']",D20,val,3941
C:\Users\ASUS\Desktop\SLIIT\Year 4\Semester 2\Deep Learning\Assignment\SE4050-Deep-Learning-Assignment\data\train\India\images\India_009318.jpg,India,3,0,0,1,1,"['D20', 'D40']",D20,test,3942
C:\Users\ASUS\Desktop\SLIIT\Year 4\Semester 2\Deep Learning\Assignment\SE4050-Deep-Learning-Assignment\data\train\India\images\India_009320.jpg,India,1,1,0,0,0,['D00'],D00,test,3943
C:\Users\ASUS\Desktop\SLIIT\Year 4\Semester 2\Deep Learning\Assignment\SE4050-Deep-Learning-Assignment\data\train\India\images\India_009329.jpg,India,3,1,0,0,1,"['D00', 'D40']",D00,test,3944
C:\Users\ASUS\Desktop\SLIIT\Year 4\Semester 2\Deep Learning\Assignment\SE4050-Deep-Learning-Assignment\data\train\India\images\India_009331.jpg,India,1,1,0,0,0,['D00'],D00,train,3945
C:\Users\ASUS\Desktop\SLIIT\Year 4\Semester 2\Deep Learning\Assignment\SE4050-Deep-Learning-Assignment\data\train\India\images\India_009335.jpg,India,1,0,0,1,0,['D20'],D20,val,3946
C:\Users\ASUS\Desktop\SLIIT\Year 4\Semester 2\Deep Learning\Assignment\SE4050-Deep-Learning-Assignment\data\train\India\images\India_009337.jpg,India,2,0,1,0,1,"['D10', 'D40']",D10,train,3947
C:\Users\ASUS\Desktop\SLIIT\Year 4\Semester 2\Deep Learning\Assignment\SE4050-Deep-Learning-Assignment\data\train\India\images\India_009338.jpg,India,1,0,0,1,0,['D20'],D20,train,3948
C:\Users\ASUS\Desktop\SLIIT\Year 4\Semester 2\Deep Learning\Assignment\SE4050-Deep-Learning-Assignment\data\train\India\images\India_009339.jpg,India,2,0,0,1,1,"['D20', 'D40']",D20,val,3949
C:\Users\ASUS\Desktop\SLIIT\Year 4\Semester 2\Deep Learning\Assignment\SE4050-Deep-Learning-Assignment\data\train\India\images\India_009340.jpg,India,3,0,0,1,0,['D20'],D20,train,3950
C:\Users\ASUS\Desktop\SLIIT\Year 4\Semester 2\Deep Learning\Assignment\SE4050-Deep-Learning-Assignment\data\train\India\images\India_009346.jpg,India,2,0,0,0,1,['D40'],D40,val,3951
C:\Users\ASUS\Desktop\SLIIT\Year 4\Semester 2\Deep Learning\Assignment\SE4050-Deep-Learning-Assignment\data\train\India\images\India_009348.jpg,India,2,1,0,0,1,"['D00', 'D40']",D00,val,67
C:\Users\ASUS\Desktop\SLIIT\Year 4\Semester 2\Deep Learning\Assignment\SE4050-Deep-Learning-Assignment\data\train\India\images\India_009349.jpg,India,2,0,0,1,0,['D20'],D20,val,3952
C:\Users\ASUS\Desktop\SLIIT\Year 4\Semester 2\Deep Learning\Assignment\SE4050-Deep-Learning-Assignment\data\train\India\images\India_009353.jpg,India,3,1,0,0,0,['D00'],D00,train,3953
C:\Users\ASUS\Desktop\SLIIT\Year 4\Semester 2\Deep Learning\Assignment\SE4050-Deep-Learning-Assignment\data\train\India\images\India_009358.jpg,India,1,0,0,1,0,['D20'],D20,test,3954
C:\Users\ASUS\Desktop\SLIIT\Year 4\Semester 2\Deep Learning\Assignment\SE4050-Deep-Learning-Assignment\data\train\India\images\India_009359.jpg,India,1,0,0,0,1,['D40'],D40,train,3955
C:\Users\ASUS\Desktop\SLIIT\Year 4\Semester 2\Deep Learning\Assignment\SE4050-Deep-Learning-Assignment\data\train\India\images\India_009370.jpg,India,3,1,0,1,0,"['D00', 'D20']",D00,val,3956
C:\Users\ASUS\Desktop\SLIIT\Year 4\Semester 2\Deep Learning\Assignment\SE4050-Deep-Learning-Assignment\data\train\India\images\India_009373.jpg,India,2,0,0,1,0,['D20'],D20,train,3957
C:\Users\ASUS\Desktop\SLIIT\Year 4\Semester 2\Deep Learning\Assignment\SE4050-Deep-Learning-Assignment\data\train\India\images\India_009376.jpg,India,4,0,0,1,1,"['D20', 'D40']",D20,val,3958
C:\Users\ASUS\Desktop\SLIIT\Year 4\Semester 2\Deep Learning\Assignment\SE4050-Deep-Learning-Assignment\data\train\India\images\India_009377.jpg,India,1,0,0,0,1,['D40'],D40,train,3959
C:\Users\ASUS\Desktop\SLIIT\Year 4\Semester 2\Deep Learning\Assignment\SE4050-Deep-Learning-Assignment\data\train\India\images\India_009380.jpg,India,1,0,0,0,1,['D40'],D40,train,3960
C:\Users\ASUS\Desktop\SLIIT\Year 4\Semester 2\Deep Learning\Assignment\SE4050-Deep-Learning-Assignment\data\train\India\images\India_009381.jpg,India,4,1,0,0,1,"['D00', 'D40']",D00,train,3961
C:\Users\ASUS\Desktop\SLIIT\Year 4\Semester 2\Deep Learning\Assignment\SE4050-Deep-Learning-Assignment\data\train\India\images\India_009385.jpg,India,2,0,0,1,0,['D20'],D20,train,3962
C:\Users\ASUS\Desktop\SLIIT\Year 4\Semester 2\Deep Learning\Assignment\SE4050-Deep-Learning-Assignment\data\train\India\images\India_009389.jpg,India,4,1,0,0,1,"['D00', 'D40']",D00,train,3963
C:\Users\ASUS\Desktop\SLIIT\Year 4\Semester 2\Deep Learning\Assignment\SE4050-Deep-Learning-Assignment\data\train\India\images\India_009391.jpg,India,2,0,0,0,1,['D40'],D40,test,3964
C:\Users\ASUS\Desktop\SLIIT\Year 4\Semester 2\Deep Learning\Assignment\SE4050-Deep-Learning-Assignment\data\train\India\images\India_009392.jpg,India,2,0,0,1,1,"['D20', 'D40']",D20,train,3965
C:\Users\ASUS\Desktop\SLIIT\Year 4\Semester 2\Deep Learning\Assignment\SE4050-Deep-Learning-Assignment\data\train\India\images\India_009394.jpg,India,1,0,0,1,0,['D20'],D20,test,3966
C:\Users\ASUS\Desktop\SLIIT\Year 4\Semester 2\Deep Learning\Assignment\SE4050-Deep-Learning-Assignment\data\train\India\images\India_009397.jpg,India,3,0,0,0,1,['D40'],D40,train,3967
C:\Users\ASUS\Desktop\SLIIT\Year 4\Semester 2\Deep Learning\Assignment\SE4050-Deep-Learning-Assignment\data\train\India\images\India_009406.jpg,India,2,0,0,0,1,['D40'],D40,train,3968
C:\Users\ASUS\Desktop\SLIIT\Year 4\Semester 2\Deep Learning\Assignment\SE4050-Deep-Learning-Assignment\data\train\India\images\India_009408.jpg,India,2,1,0,0,0,['D00'],D00,train,3969
C:\Users\ASUS\Desktop\SLIIT\Year 4\Semester 2\Deep Learning\Assignment\SE4050-Deep-Learning-Assignment\data\train\India\images\India_009415.jpg,India,2,0,0,0,1,['D40'],D40,val,1
C:\Users\ASUS\Desktop\SLIIT\Year 4\Semester 2\Deep Learning\Assignment\SE4050-Deep-Learning-Assignment\data\train\India\images\India_009419.jpg,India,1,0,0,1,0,['D20'],D20,train,3970
C:\Users\ASUS\Desktop\SLIIT\Year 4\Semester 2\Deep Learning\Assignment\SE4050-Deep-Learning-Assignment\data\train\India\images\India_009421.jpg,India,1,0,0,1,0,['D20'],D20,train,3971
C:\Users\ASUS\Desktop\SLIIT\Year 4\Semester 2\Deep Learning\Assignment\SE4050-Deep-Learning-Assignment\data\train\India\images\India_009423.jpg,India,2,1,0,1,0,"['D00', 'D20']",D00,train,3972
C:\Users\ASUS\Desktop\SLIIT\Year 4\Semester 2\Deep Learning\Assignment\SE4050-Deep-Learning-Assignment\data\train\India\images\India_009425.jpg,India,1,1,0,0,0,['D00'],D00,train,3973
C:\Users\ASUS\Desktop\SLIIT\Year 4\Semester 2\Deep Learning\Assignment\SE4050-Deep-Learning-Assignment\data\train\India\images\India_009426.jpg,India,2,1,0,0,1,"['D00', 'D40']",D00,train,3974
C:\Users\ASUS\Desktop\SLIIT\Year 4\Semester 2\Deep Learning\Assignment\SE4050-Deep-Learning-Assignment\data\train\India\images\India_009428.jpg,India,2,1,0,1,0,"['D00', 'D20']",D00,train,3975
C:\Users\ASUS\Desktop\SLIIT\Year 4\Semester 2\Deep Learning\Assignment\SE4050-Deep-Learning-Assignment\data\train\India\images\India_009429.jpg,India,1,0,0,1,0,['D20'],D20,train,3976
C:\Users\ASUS\Desktop\SLIIT\Year 4\Semester 2\Deep Learning\Assignment\SE4050-Deep-Learning-Assignment\data\train\India\images\India_009430.jpg,India,4,0,0,1,1,"['D20', 'D40']",D20,train,3977
C:\Users\ASUS\Desktop\SLIIT\Year 4\Semester 2\Deep Learning\Assignment\SE4050-Deep-Learning-Assignment\data\train\India\images\India_009433.jpg,India,4,1,0,1,0,"['D00', 'D20']",D00,test,3978
C:\Users\ASUS\Desktop\SLIIT\Year 4\Semester 2\Deep Learning\Assignment\SE4050-Deep-Learning-Assignment\data\train\India\images\India_009434.jpg,India,6,1,0,1,1,"['D00', 'D20', 'D40']",D00,train,55
C:\Users\ASUS\Desktop\SLIIT\Year 4\Semester 2\Deep Learning\Assignment\SE4050-Deep-Learning-Assignment\data\train\India\images\India_009435.jpg,India,2,0,0,1,1,"['D20', 'D40']",D20,val,29
C:\Users\ASUS\Desktop\SLIIT\Year 4\Semester 2\Deep Learning\Assignment\SE4050-Deep-Learning-Assignment\data\train\India\images\India_009436.jpg,India,7,0,0,0,1,['D40'],D40,val,3979
C:\Users\ASUS\Desktop\SLIIT\Year 4\Semester 2\Deep Learning\Assignment\SE4050-Deep-Learning-Assignment\data\train\India\images\India_009439.jpg,India,2,1,0,1,0,"['D00', 'D20']",D00,train,3980
C:\Users\ASUS\Desktop\SLIIT\Year 4\Semester 2\Deep Learning\Assignment\SE4050-Deep-Learning-Assignment\data\train\India\images\India_009441.jpg,India,2,0,0,0,1,['D40'],D40,test,3981
C:\Users\ASUS\Desktop\SLIIT\Year 4\Semester 2\Deep Learning\Assignment\SE4050-Deep-Learning-Assignment\data\train\India\images\India_009442.jpg,India,3,1,0,1,0,"['D00', 'D20']",D00,test,3982
C:\Users\ASUS\Desktop\SLIIT\Year 4\Semester 2\Deep Learning\Assignment\SE4050-Deep-Learning-Assignment\data\train\India\images\India_009445.jpg,India,2,0,0,1,0,['D20'],D20,train,3983
C:\Users\ASUS\Desktop\SLIIT\Year 4\Semester 2\Deep Learning\Assignment\SE4050-Deep-Learning-Assignment\data\train\India\images\India_009446.jpg,India,1,1,0,0,0,['D00'],D00,train,3984
C:\Users\ASUS\Desktop\SLIIT\Year 4\Semester 2\Deep Learning\Assignment\SE4050-Deep-Learning-Assignment\data\train\India\images\India_009447.jpg,India,1,0,0,1,0,['D20'],D20,train,3985
C:\Users\ASUS\Desktop\SLIIT\Year 4\Semester 2\Deep Learning\Assignment\SE4050-Deep-Learning-Assignment\data\train\India\images\India_009448.jpg,India,1,0,0,0,1,['D40'],D40,test,3986
C:\Users\ASUS\Desktop\SLIIT\Year 4\Semester 2\Deep Learning\Assignment\SE4050-Deep-Learning-Assignment\data\train\India\images\India_009449.jpg,India,3,1,0,0,0,['D00'],D00,test,3987
C:\Users\ASUS\Desktop\SLIIT\Year 4\Semester 2\Deep Learning\Assignment\SE4050-Deep-Learning-Assignment\data\train\India\images\India_009451.jpg,India,1,0,0,1,0,['D20'],D20,train,3988
C:\Users\ASUS\Desktop\SLIIT\Year 4\Semester 2\Deep Learning\Assignment\SE4050-Deep-Learning-Assignment\data\train\India\images\India_009455.jpg,India,1,0,0,0,1,['D40'],D40,test,3989
C:\Users\ASUS\Desktop\SLIIT\Year 4\Semester 2\Deep Learning\Assignment\SE4050-Deep-Learning-Assignment\data\train\India\images\India_009458.jpg,India,2,0,0,1,1,"['D20', 'D40']",D20,train,3990
C:\Users\ASUS\Desktop\SLIIT\Year 4\Semester 2\Deep Learning\Assignment\SE4050-Deep-Learning-Assignment\data\train\India\images\India_009465.jpg,India,1,0,0,1,0,['D20'],D20,test,3991
C:\Users\ASUS\Desktop\SLIIT\Year 4\Semester 2\Deep Learning\Assignment\SE4050-Deep-Learning-Assignment\data\train\India\images\India_009469.jpg,India,2,1,0,0,0,['D00'],D00,train,3992
C:\Users\ASUS\Desktop\SLIIT\Year 4\Semester 2\Deep Learning\Assignment\SE4050-Deep-Learning-Assignment\data\train\India\images\India_009478.jpg,India,2,0,0,1,1,"['D20', 'D40']",D20,train,3993
C:\Users\ASUS\Desktop\SLIIT\Year 4\Semester 2\Deep Learning\Assignment\SE4050-Deep-Learning-Assignment\data\train\India\images\India_009486.jpg,India,1,0,0,1,0,['D20'],D20,test,3994
C:\Users\ASUS\Desktop\SLIIT\Year 4\Semester 2\Deep Learning\Assignment\SE4050-Deep-Learning-Assignment\data\train\India\images\India_009505.jpg,India,2,1,0,0,0,['D00'],D00,train,3995
C:\Users\ASUS\Desktop\SLIIT\Year 4\Semester 2\Deep Learning\Assignment\SE4050-Deep-Learning-Assignment\data\train\India\images\India_009510.jpg,India,4,0,0,1,1,"['D20', 'D40']",D20,train,3996
C:\Users\ASUS\Desktop\SLIIT\Year 4\Semester 2\Deep Learning\Assignment\SE4050-Deep-Learning-Assignment\data\train\India\images\India_009517.jpg,India,3,0,0,1,1,"['D20', 'D40']",D20,train,3997
C:\Users\ASUS\Desktop\SLIIT\Year 4\Semester 2\Deep Learning\Assignment\SE4050-Deep-Learning-Assignment\data\train\India\images\India_009526.jpg,India,1,0,0,0,1,['D40'],D40,train,3998
C:\Users\ASUS\Desktop\SLIIT\Year 4\Semester 2\Deep Learning\Assignment\SE4050-Deep-Learning-Assignment\data\train\India\images\India_009528.jpg,India,3,1,0,0,1,"['D00', 'D40']",D00,train,81
C:\Users\ASUS\Desktop\SLIIT\Year 4\Semester 2\Deep Learning\Assignment\SE4050-Deep-Learning-Assignment\data\train\India\images\India_009536.jpg,India,4,0,0,1,1,"['D20', 'D40']",D20,test,3999
C:\Users\ASUS\Desktop\SLIIT\Year 4\Semester 2\Deep Learning\Assignment\SE4050-Deep-Learning-Assignment\data\train\India\images\India_009541.jpg,India,2,0,0,1,0,['D20'],D20,train,4000
C:\Users\ASUS\Desktop\SLIIT\Year 4\Semester 2\Deep Learning\Assignment\SE4050-Deep-Learning-Assignment\data\train\India\images\India_009544.jpg,India,2,0,0,0,1,['D40'],D40,train,33
C:\Users\ASUS\Desktop\SLIIT\Year 4\Semester 2\Deep Learning\Assignment\SE4050-Deep-Learning-Assignment\data\train\India\images\India_009546.jpg,India,1,1,0,0,0,['D00'],D00,val,1
C:\Users\ASUS\Desktop\SLIIT\Year 4\Semester 2\Deep Learning\Assignment\SE4050-Deep-Learning-Assignment\data\train\India\images\India_009553.jpg,India,6,0,0,1,1,"['D20', 'D40']",D20,train,4001
C:\Users\ASUS\Desktop\SLIIT\Year 4\Semester 2\Deep Learning\Assignment\SE4050-Deep-Learning-Assignment\data\train\India\images\India_009556.jpg,India,1,0,0,1,0,['D20'],D20,train,4002
C:\Users\ASUS\Desktop\SLIIT\Year 4\Semester 2\Deep Learning\Assignment\SE4050-Deep-Learning-Assignment\data\train\India\images\India_009564.jpg,India,3,1,0,0,1,"['D00', 'D40']",D00,train,4003
C:\Users\ASUS\Desktop\SLIIT\Year 4\Semester 2\Deep Learning\Assignment\SE4050-Deep-Learning-Assignment\data\train\India\images\India_009568.jpg,India,3,0,0,1,0,['D20'],D20,train,4004
C:\Users\ASUS\Desktop\SLIIT\Year 4\Semester 2\Deep Learning\Assignment\SE4050-Deep-Learning-Assignment\data\train\India\images\India_009573.jpg,India,3,1,0,1,1,"['D00', 'D20', 'D40']",D00,train,4005
C:\Users\ASUS\Desktop\SLIIT\Year 4\Semester 2\Deep Learning\Assignment\SE4050-Deep-Learning-Assignment\data\train\India\images\India_009574.jpg,India,2,0,0,1,0,['D20'],D20,train,4006
C:\Users\ASUS\Desktop\SLIIT\Year 4\Semester 2\Deep Learning\Assignment\SE4050-Deep-Learning-Assignment\data\train\India\images\India_009579.jpg,India,1,0,0,0,1,['D40'],D40,val,4007
C:\Users\ASUS\Desktop\SLIIT\Year 4\Semester 2\Deep Learning\Assignment\SE4050-Deep-Learning-Assignment\data\train\India\images\India_009581.jpg,India,2,0,0,1,1,"['D20', 'D40']",D20,train,7
C:\Users\ASUS\Desktop\SLIIT\Year 4\Semester 2\Deep Learning\Assignment\SE4050-Deep-Learning-Assignment\data\train\India\images\India_009583.jpg,India,2,1,0,0,0,['D00'],D00,train,4008
C:\Users\ASUS\Desktop\SLIIT\Year 4\Semester 2\Deep Learning\Assignment\SE4050-Deep-Learning-Assignment\data\train\India\images\India_009586.jpg,India,4,0,0,1,1,"['D20', 'D40']",D20,train,4009
C:\Users\ASUS\Desktop\SLIIT\Year 4\Semester 2\Deep Learning\Assignment\SE4050-Deep-Learning-Assignment\data\train\India\images\India_009588.jpg,India,1,1,0,0,0,['D00'],D00,train,4010
C:\Users\ASUS\Desktop\SLIIT\Year 4\Semester 2\Deep Learning\Assignment\SE4050-Deep-Learning-Assignment\data\train\India\images\India_009592.jpg,India,1,0,0,1,0,['D20'],D20,test,4011
C:\Users\ASUS\Desktop\SLIIT\Year 4\Semester 2\Deep Learning\Assignment\SE4050-Deep-Learning-Assignment\data\train\India\images\India_009593.jpg,India,3,1,0,1,1,"['D00', 'D20', 'D40']",D00,train,11
C:\Users\ASUS\Desktop\SLIIT\Year 4\Semester 2\Deep Learning\Assignment\SE4050-Deep-Learning-Assignment\data\train\India\images\India_009595.jpg,India,3,0,0,1,0,['D20'],D20,val,4012
C:\Users\ASUS\Desktop\SLIIT\Year 4\Semester 2\Deep Learning\Assignment\SE4050-Deep-Learning-Assignment\data\train\India\images\India_009597.jpg,India,1,1,0,0,0,['D00'],D00,train,4013
C:\Users\ASUS\Desktop\SLIIT\Year 4\Semester 2\Deep Learning\Assignment\SE4050-Deep-Learning-Assignment\data\train\India\images\India_009600.jpg,India,2,0,0,1,0,['D20'],D20,train,4014
C:\Users\ASUS\Desktop\SLIIT\Year 4\Semester 2\Deep Learning\Assignment\SE4050-Deep-Learning-Assignment\data\train\India\images\India_009603.jpg,India,4,0,0,0,1,['D40'],D40,train,4015
C:\Users\ASUS\Desktop\SLIIT\Year 4\Semester 2\Deep Learning\Assignment\SE4050-Deep-Learning-Assignment\data\train\India\images\India_009605.jpg,India,3,0,0,1,1,"['D20', 'D40']",D20,val,4016
C:\Users\ASUS\Desktop\SLIIT\Year 4\Semester 2\Deep Learning\Assignment\SE4050-Deep-Learning-Assignment\data\train\India\images\India_009607.jpg,India,1,0,0,1,0,['D20'],D20,train,4017
C:\Users\ASUS\Desktop\SLIIT\Year 4\Semester 2\Deep Learning\Assignment\SE4050-Deep-Learning-Assignment\data\train\India\images\India_009612.jpg,India,4,0,0,1,1,"['D20', 'D40']",D20,test,4018
C:\Users\ASUS\Desktop\SLIIT\Year 4\Semester 2\Deep Learning\Assignment\SE4050-Deep-Learning-Assignment\data\train\India\images\India_009618.jpg,India,2,1,0,1,0,"['D00', 'D20']",D00,train,4019
C:\Users\ASUS\Desktop\SLIIT\Year 4\Semester 2\Deep Learning\Assignment\SE4050-Deep-Learning-Assignment\data\train\India\images\India_009619.jpg,India,3,0,0,1,1,"['D20', 'D40']",D20,val,4020
C:\Users\ASUS\Desktop\SLIIT\Year 4\Semester 2\Deep Learning\Assignment\SE4050-Deep-Learning-Assignment\data\train\India\images\India_009625.jpg,India,1,1,0,0,0,['D00'],D00,test,4021
C:\Users\ASUS\Desktop\SLIIT\Year 4\Semester 2\Deep Learning\Assignment\SE4050-Deep-Learning-Assignment\data\train\India\images\India_009628.jpg,India,3,1,0,1,0,"['D00', 'D20']",D00,train,4022
C:\Users\ASUS\Desktop\SLIIT\Year 4\Semester 2\Deep Learning\Assignment\SE4050-Deep-Learning-Assignment\data\train\India\images\India_009630.jpg,India,4,0,0,1,1,"['D20', 'D40']",D20,test,4023
C:\Users\ASUS\Desktop\SLIIT\Year 4\Semester 2\Deep Learning\Assignment\SE4050-Deep-Learning-Assignment\data\train\India\images\India_009633.jpg,India,2,0,0,1,1,"['D20', 'D40']",D20,val,4024
C:\Users\ASUS\Desktop\SLIIT\Year 4\Semester 2\Deep Learning\Assignment\SE4050-Deep-Learning-Assignment\data\train\India\images\India_009638.jpg,India,2,0,0,0,1,['D40'],D40,train,4025
C:\Users\ASUS\Desktop\SLIIT\Year 4\Semester 2\Deep Learning\Assignment\SE4050-Deep-Learning-Assignment\data\train\India\images\India_009640.jpg,India,2,0,0,1,1,"['D20', 'D40']",D20,train,4026
C:\Users\ASUS\Desktop\SLIIT\Year 4\Semester 2\Deep Learning\Assignment\SE4050-Deep-Learning-Assignment\data\train\India\images\India_009641.jpg,India,1,0,0,1,0,['D20'],D20,test,4027
C:\Users\ASUS\Desktop\SLIIT\Year 4\Semester 2\Deep Learning\Assignment\SE4050-Deep-Learning-Assignment\data\train\India\images\India_009644.jpg,India,2,0,0,1,0,['D20'],D20,val,4028
C:\Users\ASUS\Desktop\SLIIT\Year 4\Semester 2\Deep Learning\Assignment\SE4050-Deep-Learning-Assignment\data\train\India\images\India_009647.jpg,India,1,0,0,1,0,['D20'],D20,train,4029
C:\Users\ASUS\Desktop\SLIIT\Year 4\Semester 2\Deep Learning\Assignment\SE4050-Deep-Learning-Assignment\data\train\India\images\India_009649.jpg,India,1,0,0,1,0,['D20'],D20,train,4030
C:\Users\ASUS\Desktop\SLIIT\Year 4\Semester 2\Deep Learning\Assignment\SE4050-Deep-Learning-Assignment\data\train\India\images\India_009650.jpg,India,1,0,0,1,0,['D20'],D20,train,4031
C:\Users\ASUS\Desktop\SLIIT\Year 4\Semester 2\Deep Learning\Assignment\SE4050-Deep-Learning-Assignment\data\train\India\images\India_009654.jpg,India,2,0,0,1,0,['D20'],D20,test,4032
C:\Users\ASUS\Desktop\SLIIT\Year 4\Semester 2\Deep Learning\Assignment\SE4050-Deep-Learning-Assignment\data\train\India\images\India_009655.jpg,India,1,1,0,0,0,['D00'],D00,train,4033
C:\Users\ASUS\Desktop\SLIIT\Year 4\Semester 2\Deep Learning\Assignment\SE4050-Deep-Learning-Assignment\data\train\India\images\India_009656.jpg,India,3,1,0,0,1,"['D00', 'D40']",D00,train,4034
C:\Users\ASUS\Desktop\SLIIT\Year 4\Semester 2\Deep Learning\Assignment\SE4050-Deep-Learning-Assignment\data\train\India\images\India_009663.jpg,India,3,0,0,1,1,"['D20', 'D40']",D20,val,4035
C:\Users\ASUS\Desktop\SLIIT\Year 4\Semester 2\Deep Learning\Assignment\SE4050-Deep-Learning-Assignment\data\train\India\images\India_009664.jpg,India,1,0,0,1,0,['D20'],D20,test,4036
C:\Users\ASUS\Desktop\SLIIT\Year 4\Semester 2\Deep Learning\Assignment\SE4050-Deep-Learning-Assignment\data\train\India\images\India_009666.jpg,India,2,1,0,1,0,"['D00', 'D20']",D00,train,4037
C:\Users\ASUS\Desktop\SLIIT\Year 4\Semester 2\Deep Learning\Assignment\SE4050-Deep-Learning-Assignment\data\train\India\images\India_009667.jpg,India,4,0,0,0,1,['D40'],D40,train,4038
C:\Users\ASUS\Desktop\SLIIT\Year 4\Semester 2\Deep Learning\Assignment\SE4050-Deep-Learning-Assignment\data\train\India\images\India_009669.jpg,India,1,1,0,0,0,['D00'],D00,train,10
C:\Users\ASUS\Desktop\SLIIT\Year 4\Semester 2\Deep Learning\Assignment\SE4050-Deep-Learning-Assignment\data\train\India\images\India_009675.jpg,India,1,0,0,1,0,['D20'],D20,test,4039
C:\Users\ASUS\Desktop\SLIIT\Year 4\Semester 2\Deep Learning\Assignment\SE4050-Deep-Learning-Assignment\data\train\India\images\India_009677.jpg,India,2,0,0,1,0,['D20'],D20,train,4040
C:\Users\ASUS\Desktop\SLIIT\Year 4\Semester 2\Deep Learning\Assignment\SE4050-Deep-Learning-Assignment\data\train\India\images\India_009678.jpg,India,2,0,0,0,1,['D40'],D40,train,4041
C:\Users\ASUS\Desktop\SLIIT\Year 4\Semester 2\Deep Learning\Assignment\SE4050-Deep-Learning-Assignment\data\train\India\images\India_009679.jpg,India,1,0,0,0,1,['D40'],D40,val,4042
C:\Users\ASUS\Desktop\SLIIT\Year 4\Semester 2\Deep Learning\Assignment\SE4050-Deep-Learning-Assignment\data\train\India\images\India_009682.jpg,India,1,0,0,0,1,['D40'],D40,train,4043
C:\Users\ASUS\Desktop\SLIIT\Year 4\Semester 2\Deep Learning\Assignment\SE4050-Deep-Learning-Assignment\data\train\India\images\India_009685.jpg,India,1,0,0,0,1,['D40'],D40,train,4044
C:\Users\ASUS\Desktop\SLIIT\Year 4\Semester 2\Deep Learning\Assignment\SE4050-Deep-Learning-Assignment\data\train\India\images\India_009687.jpg,India,3,1,0,0,0,['D00'],D00,val,4045
C:\Users\ASUS\Desktop\SLIIT\Year 4\Semester 2\Deep Learning\Assignment\SE4050-Deep-Learning-Assignment\data\train\India\images\India_009688.jpg,India,4,0,0,0,1,['D40'],D40,train,4046
C:\Users\ASUS\Desktop\SLIIT\Year 4\Semester 2\Deep Learning\Assignment\SE4050-Deep-Learning-Assignment\data\train\India\images\India_009691.jpg,India,2,0,0,0,1,['D40'],D40,train,4047
C:\Users\ASUS\Desktop\SLIIT\Year 4\Semester 2\Deep Learning\Assignment\SE4050-Deep-Learning-Assignment\data\train\India\images\India_009696.jpg,India,1,0,0,1,0,['D20'],D20,train,4048
C:\Users\ASUS\Desktop\SLIIT\Year 4\Semester 2\Deep Learning\Assignment\SE4050-Deep-Learning-Assignment\data\train\India\images\India_009698.jpg,India,2,1,0,1,0,"['D00', 'D20']",D00,train,4049
C:\Users\ASUS\Desktop\SLIIT\Year 4\Semester 2\Deep Learning\Assignment\SE4050-Deep-Learning-Assignment\data\train\India\images\India_009707.jpg,India,2,0,0,1,0,['D20'],D20,val,4050
C:\Users\ASUS\Desktop\SLIIT\Year 4\Semester 2\Deep Learning\Assignment\SE4050-Deep-Learning-Assignment\data\train\India\images\India_009715.jpg,India,1,1,0,0,0,['D00'],D00,train,4051
C:\Users\ASUS\Desktop\SLIIT\Year 4\Semester 2\Deep Learning\Assignment\SE4050-Deep-Learning-Assignment\data\train\India\images\India_009716.jpg,India,2,1,0,0,0,['D00'],D00,train,4052
C:\Users\ASUS\Desktop\SLIIT\Year 4\Semester 2\Deep Learning\Assignment\SE4050-Deep-Learning-Assignment\data\train\India\images\India_009719.jpg,India,1,0,0,1,0,['D20'],D20,train,0
C:\Users\ASUS\Desktop\SLIIT\Year 4\Semester 2\Deep Learning\Assignment\SE4050-Deep-Learning-Assignment\data\train\India\images\India_009723.jpg,India,2,0,0,1,1,"['D20', 'D40']",D20,train,4053
C:\Users\ASUS\Desktop\SLIIT\Year 4\Semester 2\Deep Learning\Assignment\SE4050-Deep-Learning-Assignment\data\train\India\images\India_009725.jpg,India,4,1,0,1,1,"['D00', 'D20', 'D40']",D00,train,4054
C:\Users\ASUS\Desktop\SLIIT\Year 4\Semester 2\Deep Learning\Assignment\SE4050-Deep-Learning-Assignment\data\train\India\images\India_009734.jpg,India,6,0,0,1,1,"['D20', 'D40']",D20,train,4055
C:\Users\ASUS\Desktop\SLIIT\Year 4\Semester 2\Deep Learning\Assignment\SE4050-Deep-Learning-Assignment\data\train\India\images\India_009735.jpg,India,2,0,0,0,1,['D40'],D40,train,4056
C:\Users\ASUS\Desktop\SLIIT\Year 4\Semester 2\Deep Learning\Assignment\SE4050-Deep-Learning-Assignment\data\train\India\images\India_009737.jpg,India,3,1,0,0,0,['D00'],D00,test,4057
C:\Users\ASUS\Desktop\SLIIT\Year 4\Semester 2\Deep Learning\Assignment\SE4050-Deep-Learning-Assignment\data\train\India\images\India_009742.jpg,India,3,0,0,1,1,"['D20', 'D40']",D20,train,4058
C:\Users\ASUS\Desktop\SLIIT\Year 4\Semester 2\Deep Learning\Assignment\SE4050-Deep-Learning-Assignment\data\train\India\images\India_009743.jpg,India,1,0,0,1,0,['D20'],D20,val,4059
C:\Users\ASUS\Desktop\SLIIT\Year 4\Semester 2\Deep Learning\Assignment\SE4050-Deep-Learning-Assignment\data\train\India\images\India_009744.jpg,India,2,0,0,1,0,['D20'],D20,train,4060
C:\Users\ASUS\Desktop\SLIIT\Year 4\Semester 2\Deep Learning\Assignment\SE4050-Deep-Learning-Assignment\data\train\India\images\India_009748.jpg,India,3,0,0,0,1,['D40'],D40,train,4061
C:\Users\ASUS\Desktop\SLIIT\Year 4\Semester 2\Deep Learning\Assignment\SE4050-Deep-Learning-Assignment\data\train\India\images\India_009750.jpg,India,1,0,0,1,0,['D20'],D20,train,4062
C:\Users\ASUS\Desktop\SLIIT\Year 4\Semester 2\Deep Learning\Assignment\SE4050-Deep-Learning-Assignment\data\train\India\images\India_009751.jpg,India,2,0,0,1,0,['D20'],D20,train,0
C:\Users\ASUS\Desktop\SLIIT\Year 4\Semester 2\Deep Learning\Assignment\SE4050-Deep-Learning-Assignment\data\train\India\images\India_009752.jpg,India,1,0,0,0,1,['D40'],D40,train,4063
C:\Users\ASUS\Desktop\SLIIT\Year 4\Semester 2\Deep Learning\Assignment\SE4050-Deep-Learning-Assignment\data\train\India\images\India_009755.jpg,India,1,0,0,1,0,['D20'],D20,train,4064
C:\Users\ASUS\Desktop\SLIIT\Year 4\Semester 2\Deep Learning\Assignment\SE4050-Deep-Learning-Assignment\data\train\India\images\India_009756.jpg,India,4,1,0,1,1,"['D00', 'D20', 'D40']",D00,train,4065
C:\Users\ASUS\Desktop\SLIIT\Year 4\Semester 2\Deep Learning\Assignment\SE4050-Deep-Learning-Assignment\data\train\India\images\India_009763.jpg,India,1,0,0,0,1,['D40'],D40,test,4066
C:\Users\ASUS\Desktop\SLIIT\Year 4\Semester 2\Deep Learning\Assignment\SE4050-Deep-Learning-Assignment\data\train\India\images\India_009765.jpg,India,2,0,0,0,1,['D40'],D40,train,4067
C:\Users\ASUS\Desktop\SLIIT\Year 4\Semester 2\Deep Learning\Assignment\SE4050-Deep-Learning-Assignment\data\train\India\images\India_009766.jpg,India,1,0,0,1,0,['D20'],D20,train,4068
C:\Users\ASUS\Desktop\SLIIT\Year 4\Semester 2\Deep Learning\Assignment\SE4050-Deep-Learning-Assignment\data\train\India\images\India_009775.jpg,India,3,1,0,1,0,"['D00', 'D20']",D00,train,4069
C:\Users\ASUS\Desktop\SLIIT\Year 4\Semester 2\Deep Learning\Assignment\SE4050-Deep-Learning-Assignment\data\train\India\images\India_009782.jpg,India,1,0,0,0,1,['D40'],D40,test,4070
C:\Users\ASUS\Desktop\SLIIT\Year 4\Semester 2\Deep Learning\Assignment\SE4050-Deep-Learning-Assignment\data\train\India\images\India_009785.jpg,India,2,1,0,0,1,"['D00', 'D40']",D00,test,4071
C:\Users\ASUS\Desktop\SLIIT\Year 4\Semester 2\Deep Learning\Assignment\SE4050-Deep-Learning-Assignment\data\train\India\images\India_009792.jpg,India,3,0,0,0,1,['D40'],D40,train,62
C:\Users\ASUS\Desktop\SLIIT\Year 4\Semester 2\Deep Learning\Assignment\SE4050-Deep-Learning-Assignment\data\train\India\images\India_009793.jpg,India,1,0,0,1,0,['D20'],D20,train,53
C:\Users\ASUS\Desktop\SLIIT\Year 4\Semester 2\Deep Learning\Assignment\SE4050-Deep-Learning-Assignment\data\train\India\images\India_009794.jpg,India,4,0,0,0,1,['D40'],D40,test,4072
C:\Users\ASUS\Desktop\SLIIT\Year 4\Semester 2\Deep Learning\Assignment\SE4050-Deep-Learning-Assignment\data\train\India\images\India_009797.jpg,India,2,0,0,1,0,['D20'],D20,train,4073
C:\Users\ASUS\Desktop\SLIIT\Year 4\Semester 2\Deep Learning\Assignment\SE4050-Deep-Learning-Assignment\data\train\India\images\India_009807.jpg,India,1,0,0,1,0,['D20'],D20,val,4074
C:\Users\ASUS\Desktop\SLIIT\Year 4\Semester 2\Deep Learning\Assignment\SE4050-Deep-Learning-Assignment\data\train\India\images\India_009813.jpg,India,1,0,0,0,1,['D40'],D40,train,4075
C:\Users\ASUS\Desktop\SLIIT\Year 4\Semester 2\Deep Learning\Assignment\SE4050-Deep-Learning-Assignment\data\train\India\images\India_009815.jpg,India,3,0,0,1,0,['D20'],D20,train,4076
C:\Users\ASUS\Desktop\SLIIT\Year 4\Semester 2\Deep Learning\Assignment\SE4050-Deep-Learning-Assignment\data\train\India\images\India_009817.jpg,India,6,1,0,1,1,"['D00', 'D20', 'D40']",D00,train,76
C:\Users\ASUS\Desktop\SLIIT\Year 4\Semester 2\Deep Learning\Assignment\SE4050-Deep-Learning-Assignment\data\train\India\images\India_009818.jpg,India,2,1,0,0,0,['D00'],D00,test,4077
C:\Users\ASUS\Desktop\SLIIT\Year 4\Semester 2\Deep Learning\Assignment\SE4050-Deep-Learning-Assignment\data\train\India\images\India_009826.jpg,India,1,0,0,0,1,['D40'],D40,test,4078
C:\Users\ASUS\Desktop\SLIIT\Year 4\Semester 2\Deep Learning\Assignment\SE4050-Deep-Learning-Assignment\data\train\India\images\India_009830.jpg,India,4,1,0,1,1,"['D00', 'D20', 'D40']",D00,train,4079
C:\Users\ASUS\Desktop\SLIIT\Year 4\Semester 2\Deep Learning\Assignment\SE4050-Deep-Learning-Assignment\data\train\India\images\India_009832.jpg,India,1,0,0,0,1,['D40'],D40,train,4080
C:\Users\ASUS\Desktop\SLIIT\Year 4\Semester 2\Deep Learning\Assignment\SE4050-Deep-Learning-Assignment\data\train\India\images\India_009834.jpg,India,2,1,0,0,0,['D00'],D00,train,4081
C:\Users\ASUS\Desktop\SLIIT\Year 4\Semester 2\Deep Learning\Assignment\SE4050-Deep-Learning-Assignment\data\train\India\images\India_009836.jpg,India,2,0,0,0,1,['D40'],D40,train,4082
C:\Users\ASUS\Desktop\SLIIT\Year 4\Semester 2\Deep Learning\Assignment\SE4050-Deep-Learning-Assignment\data\train\India\images\India_009841.jpg,India,4,0,0,1,1,"['D20', 'D40']",D20,train,4083
C:\Users\ASUS\Desktop\SLIIT\Year 4\Semester 2\Deep Learning\Assignment\SE4050-Deep-Learning-Assignment\data\train\India\images\India_009842.jpg,India,3,1,1,0,0,"['D00', 'D10']",D00,train,4084
C:\Users\ASUS\Desktop\SLIIT\Year 4\Semester 2\Deep Learning\Assignment\SE4050-Deep-Learning-Assignment\data\train\India\images\India_009847.jpg,India,1,1,0,0,0,['D00'],D00,train,4085
C:\Users\ASUS\Desktop\SLIIT\Year 4\Semester 2\Deep Learning\Assignment\SE4050-Deep-Learning-Assignment\data\train\India\images\India_009848.jpg,India,3,1,0,0,0,['D00'],D00,test,4086
C:\Users\ASUS\Desktop\SLIIT\Year 4\Semester 2\Deep Learning\Assignment\SE4050-Deep-Learning-Assignment\data\train\India\images\India_009856.jpg,India,8,0,0,0,1,['D40'],D40,train,4087
C:\Users\ASUS\Desktop\SLIIT\Year 4\Semester 2\Deep Learning\Assignment\SE4050-Deep-Learning-Assignment\data\train\India\images\India_009863.jpg,India,2,0,0,0,1,['D40'],D40,test,4088
C:\Users\ASUS\Desktop\SLIIT\Year 4\Semester 2\Deep Learning\Assignment\SE4050-Deep-Learning-Assignment\data\train\India\images\India_009864.jpg,India,2,0,0,1,1,"['D20', 'D40']",D20,train,4089
C:\Users\ASUS\Desktop\SLIIT\Year 4\Semester 2\Deep Learning\Assignment\SE4050-Deep-Learning-Assignment\data\train\India\images\India_009869.jpg,India,1,0,0,0,1,['D40'],D40,train,4090
C:\Users\ASUS\Desktop\SLIIT\Year 4\Semester 2\Deep Learning\Assignment\SE4050-Deep-Learning-Assignment\data\train\India\images\India_009873.jpg,India,1,0,0,1,0,['D20'],D20,train,12
C:\Users\ASUS\Desktop\SLIIT\Year 4\Semester 2\Deep Learning\Assignment\SE4050-Deep-Learning-Assignment\data\train\India\images\India_009880.jpg,India,2,0,0,1,0,['D20'],D20,val,4091
C:\Users\ASUS\Desktop\SLIIT\Year 4\Semester 2\Deep Learning\Assignment\SE4050-Deep-Learning-Assignment\data\train\India\images\India_009881.jpg,India,3,0,0,0,1,['D40'],D40,val,45
C:\Users\ASUS\Desktop\SLIIT\Year 4\Semester 2\Deep Learning\Assignment\SE4050-Deep-Learning-Assignment\data\train\India\images\India_009884.jpg,India,1,1,0,0,0,['D00'],D00,train,4092
C:\Users\ASUS\Desktop\SLIIT\Year 4\Semester 2\Deep Learning\Assignment\SE4050-Deep-Learning-Assignment\data\train\India\images\India_009888.jpg,India,4,1,0,0,0,['D00'],D00,test,4093
C:\Users\ASUS\Desktop\SLIIT\Year 4\Semester 2\Deep Learning\Assignment\SE4050-Deep-Learning-Assignment\data\train\India\images\India_009890.jpg,India,2,0,0,0,1,['D40'],D40,train,4094
